age,gender,married,has_children,n_unique_destinations,avg_flight_fare_usd,total_flight_fare_usd,total_flights_booked,total_hotels_booked,total_flight_discount,avg_flight_discount,flight_discount_ratio,avg_flight_discount_percentage,avg_checked_bags,total_cancellations,cancellation_rate,flight_hotel_combo_ratio,hotel_booking_ratio,cluster
66,0.0,1,0,0,0.0,0.0,0,2,0,0.0,0.0,0.0,0.0,0,0.0,0.0,0.99999950000025,2
53,0.0,1,0,2,432.04499999999996,864.0899999999999,2,2,0,0.0,0.0,0.0,0.499999750000125,0,0.0,0.24999996875000394,0.49999987500003124,2
52,0.0,1,1,1,189.91,189.91,1,2,2,0.25,1.9999980000020001,0.010531304246583623,0.0,0,0.0,0.12499998437500197,0.6666664444445185,1
45,0.0,1,0,5,248.532,1242.66,5,5,2,0.25,0.399999920000016,0.0016094506931828086,0.399999920000016,0,0.0,0.6249999218750099,0.499999950000005,4
46,0.0,1,1,1,13902.06,27804.12,2,2,1,0.125,0.499999750000125,3.596589282322311e-05,4.99999750000125,1,0.24999993750001562,0.24999996875000394,0.49999987500003124,5
53,0.0,0,1,3,779.7633333333333,2339.29,3,4,2,0.25,0.6666664444445185,0.0008549602653561721,0.9999996666667778,0,0.0,0.24999996875000394,0.57142848979593,1
53,0.0,1,1,1,384.68,384.68,1,1,2,0.25,1.9999980000020001,0.005199126533224689,0.0,0,0.0,0.12499998437500197,0.499999750000125,1
41,0.0,1,0,3,584.4399999999999,1753.32,3,3,1,0.1111111111111111,0.33333322222225925,0.0005703465422339638,0.6666664444445185,0,0.0,0.33333329629630043,0.49999991666668053,4
20,0.0,0,0,1,423.51,423.51,1,0,0,0.0,0.0,0.0,0.0,0,0.0,0.0,0.0,0
52,0.0,0,1,5,385.732,1928.66,5,5,1,0.125,0.199999960000008,0.0005184947059002132,0.399999920000016,0,0.0,0.6249999218750099,0.499999950000005,4
39,0.0,0,0,1,367.83,367.83,1,1,1,0.125,0.9999990000010001,0.002718647193761664,1.9999980000020001,0,0.0,0.12499998437500197,0.499999750000125,2
47,0.0,0,1,3,218.95666666666662,656.8699999999999,3,3,0,0.0,0.0,0.0,0.33333322222225925,0,0.0,0.3749999531250059,0.49999991666668053,4
47,0.0,1,1,1,93.62,93.62,1,1,0,0.0,0.0,0.0,0.9999990000010001,0,0.0,0.12499998437500197,0.499999750000125,2
49,0.0,1,0,1,328.32,328.32,1,1,2,0.25,1.9999980000020001,0.0060916179151692925,0.9999990000010001,0,0.0,0.12499998437500197,0.499999750000125,1
19,0.0,0,0,0,0.0,0.0,0,0,1,0.125,1000000.0,1000000.0,0.0,0,0.0,0.0,0.0,0
26,0.0,0,0,2,3679.3566666666666,11038.07,3,2,3,0.375,0.9999996666667778,0.00027178664383612476,0.33333322222225925,2,0.399999920000016,0.24999996875000394,0.399999920000016,5
33,0.0,0,0,3,1075.4966666666667,3226.49,3,3,1,0.125,0.33333322222225925,0.0003099343248204909,0.33333322222225925,1,0.16666663888889352,0.3749999531250059,0.49999991666668053,7
30,0.0,0,0,2,554.625,1109.25,2,3,1,0.1111111111111111,0.499999750000125,0.0009015100284863555,0.499999750000125,0,0.0,0.22222219753086697,0.599999880000024,2
55,0.0,1,0,2,346.4766666666667,1039.43,3,3,2,0.25,0.6666664444445185,0.001924131493295237,0.9999996666667778,0,0.0,0.3749999531250059,0.49999991666668053,1
21,0.0,0,1,1,537.67,537.67,1,1,1,0.125,0.9999990000010001,0.001859876872691657,0.9999990000010001,1,0.499999750000125,0.12499998437500197,0.499999750000125,7
56,0.0,1,1,3,414.19,1242.57,3,3,1,0.125,0.33333322222225925,0.0008047836332723438,0.6666664444445185,0,0.0,0.3749999531250059,0.49999991666668053,4
37,0.0,0,1,1,1244.31,1244.31,1,2,1,0.125,0.9999990000010001,0.0008036582517188977,1.9999980000020001,0,0.0,0.12499998437500197,0.6666664444445185,2
39,0.0,0,0,4,416.2,2081.0,5,5,0,0.0,0.0,0.0,0.399999920000016,0,0.0,0.5555554938271674,0.499999950000005,4
30,0.0,0,0,1,394.29,394.29,1,1,1,0.125,0.9999990000010001,0.0025362043101874146,0.0,0,0.0,0.12499998437500197,0.499999750000125,2
42,1.0,0,0,3,475.9657142857142,3331.7599999999998,7,7,3,0.375,0.4285713673469475,0.0009004250003300284,1.2857141020408425,1,0.07142856632653098,0.8749998906250137,0.49999996428571686,7
40,0.0,1,0,4,991.126,4955.63,5,4,3,0.375,0.599999880000024,0.0006053720716426827,0.599999880000024,2,0.22222219753086697,0.4999999375000079,0.44444439506173394,7
42,0.0,1,1,2,916.1166666666667,2748.35,3,3,1,0.1111111111111111,0.33333322222225925,0.0003638546763098388,0.33333322222225925,0,0.0,0.33333329629630043,0.49999991666668053,2
41,0.0,0,1,4,261.64750000000004,1046.5900000000001,4,3,1,0.125,0.24999993750001562,0.000955483999507463,0.24999993750001562,0,0.0,0.3749999531250059,0.4285713673469475,4
24,0.0,0,0,1,2500.87,5001.74,2,2,4,0.5,1.9999990000005,0.0007997216966896077,1.9999990000005,1,0.24999993750001562,0.24999996875000394,0.49999987500003124,7
21,0.0,1,1,0,0.0,0.0,0,0,1,0.1111111111111111,1000000.0,1000000.0,0.0,0,0.0,0.0,0.0,0
40,0.0,0,1,1,539.57,539.57,1,2,2,0.25,1.9999980000020001,0.0037066552927207674,0.0,0,0.0,0.12499998437500197,0.6666664444445185,1
42,0.0,0,0,4,484.584,2422.92,5,4,2,0.2222222222222222,0.399999920000016,0.000825450282788763,0.199999960000008,1,0.11111109876543349,0.44444439506173394,0.44444439506173394,7
44,0.0,0,1,2,448.805,897.61,2,1,0,0.0,0.0,0.0,0.0,0,0.0,0.12499998437500197,0.33333322222225925,2
44,0.0,0,0,3,296.40333333333336,889.21,3,3,1,0.125,0.33333322222225925,0.0011245937392465291,0.6666664444445185,0,0.0,0.3749999531250059,0.49999991666668053,4
28,0.0,0,1,0,0.0,0.0,0,0,1,0.1111111111111111,1000000.0,1000000.0,0.0,0,0.0,0.0,0.0,0
36,1.0,0,0,1,509.21,509.21,1,2,1,0.125,0.9999990000010001,0.001963826315343716,0.9999990000010001,0,0.0,0.12499998437500197,0.6666664444445185,2
19,0.0,0,0,3,1127.2225,4508.89,4,3,1,0.125,0.24999993750001562,0.00022178407541062562,0.24999993750001562,1,0.1428571224489825,0.3749999531250059,0.4285713673469475,7
27,0.0,0,0,1,438.61,877.22,2,1,3,0.375,1.499999250000375,0.003419894663345689,0.0,1,0.33333322222225925,0.12499998437500197,0.33333322222225925,7
48,0.0,1,0,3,387.0275,1548.11,4,4,0,0.0,0.0,0.0,0.24999993750001562,0,0.0,0.4999999375000079,0.4999999375000079,4
19,0.0,0,0,1,237.1,237.1,1,1,1,0.125,0.9999990000010001,0.004217629674324632,0.9999990000010001,0,0.0,0.0,0.499999750000125,2
61,0.0,1,1,1,642.02,642.02,1,2,1,0.125,0.9999990000010001,0.0015575838734656494,0.9999990000010001,0,0.0,0.12499998437500197,0.6666664444445185,2
39,0.0,0,1,3,335.31,1676.55,5,4,1,0.125,0.199999960000008,0.000596462974205086,0.599999880000024,0,0.0,0.4999999375000079,0.44444439506173394,4
24,0.0,0,0,0,0.0,0.0,1,2,2,0.25,1.9999980000020001,2000000.0,0.0,1,0.33333322222225925,0.12499998437500197,0.6666664444445185,7
46,0.0,0,1,2,436.51,873.02,2,2,1,0.125,0.499999750000125,0.0011454491292920562,0.499999750000125,0,0.0,0.24999996875000394,0.49999987500003124,2
43,0.0,1,1,1,395.69,395.69,1,1,2,0.25,1.9999980000020001,0.005054461813403265,0.9999990000010001,0,0.0,0.12499998437500197,0.499999750000125,1
38,0.0,0,0,2,342.36,684.72,2,2,0,0.0,0.0,0.0,1.499999250000375,0,0.0,0.24999996875000394,0.49999987500003124,2
52,0.0,1,0,1,453.27,453.27,1,2,2,0.25,1.9999980000020001,0.004412381131748448,0.0,0,0.0,0.12499998437500197,0.6666664444445185,1
42,0.0,1,0,7,685.1585714285713,4796.11,7,6,0,0.0,0.0,0.0,0.857142734693895,0,0.0,0.6666665925926009,0.4615384260355057,4
52,0.0,1,0,4,415.18,1660.72,4,5,0,0.0,0.0,0.0,0.7499998125000469,0,0.0,0.4999999375000079,0.5555554938271674,4
48,0.0,1,1,1,712.42,712.42,1,0,2,0.25,1.9999980000020001,0.0028073327492106727,1.9999980000020001,0,0.0,0.0,0.0,0
40,0.0,1,0,1,192.38,192.38,1,1,2,0.2222222222222222,1.9999980000020001,0.010396091015718418,0.0,0,0.0,0.11111109876543349,0.499999750000125,1
22,0.0,0,0,0,0.0,0.0,0,0,0,0.0,0.0,0.0,0.0,0,0.0,0.0,0.0,0
61,0.0,1,1,2,90.05333333333333,270.15999999999997,3,3,2,0.25,0.6666664444445185,0.007403020404934038,0.33333322222225925,1,0.16666663888889352,0.3749999531250059,0.49999991666668053,7
32,1.0,1,0,1,407.1,407.1,1,1,1,0.125,0.9999990000010001,0.0024563989131505797,0.9999990000010001,0,0.0,0.12499998437500197,0.499999750000125,2
53,0.0,0,0,4,382.26000000000005,1911.3000000000002,5,6,1,0.125,0.199999960000008,0.0005232041016464164,0.799999840000032,1,0.09090908264462885,0.6249999218750099,0.5454544958677732,7
43,0.0,1,1,4,434.9725,1739.89,4,4,1,0.125,0.24999993750001562,0.0005747489780533545,0.24999993750001562,0,0.0,0.4999999375000079,0.4999999375000079,4
42,0.0,0,1,4,309.685,1238.74,4,4,2,0.25,0.49999987500003124,0.001614543809342926,0.49999987500003124,0,0.0,0.4999999375000079,0.4999999375000079,4
47,0.0,0,0,1,173.04,173.04,1,1,2,0.25,1.9999980000020001,0.011558021199965204,0.9999990000010001,0,0.0,0.12499998437500197,0.499999750000125,1
41,0.0,0,0,1,49.87,99.74,2,2,2,0.25,0.99999950000025,0.020052135351392268,0.499999750000125,0,0.0,0.24999996875000394,0.49999987500003124,1
57,0.0,0,0,3,914.1525,3656.61,4,3,2,0.25,0.49999987500003124,0.0005469546928584249,0.24999993750001562,1,0.1428571224489825,0.3749999531250059,0.4285713673469475,7
40,0.0,0,0,1,375.52,751.04,2,3,1,0.125,0.499999750000125,0.0013314870029139767,0.99999950000025,1,0.199999960000008,0.12499998437500197,0.599999880000024,7
44,0.0,1,1,3,287.2033333333333,861.61,3,3,0,0.0,0.0,0.0,0.6666664444445185,0,0.0,0.3749999531250059,0.49999991666668053,2
46,0.0,1,1,1,2290.87,4581.74,2,2,2,0.25,0.99999950000025,0.00043651538488947094,2.99999850000075,1,0.24999993750001562,0.24999996875000394,0.49999987500003124,7
54,0.0,0,0,3,252.72333333333333,758.17,3,3,2,0.25,0.6666664444445185,0.0026379308035955912,0.6666664444445185,0,0.0,0.3749999531250059,0.49999991666668053,1
36,0.0,1,0,0,0.0,0.0,0,0,0,0.0,0.0,0.0,0.0,0,0.0,0.0,0.0,0
41,0.0,0,1,2,490.845,981.69,2,2,1,0.125,0.499999750000125,0.0010186515080945599,0.499999750000125,0,0.0,0.24999996875000394,0.49999987500003124,2
52,1.0,1,1,0,0.0,0.0,0,1,1,0.125,1000000.0,1000000.0,0.0,0,0.0,0.0,0.9999990000010001,6
66,0.0,1,0,2,2775.31,5550.62,2,1,2,0.25,0.99999950000025,0.0003603201083193733,0.499999750000125,0,0.0,0.12499998437500197,0.33333322222225925,1
51,0.0,0,0,4,846.7379999999999,4233.69,5,4,2,0.2222222222222222,0.399999920000016,0.00047240114404398974,0.99999980000004,0,0.0,0.44444439506173394,0.44444439506173394,4
30,0.0,0,0,3,458.2066666666667,1374.6200000000001,3,4,1,0.125,0.33333322222225925,0.0007274737740412085,0.6666664444445185,0,0.0,0.3749999531250059,0.57142848979593,4
68,0.0,1,0,0,0.0,0.0,0,0,0,0.0,0.0,0.0,0.0,0,0.0,0.0,0.0,0
50,0.0,0,0,2,360.53,721.06,2,3,0,0.0,0.0,0.0,0.499999750000125,0,0.0,0.22222219753086697,0.599999880000024,2
19,0.0,0,0,1,212.18,424.36,2,2,3,0.375,1.499999250000375,0.007069469301844026,0.0,1,0.24999993750001562,0.24999996875000394,0.49999987500003124,7
28,0.0,0,1,1,408.4,408.4,1,1,1,0.125,0.9999990000010001,0.00244857981770671,0.0,0,0.0,0.12499998437500197,0.499999750000125,2
41,0.0,0,1,2,230.685,461.37,2,2,3,0.375,1.499999250000375,0.0065023733521850716,0.499999750000125,0,0.0,0.24999996875000394,0.49999987500003124,1
51,0.0,0,0,5,391.576,1957.88,5,5,1,0.125,0.199999960000008,0.0005107565323151794,0.199999960000008,0,0.0,0.6249999218750099,0.499999950000005,4
51,0.0,0,0,2,582.505,1165.01,2,1,2,0.25,0.99999950000025,0.0017167234601276182,0.99999950000025,0,0.0,0.12499998437500197,0.33333322222225925,1
47,0.0,1,0,2,536.4449999999999,1072.8899999999999,2,1,1,0.125,0.499999750000125,0.0009320619998955513,0.499999750000125,0,0.0,0.12499998437500197,0.33333322222225925,2
54,1.0,1,0,1,460.54,460.54,1,1,0,0.0,0.0,0.0,0.9999990000010001,0,0.0,0.12499998437500197,0.499999750000125,2
35,0.0,0,0,2,391.905,783.81,2,2,1,0.125,0.499999750000125,0.001275819393378728,0.0,0,0.0,0.24999996875000394,0.49999987500003124,2
43,0.0,1,1,3,435.38,2176.9,5,6,1,0.125,0.199999960000008,0.00045936882702036434,0.399999920000016,1,0.09090908264462885,0.6249999218750099,0.5454544958677732,7
52,0.0,1,1,3,197.6175,790.47,4,4,3,0.375,0.7499998125000469,0.0037952104396179356,0.24999993750001562,1,0.12499998437500197,0.4999999375000079,0.4999999375000079,7
43,0.0,1,0,4,1288.3899999999999,5153.5599999999995,4,2,1,0.125,0.24999993750001562,0.00019404062430746115,0.9999997500000625,0,0.0,0.24999996875000394,0.33333327777778704,4
56,1.0,0,0,2,392.165,784.33,2,2,1,0.125,0.499999750000125,0.0012749735426733982,0.99999950000025,0,0.0,0.24999996875000394,0.49999987500003124,2
43,0.0,1,1,1,393.91,393.91,1,1,0,0.0,0.0,0.0,0.9999990000010001,0,0.0,0.12499998437500197,0.499999750000125,2
54,0.0,1,0,4,415.1475,1660.59,4,3,3,0.3333333333333333,0.7499998125000469,0.0018065868144415017,0.49999987500003124,0,0.0,0.33333329629630043,0.4285713673469475,1
32,0.0,0,0,3,332.0375,1328.15,4,4,4,0.5,0.9999997500000625,0.003011708012640358,0.7499998125000469,1,0.12499998437500197,0.4999999375000079,0.4999999375000079,7
46,0.0,0,0,1,64.63,64.63,2,3,2,0.25,0.99999950000025,0.030945380923017473,0.499999750000125,1,0.199999960000008,0.24999996875000394,0.599999880000024,7
29,1.0,0,1,1,199.47,199.47,1,0,1,0.125,0.9999990000010001,0.005013285180662329,2.9999970000030003,0,0.0,0.0,0.0,0
35,0.0,0,0,1,714.2,714.2,1,1,2,0.2857142857142857,1.9999980000020001,0.0028003360364038977,0.0,0,0.0,0.1428571224489825,0.499999750000125,1
38,0.0,1,1,1,7451.31,7451.31,1,1,3,0.3333333333333333,2.9999970000030003,0.00040261376853162545,2.9999970000030003,0,0.0,0.11111109876543349,0.499999750000125,5
43,1.0,0,0,1,236.26,472.52,2,2,4,0.5,1.9999990000005,0.008465250130226762,0.99999950000025,1,0.24999993750001562,0.12499998437500197,0.49999987500003124,7
36,0.0,1,0,1,3966.19,3966.19,1,0,0,0.0,0.0,0.0,0.9999990000010001,0,0.0,0.0,0.0,2
27,0.0,0,0,0,0.0,0.0,0,3,1,0.125,1000000.0,1000000.0,0.0,0,0.0,0.0,0.9999996666667778,6
21,0.0,0,0,0,0.0,0.0,0,0,1,0.125,1000000.0,1000000.0,0.0,0,0.0,0.0,0.0,0
54,0.0,0,0,3,344.0533333333333,1032.1599999999999,3,3,3,0.375,0.9999996666667778,0.0029065261171654336,0.33333322222225925,0,0.0,0.3749999531250059,0.49999991666668053,1
51,0.0,1,0,3,235.85333333333332,707.56,3,2,0,0.0,0.0,0.0,0.33333322222225925,0,0.0,0.24999996875000394,0.399999920000016,2
43,0.0,0,0,1,367.24,367.24,1,2,0,0.0,0.0,0.0,0.9999990000010001,0,0.0,0.12499998437500197,0.6666664444445185,2
69,0.0,1,0,1,926.67,1853.34,2,1,1,0.125,0.499999750000125,0.0005395664041462623,0.99999950000025,1,0.33333322222225925,0.12499998437500197,0.33333322222225925,7
39,0.0,1,0,2,504.30499999999995,1008.6099999999999,2,2,3,0.375,1.499999250000375,0.0029743904948648235,0.0,0,0.0,0.24999996875000394,0.49999987500003124,1
42,0.0,1,1,2,354.815,709.63,2,5,4,0.5,1.9999990000005,0.005636740265156856,0.499999750000125,0,0.0,0.24999996875000394,0.7142856122449125,1
57,0.0,1,0,3,385.03999999999996,1155.12,3,3,1,0.125,0.33333322222225925,0.0008657109210595341,0.33333322222225925,0,0.0,0.3749999531250059,0.49999991666668053,4
51,0.0,1,1,3,356.92,1070.76,3,3,2,0.25,0.6666664444445185,0.0018678321922112962,0.33333322222225925,0,0.0,0.3749999531250059,0.49999991666668053,1
45,0.0,0,0,1,113.25,113.25,1,1,0,0.0,0.0,0.0,0.9999990000010001,0,0.0,0.12499998437500197,0.499999750000125,2
47,0.0,0,1,3,165.20666666666668,495.62,3,3,1,0.125,0.33333322222225925,0.00201767482745314,0.33333322222225925,0,0.0,0.3749999531250059,0.49999991666668053,4
55,0.0,1,0,3,280.08333333333337,840.2500000000001,3,3,0,0.0,0.0,0.0,0.6666664444445185,0,0.0,0.3749999531250059,0.49999991666668053,4
47,0.0,0,0,4,368.645,2211.87,6,5,1,0.125,0.16666663888889352,0.00045210613623218994,0.16666663888889352,1,0.09090908264462885,0.6249999218750099,0.4545454132231443,7
22,0.0,0,1,1,719.48,719.48,1,1,0,0.0,0.0,0.0,0.9999990000010001,0,0.0,0.12499998437500197,0.499999750000125,2
35,0.0,0,0,2,126.31666666666666,378.95,3,5,3,0.375,0.9999996666667778,0.007916611669305683,0.0,1,0.12499998437500197,0.3749999531250059,0.6249999218750099,7
37,0.0,1,0,3,357.68,1073.04,3,2,2,0.25,0.6666664444445185,0.0018638634143518754,0.6666664444445185,0,0.0,0.24999996875000394,0.399999920000016,1
58,0.0,1,0,1,228.63,228.63,1,1,0,0.0,0.0,0.0,0.9999990000010001,0,0.0,0.12499998437500197,0.499999750000125,2
19,0.0,0,0,0,0.0,0.0,0,0,1,0.125,1000000.0,1000000.0,0.0,0,0.0,0.0,0.0,0
51,0.0,0,1,3,431.43666666666667,1294.31,3,4,2,0.25,0.6666664444445185,0.0015452248676551792,0.33333322222225925,0,0.0,0.3749999531250059,0.57142848979593,4
33,0.0,0,1,0,0.0,0.0,0,1,2,0.25,2000000.0,2000000.0,0.0,0,0.0,0.0,0.9999990000010001,6
18,0.0,0,0,0,0.0,0.0,0,0,1,0.1111111111111111,1000000.0,1000000.0,0.0,0,0.0,0.0,0.0,0
47,0.0,1,1,2,7445.03,22335.09,3,2,2,0.25,0.6666664444445185,8.954519547091392e-05,2.9999990000003334,1,0.199999960000008,0.24999996875000394,0.399999920000016,5
31,0.0,0,1,0,0.0,0.0,0,1,2,0.25,2000000.0,2000000.0,0.0,0,0.0,0.0,0.9999990000010001,6
55,1.0,1,1,1,431.26,431.26,1,3,1,0.125,0.9999990000010001,0.0023187868053638483,0.0,0,0.0,0.12499998437500197,0.7499998125000469,2
51,0.0,1,1,3,413.56666666666666,1240.7,3,5,3,0.3333333333333333,0.9999996666667778,0.0024179898424937615,0.9999996666667778,0,0.0,0.33333329629630043,0.6249999218750099,1
46,0.0,1,1,1,372.34,372.34,1,1,0,0.0,0.0,0.0,0.9999990000010001,0,0.0,0.12499998437500197,0.499999750000125,2
41,1.0,0,0,3,434.69666666666666,1304.09,3,2,3,0.3333333333333333,0.9999996666667778,0.002300454721452925,0.6666664444445185,0,0.0,0.22222219753086697,0.399999920000016,1
43,0.0,0,0,4,461.43833333333333,2768.63,6,6,4,0.5,0.6666665555555741,0.0014447578761175174,0.49999991666668053,1,0.08333332638888948,0.7499999062500118,0.4999999583333368,7
40,0.0,0,0,2,330.09000000000003,660.1800000000001,2,3,3,0.375,1.499999250000375,0.004544215207149239,0.99999950000025,0,0.0,0.24999996875000394,0.599999880000024,1
34,0.0,0,1,3,1058.5633333333333,3175.69,3,3,3,0.375,0.9999996666667778,0.0009446765896719527,0.33333322222225925,0,0.0,0.3749999531250059,0.49999991666668053,1
42,0.0,0,0,3,366.34,1099.02,3,3,1,0.125,0.33333322222225925,0.0009099015478245149,0.6666664444445185,0,0.0,0.3749999531250059,0.49999991666668053,4
59,0.0,0,0,1,393.98,393.98,1,1,2,0.25,1.9999980000020001,0.005076399804364689,0.9999990000010001,0,0.0,0.12499998437500197,0.499999750000125,1
28,0.0,0,0,0,0.0,0.0,0,1,1,0.125,1000000.0,1000000.0,0.0,0,0.0,0.0,0.9999990000010001,6
53,0.0,1,0,3,671.64,2014.9199999999998,3,3,1,0.125,0.33333322222225925,0.0004962976195103043,0.9999996666667778,0,0.0,0.3749999531250059,0.49999991666668053,4
46,0.0,1,0,4,206.2125,824.85,4,4,0,0.0,0.0,0.0,0.49999987500003124,0,0.0,0.4999999375000079,0.4999999375000079,4
55,0.0,1,0,2,415.735,831.47,2,4,3,0.375,1.499999250000375,0.0036080676349019595,0.99999950000025,0,0.0,0.24999996875000394,0.6666665555555741,1
45,0.0,1,1,2,243.95,487.9,2,1,1,0.125,0.499999750000125,0.002049600323735191,0.499999750000125,0,0.0,0.12499998437500197,0.33333322222225925,2
56,0.0,1,0,4,340.3,1361.2,4,4,0,0.0,0.0,0.0,0.49999987500003124,0,0.0,0.4999999375000079,0.4999999375000079,4
57,0.0,1,1,2,536.525,1073.05,2,1,3,0.375,1.499999250000375,0.0027957690668694198,0.499999750000125,0,0.0,0.12499998437500197,0.33333322222225925,1
33,0.0,1,0,3,215.63,646.89,3,4,1,0.125,0.33333322222225925,0.0015458578714374039,0.0,0,0.0,0.3749999531250059,0.57142848979593,4
47,0.0,1,0,3,364.00333333333333,1092.01,3,3,0,0.0,0.0,0.0,0.6666664444445185,0,0.0,0.3749999531250059,0.49999991666668053,4
29,0.0,0,0,2,317.26666666666665,951.8,3,2,3,0.375,0.9999996666667778,0.003151922669518888,0.0,0,0.0,0.24999996875000394,0.399999920000016,1
33,0.0,0,0,2,430.45,860.9,2,2,2,0.25,0.99999950000025,0.0023231501889613773,0.0,0,0.0,0.24999996875000394,0.49999987500003124,1
53,0.0,1,0,3,353.26,1413.04,4,4,1,0.125,0.24999993750001562,0.0007076940492075992,0.7499998125000469,0,0.0,0.4999999375000079,0.4999999375000079,4
45,0.0,0,0,4,742.9175,2971.67,4,4,2,0.25,0.49999987500003124,0.000673022239793442,0.7499998125000469,0,0.0,0.4999999375000079,0.4999999375000079,4
40,0.0,1,0,4,261.72,1046.88,4,3,0,0.0,0.0,0.0,0.49999987500003124,0,0.0,0.3749999531250059,0.4285713673469475,4
46,0.0,1,1,2,538.5333333333333,1615.6,3,3,2,0.2222222222222222,0.6666664444445185,0.0012379301799715708,0.6666664444445185,0,0.0,0.33333329629630043,0.49999991666668053,1
22,0.0,0,1,2,595.405,1190.81,2,2,2,0.25,0.99999950000025,0.0016795290586411526,0.499999750000125,0,0.0,0.24999996875000394,0.49999987500003124,1
53,0.0,1,0,2,532.4200000000001,2129.6800000000003,4,4,1,0.125,0.24999993750001562,0.0004695541111953185,0.7499998125000469,1,0.12499998437500197,0.4999999375000079,0.4999999375000079,7
38,0.0,0,0,4,478.64250000000004,1914.5700000000002,4,3,2,0.25,0.49999987500003124,0.001044620984845359,0.24999993750001562,0,0.0,0.3749999531250059,0.4285713673469475,4
43,0.0,0,0,4,186.73749999999998,746.9499999999999,4,3,1,0.125,0.24999993750001562,0.0013387776941712597,0.49999987500003124,0,0.0,0.3749999531250059,0.4285713673469475,4
54,0.0,1,1,0,0.0,0.0,0,1,2,0.25,2000000.0,2000000.0,0.0,0,0.0,0.0,0.9999990000010001,6
31,0.0,0,0,2,234.885,469.77,2,2,1,0.125,0.499999750000125,0.0021287012748181,0.0,0,0.0,0.24999996875000394,0.49999987500003124,2
44,0.0,1,1,2,323.695,647.39,2,2,3,0.3333333333333333,1.499999250000375,0.004633991867909619,0.499999750000125,0,0.0,0.22222219753086697,0.49999987500003124,1
44,0.0,1,0,2,526.1866666666666,1578.56,3,3,0,0.0,0.0,0.0,0.9999996666667778,0,0.0,0.3749999531250059,0.49999991666668053,2
52,0.0,0,0,2,304.4,913.1999999999999,3,4,3,0.375,0.9999996666667778,0.0032851511133539743,0.33333322222225925,1,0.1428571224489825,0.3749999531250059,0.57142848979593,7
41,0.0,0,0,1,578.27,578.27,1,2,1,0.125,0.9999990000010001,0.001729296000606471,0.9999990000010001,0,0.0,0.12499998437500197,0.6666664444445185,2
30,0.0,0,0,4,405.19,1620.76,4,5,3,0.3,0.7499998125000469,0.0018509834880852294,0.24999993750001562,0,0.0,0.39999996000000404,0.5555554938271674,4
49,0.0,1,1,3,177.35333333333332,532.06,3,1,0,0.0,0.0,0.0,0.6666664444445185,0,0.0,0.12499998437500197,0.24999993750001562,2
56,0.0,0,0,1,290.335,580.67,2,2,2,0.25,0.99999950000025,0.003444297099136692,1.499999250000375,0,0.0,0.12499998437500197,0.49999987500003124,1
53,0.0,1,1,2,1413.5266666666666,4240.58,3,3,2,0.25,0.6666664444445185,0.00047163359717971746,1.6666661111112961,1,0.16666663888889352,0.24999996875000394,0.49999991666668053,7
29,0.0,0,0,3,965.2166666666667,2895.65,3,4,1,0.1111111111111111,0.33333322222225925,0.0003453456044945537,0.33333322222225925,0,0.0,0.33333329629630043,0.57142848979593,4
43,0.0,1,1,2,1140.9399999999998,2281.8799999999997,2,2,0,0.0,0.0,0.0,0.0,0,0.0,0.24999996875000394,0.49999987500003124,2
47,0.0,1,0,3,150.40333333333334,451.21,3,2,0,0.0,0.0,0.0,0.9999996666667778,0,0.0,0.24999996875000394,0.399999920000016,2
43,0.0,1,0,3,353.25666666666666,1059.77,3,3,1,0.125,0.33333322222225925,0.0009436009691314143,0.6666664444445185,0,0.0,0.3749999531250059,0.49999991666668053,4
56,0.0,1,0,1,91.31,91.31,1,1,1,0.14285714285714285,0.9999990000010001,0.010951702869875119,0.9999990000010001,0,0.0,0.1428571224489825,0.499999750000125,2
45,0.0,0,0,4,306.33750000000003,1225.3500000000001,5,5,2,0.25,0.399999920000016,0.0016321867208289982,0.199999960000008,1,0.09999999000000101,0.4999999375000079,0.499999950000005,7
38,0.0,0,0,5,434.96399999999994,2174.8199999999997,5,4,2,0.25,0.399999920000016,0.0009196163356417469,0.399999920000016,0,0.0,0.4999999375000079,0.44444439506173394,4
51,1.0,0,1,2,148.50666666666666,445.52,3,3,3,0.375,0.9999996666667778,0.0067337044201523965,0.6666664444445185,0,0.0,0.3749999531250059,0.49999991666668053,1
39,0.0,1,0,3,352.9,1411.6,4,4,2,0.25,0.49999987500003124,0.0014168319627253954,0.49999987500003124,0,0.0,0.4999999375000079,0.4999999375000079,4
41,0.0,0,0,3,1085.175,4340.7,4,4,3,0.3,0.7499998125000469,0.0006911327664452432,0.24999993750001562,1,0.12499998437500197,0.39999996000000404,0.4999999375000079,7
54,0.0,1,1,2,721.575,1443.15,2,2,3,0.375,1.499999250000375,0.0020787859875419836,0.0,0,0.0,0.12499998437500197,0.49999987500003124,1
52,0.0,1,1,2,586.01,2930.05,5,5,3,0.375,0.599999880000024,0.0010238733123926645,0.599999880000024,2,0.19999998000000202,0.4999999375000079,0.499999950000005,7
43,0.0,1,1,4,177.39749999999998,709.5899999999999,4,4,0,0.0,0.0,0.0,0.49999987500003124,0,0.0,0.4999999375000079,0.4999999375000079,4
32,0.0,0,0,2,337.55,675.1,2,2,1,0.125,0.499999750000125,0.0014812620330598991,0.499999750000125,0,0.0,0.24999996875000394,0.49999987500003124,2
31,0.0,0,1,1,571.2566666666667,1713.77,3,3,2,0.25,0.6666664444445185,0.00116701774382384,0.9999996666667778,1,0.16666663888889352,0.3749999531250059,0.49999991666668053,7
42,0.0,0,1,3,393.6466666666667,1180.94,3,3,2,0.25,0.6666664444445185,0.0016935661407916013,0.0,0,0.0,0.3749999531250059,0.49999991666668053,1
31,1.0,1,1,3,7411.356666666667,22234.07,3,2,2,0.25,0.6666664444445185,8.995204206472536e-05,2.666665777778074,0,0.0,0.24999996875000394,0.399999920000016,5
57,0.0,1,1,4,410.245,1640.98,4,4,1,0.125,0.24999993750001562,0.000609391948342215,1.249999687500078,0,0.0,0.4999999375000079,0.4999999375000079,4
19,0.0,0,0,0,0.0,0.0,0,0,2,0.25,2000000.0,2000000.0,0.0,0,0.0,0.0,0.0,3
44,0.0,0,1,4,159.272,796.36,5,6,3,0.375,0.599999880000024,0.003767140484495529,0.599999880000024,1,0.09090908264462885,0.4999999375000079,0.5454544958677732,7
19,0.0,0,0,0,0.0,0.0,0,1,3,0.375,3000000.0,3000000.0,0.0,0,0.0,0.0,0.9999990000010001,6
50,0.0,1,0,1,393.35,393.35,1,3,3,0.375,2.9999970000030003,0.007626795455378681,0.9999990000010001,0,0.0,0.12499998437500197,0.7499998125000469,1
46,0.0,1,0,2,444.49,888.98,2,2,1,0.125,0.499999750000125,0.0011248846980529542,0.499999750000125,0,0.0,0.12499998437500197,0.49999987500003124,2
21,1.0,0,1,0,0.0,0.0,0,0,1,0.125,1000000.0,1000000.0,0.0,0,0.0,0.0,0.0,0
39,0.0,1,0,2,217.85250000000002,871.4100000000001,4,4,1,0.125,0.24999993750001562,0.0011475654386023048,0.0,0,0.0,0.4999999375000079,0.4999999375000079,4
57,0.0,1,0,2,659.335,1318.67,2,2,0,0.0,0.0,0.0,0.499999750000125,0,0.0,0.24999996875000394,0.49999987500003124,2
27,0.0,0,0,1,1354.74,2709.48,2,2,3,0.375,1.499999250000375,0.0011072235258768387,0.0,1,0.24999993750001562,0.12499998437500197,0.49999987500003124,7
38,0.0,0,0,3,242.88333333333335,728.6500000000001,3,2,2,0.25,0.6666664444445185,0.0027448020273865338,0.33333322222225925,0,0.0,0.24999996875000394,0.399999920000016,1
56,0.0,1,1,2,403.66999999999996,1614.6799999999998,4,4,2,0.25,0.49999987500003124,0.0012386355183450371,0.7499998125000469,1,0.12499998437500197,0.4999999375000079,0.4999999375000079,7
38,1.0,0,0,4,594.3175,2377.27,4,3,3,0.375,0.7499998125000469,0.0012619517340218185,0.0,0,0.0,0.3749999531250059,0.4285713673469475,1
38,0.0,1,0,2,392.445,784.89,2,2,1,0.125,0.499999750000125,0.001274063879939783,0.0,0,0.0,0.24999996875000394,0.49999987500003124,2
22,0.0,0,0,2,1381.11,4143.33,3,4,2,0.25,0.6666664444445185,0.0004827035257914036,0.33333322222225925,1,0.1428571224489825,0.3749999531250059,0.57142848979593,7
67,1.0,1,1,0,0.0,0.0,0,1,1,0.125,1000000.0,1000000.0,0.0,0,0.0,0.0,0.9999990000010001,6
35,0.0,0,0,3,662.7075,2650.83,4,3,1,0.125,0.24999993750001562,0.0003772403359033811,0.49999987500003124,1,0.1428571224489825,0.3749999531250059,0.4285713673469475,7
29,1.0,0,0,3,366.7475,1466.99,4,4,3,0.375,0.7499998125000469,0.002045003713696069,0.49999987500003124,1,0.12499998437500197,0.4999999375000079,0.4999999375000079,7
52,0.0,1,0,1,227.82,227.82,1,2,2,0.25,1.9999980000020001,0.008778860465372398,0.0,0,0.0,0.12499998437500197,0.6666664444445185,1
39,0.0,0,0,3,402.8866666666666,1208.6599999999999,3,3,0,0.0,0.0,0.0,0.9999996666667778,0,0.0,0.3749999531250059,0.49999991666668053,4
38,0.0,0,0,2,820.8375000000001,3283.3500000000004,4,3,4,0.5,0.9999997500000625,0.0012182679272029274,0.7499998125000469,1,0.1428571224489825,0.3749999531250059,0.4285713673469475,7
42,0.0,0,0,1,550.16,550.16,1,1,0,0.0,0.0,0.0,1.9999980000020001,0,0.0,0.12499998437500197,0.499999750000125,2
45,0.0,1,0,1,428.59,857.18,2,2,2,0.25,0.99999950000025,0.0023332322238815277,0.0,1,0.24999993750001562,0.24999996875000394,0.49999987500003124,7
37,0.0,0,1,1,295.89,295.89,1,0,1,0.125,0.9999990000010001,0.003379634312144262,0.9999990000010001,0,0.0,0.0,0.0,0
51,0.0,1,1,1,515.36,515.36,1,2,0,0.0,0.0,0.0,0.9999990000010001,0,0.0,0.12499998437500197,0.6666664444445185,2
38,0.0,0,1,3,430.90000000000003,1292.7,3,3,2,0.25,0.6666664444445185,0.00154714937607554,0.33333322222225925,0,0.0,0.3749999531250059,0.49999991666668053,1
42,0.0,0,0,3,1032.5733333333333,3097.72,3,4,0,0.0,0.0,0.0,0.33333322222225925,0,0.0,0.3749999531250059,0.57142848979593,4
45,0.0,1,0,4,337.5525,1350.21,4,4,0,0.0,0.0,0.0,0.7499998125000469,0,0.0,0.4999999375000079,0.4999999375000079,4
27,0.0,0,1,1,54.64,54.64,1,2,1,0.125,0.9999990000010001,0.01830161020677873,0.9999990000010001,0,0.0,0.12499998437500197,0.6666664444445185,2
27,0.0,0,0,0,0.0,0.0,0,1,1,0.125,1000000.0,1000000.0,0.0,0,0.0,0.0,0.9999990000010001,6
51,0.0,1,1,1,48.459999999999994,96.91999999999999,2,1,0,0.0,0.0,0.0,0.499999750000125,0,0.0,0.12499998437500197,0.33333322222225925,2
36,0.0,0,0,4,319.59000000000003,1597.95,5,5,3,0.375,0.599999880000024,0.0018774054245267965,0.199999960000008,1,0.09999999000000101,0.6249999218750099,0.499999950000005,7
31,0.0,0,0,1,52.88,52.88,1,2,1,0.1111111111111111,0.9999990000010001,0.01891074094344287,0.9999990000010001,0,0.0,0.11111109876543349,0.6666664444445185,2
54,0.0,0,0,2,401.71500000000003,803.4300000000001,2,2,3,0.375,1.499999250000375,0.003733990511016528,0.499999750000125,0,0.0,0.24999996875000394,0.49999987500003124,1
46,0.0,0,1,2,719.12,1438.24,2,2,2,0.25,0.99999950000025,0.0013905884960850841,0.499999750000125,0,0.0,0.24999996875000394,0.49999987500003124,1
53,0.0,0,0,0,0.0,0.0,0,1,1,0.125,1000000.0,1000000.0,0.0,0,0.0,0.0,0.9999990000010001,6
52,0.0,1,0,3,181.6975,726.79,4,4,2,0.2222222222222222,0.49999987500003124,0.0027518265210695987,0.24999993750001562,1,0.12499998437500197,0.44444439506173394,0.4999999375000079,7
51,0.0,1,1,2,199.715,399.43,2,2,1,0.125,0.499999750000125,0.0025035675775390742,0.499999750000125,0,0.0,0.24999996875000394,0.49999987500003124,2
43,0.0,1,0,2,156.905,313.81,2,2,1,0.125,0.499999750000125,0.003186641588264741,0.499999750000125,0,0.0,0.24999996875000394,0.49999987500003124,2
44,0.0,0,0,5,359.28000000000003,1796.4,5,5,1,0.125,0.199999960000008,0.0005566688930323597,0.599999880000024,0,0.0,0.6249999218750099,0.499999950000005,4
32,0.0,0,0,1,546.44,546.44,2,3,3,0.375,1.499999250000375,0.0054900812431555495,0.499999750000125,1,0.199999960000008,0.24999996875000394,0.599999880000024,7
45,0.0,0,0,2,362.3733333333334,1087.1200000000001,3,3,0,0.0,0.0,0.0,0.33333322222225925,0,0.0,0.3749999531250059,0.49999991666668053,2
47,0.0,0,0,5,338.43,1692.15,5,5,1,0.125,0.199999960000008,0.0005909641576745772,0.399999920000016,0,0.0,0.6249999218750099,0.499999950000005,4
41,0.0,0,0,3,336.95,1010.85,3,3,2,0.25,0.6666664444445185,0.0019785329158841245,0.9999996666667778,0,0.0,0.3749999531250059,0.49999991666668053,1
38,0.0,1,0,6,342.37166666666667,2054.23,6,5,0,0.0,0.0,0.0,0.8333331944444675,0,0.0,0.5555554938271674,0.4545454132231443,4
45,0.0,0,0,2,675.015,2700.06,4,3,1,0.125,0.24999993750001562,0.00037036213996342226,0.49999987500003124,0,0.0,0.3749999531250059,0.4285713673469475,4
38,0.0,1,1,1,13645.96,27291.92,2,4,2,0.25,0.99999950000025,7.328176251164148e-05,4.99999750000125,1,0.16666663888889352,0.24999996875000394,0.6666665555555741,5
25,0.0,0,0,1,108.48,108.48,1,2,2,0.25,1.9999980000020001,0.018436578001137738,0.9999990000010001,0,0.0,0.12499998437500197,0.6666664444445185,1
51,0.0,0,1,3,210.77666666666664,632.3299999999999,3,3,2,0.25,0.6666664444445185,0.0031629054399397384,0.6666664444445185,0,0.0,0.3749999531250059,0.49999991666668053,1
39,0.0,0,0,2,332.67,665.34,2,2,1,0.125,0.499999750000125,0.0015029909497354871,0.499999750000125,0,0.0,0.24999996875000394,0.49999987500003124,2
31,0.0,0,0,3,1330.975,5323.9,4,4,3,0.375,0.7499998125000469,0.0005634966846553284,0.24999993750001562,1,0.12499998437500197,0.4999999375000079,0.4999999375000079,7
25,0.0,0,0,0,0.0,0.0,0,0,1,0.125,1000000.0,1000000.0,0.0,0,0.0,0.0,0.0,0
53,0.0,1,0,4,517.62,2070.48,4,4,3,0.3333333333333333,0.7499998125000469,0.001448939375676684,0.49999987500003124,0,0.0,0.44444439506173394,0.4999999375000079,4
40,1.0,1,0,2,398.95500000000004,797.9100000000001,2,1,0,0.0,0.0,0.0,0.499999750000125,0,0.0,0.12499998437500197,0.33333322222225925,2
53,0.0,0,0,3,205.4333333333333,616.3,3,3,1,0.125,0.33333322222225925,0.0016225864000931586,0.33333322222225925,0,0.0,0.24999996875000394,0.49999991666668053,4
40,0.0,1,1,1,578.68,578.68,1,1,2,0.25,1.9999980000020001,0.0034561415575859863,0.9999990000010001,0,0.0,0.12499998437500197,0.499999750000125,1
32,0.0,0,1,2,328.66,985.98,3,3,0,0.0,0.0,0.0,0.0,0,0.0,0.3749999531250059,0.49999991666668053,2
37,0.0,0,1,2,272.62,545.24,2,2,0,0.0,0.0,0.0,0.99999950000025,0,0.0,0.12499998437500197,0.49999987500003124,2
48,0.0,1,1,2,398.87,797.74,2,0,2,0.25,0.99999950000025,0.0025070825049426097,0.499999750000125,0,0.0,0.0,0.0,0
30,0.0,0,1,1,335.04,335.04,1,1,1,0.125,0.9999990000010001,0.0029847182336893555,0.9999990000010001,0,0.0,0.12499998437500197,0.499999750000125,2
60,0.0,1,0,2,89.34,178.68,2,3,3,0.375,1.499999250000375,0.016789791712615895,0.0,0,0.0,0.24999996875000394,0.599999880000024,1
48,0.0,0,0,4,253.48200000000003,1267.41,5,3,2,0.25,0.399999920000016,0.0015780213178229448,0.399999920000016,0,0.0,0.3749999531250059,0.3749999531250059,4
45,0.0,1,0,3,281.79333333333335,845.38,3,1,3,0.375,0.9999996666667778,0.003548699988704843,0.33333322222225925,0,0.0,0.12499998437500197,0.24999993750001562,1
50,0.0,1,1,4,727.8325,2911.33,4,2,1,0.125,0.24999993750001562,0.00034348562329124987,0.24999993750001562,0,0.0,0.24999996875000394,0.33333327777778704,4
56,0.0,1,1,0,0.0,0.0,0,1,1,0.125,1000000.0,1000000.0,0.0,0,0.0,0.0,0.9999990000010001,6
73,0.0,1,0,1,714.69,714.69,1,1,2,0.25,1.9999980000020001,0.0027984160925738203,0.9999990000010001,0,0.0,0.12499998437500197,0.499999750000125,1
41,0.0,1,0,4,641.5600000000001,2566.2400000000002,4,4,1,0.125,0.24999993750001562,0.00038967516662912464,0.24999993750001562,0,0.0,0.4999999375000079,0.4999999375000079,4
22,0.0,0,0,1,206.2,206.2,1,1,1,0.125,0.9999990000010001,0.0048496605002441295,0.9999990000010001,0,0.0,0.12499998437500197,0.499999750000125,2
38,0.0,0,0,4,387.665,1550.66,4,4,3,0.375,0.7499998125000469,0.001934660078976268,0.24999993750001562,0,0.0,0.4999999375000079,0.4999999375000079,4
44,0.0,0,0,2,1183.54,2367.08,2,2,2,0.25,0.99999950000025,0.0008449228581860678,0.499999750000125,0,0.0,0.24999996875000394,0.49999987500003124,1
31,0.0,0,0,4,389.96,1559.84,4,4,1,0.125,0.24999993750001562,0.000641091393578129,0.9999997500000625,0,0.0,0.4999999375000079,0.4999999375000079,4
47,0.0,1,0,3,466.0,1398.0,3,2,2,0.25,0.6666664444445185,0.0014306151634974138,0.33333322222225925,0,0.0,0.24999996875000394,0.399999920000016,1
34,0.0,1,0,1,469.48,469.48,1,1,1,0.125,0.9999990000010001,0.0021300161835860606,1.9999980000020001,0,0.0,0.12499998437500197,0.499999750000125,2
54,0.0,1,1,4,240.5275,962.11,4,3,0,0.0,0.0,0.0,0.0,0,0.0,0.3749999531250059,0.4285713673469475,4
41,0.0,0,0,2,685.47,1370.94,2,2,0,0.0,0.0,0.0,0.499999750000125,0,0.0,0.24999996875000394,0.49999987500003124,2
46,0.0,0,0,4,362.004,1810.02,5,5,0,0.0,0.0,0.0,0.599999880000024,0,0.0,0.6249999218750099,0.499999950000005,4
41,0.0,1,0,2,200.41,601.23,3,4,4,0.5,1.333332888889037,0.006653027948284304,0.0,1,0.1428571224489825,0.3749999531250059,0.57142848979593,7
50,0.0,1,0,3,458.63000000000005,1375.89,3,2,3,0.375,0.9999996666667778,0.0021804068623360825,0.6666664444445185,0,0.0,0.24999996875000394,0.399999920000016,1
48,1.0,0,0,4,314.88,1259.52,4,4,3,0.375,0.7499998125000469,0.0023818597542064755,0.49999987500003124,0,0.0,0.4999999375000079,0.4999999375000079,4
39,0.0,0,1,2,442.37,884.74,2,2,1,0.125,0.499999750000125,0.0011302755599042933,0.499999750000125,0,0.0,0.24999996875000394,0.49999987500003124,2
24,1.0,0,0,1,245.0,245.0,1,1,1,0.125,0.9999990000010001,0.004081632636401499,0.0,0,0.0,0.12499998437500197,0.499999750000125,2
43,0.0,0,0,2,695.6833333333334,2087.05,3,2,1,0.125,0.33333322222225925,0.0004791452047247813,0.9999996666667778,0,0.0,0.24999996875000394,0.399999920000016,2
44,0.0,0,0,2,93.20500000000001,186.41000000000003,2,2,1,0.125,0.499999750000125,0.005364519042087231,0.499999750000125,0,0.0,0.24999996875000394,0.49999987500003124,2
31,0.0,0,0,1,147.12,147.12,1,1,0,0.0,0.0,0.0,0.0,0,0.0,0.12499998437500197,0.499999750000125,2
57,0.0,0,0,2,1416.8000000000002,2833.6000000000004,2,1,2,0.25,0.99999950000025,0.0007058159229581394,0.0,0,0.0,0.12499998437500197,0.33333322222225925,1
53,1.0,1,0,2,263.225,526.45,2,2,1,0.125,0.499999750000125,0.0018995156199078436,0.499999750000125,0,0.0,0.24999996875000394,0.49999987500003124,2
39,0.0,0,0,0,0.0,0.0,0,2,3,0.3333333333333333,3000000.0,3000000.0,0.0,0,0.0,0.0,0.99999950000025,6
50,0.0,0,0,2,394.1925,1576.77,4,5,0,0.0,0.0,0.0,0.49999987500003124,0,0.0,0.4999999375000079,0.5555554938271674,4
42,0.0,0,0,5,293.584,1467.92,5,5,1,0.1111111111111111,0.199999960000008,0.0006812360341972068,0.99999980000004,0,0.0,0.5555554938271674,0.499999950000005,4
40,0.0,0,0,2,646.53,1293.06,2,2,3,0.375,1.499999250000375,0.0023200779528250214,0.499999750000125,0,0.0,0.24999996875000394,0.49999987500003124,1
37,0.0,0,0,3,348.8433333333333,1046.53,3,3,1,0.125,0.33333322222225925,0.0009555387796283539,0.9999996666667778,0,0.0,0.3749999531250059,0.49999991666668053,4
43,0.0,1,0,3,481.1366666666666,1443.4099999999999,3,3,1,0.125,0.33333322222225925,0.0006928038459669783,0.9999996666667778,0,0.0,0.3749999531250059,0.49999991666668053,4
19,0.0,0,0,1,224.77,449.54,2,2,3,0.375,1.499999250000375,0.0066734884400198235,0.0,1,0.24999993750001562,0.24999996875000394,0.49999987500003124,7
38,0.0,1,0,4,348.3775,1393.51,4,4,0,0.0,0.0,0.0,0.49999987500003124,0,0.0,0.4999999375000079,0.4999999375000079,4
36,0.0,0,0,2,562.235,1124.47,2,2,1,0.125,0.499999750000125,0.000889307850908154,0.499999750000125,0,0.0,0.24999996875000394,0.49999987500003124,2
40,0.0,0,0,2,193.36,386.72,2,3,2,0.25,0.99999950000025,0.005171700441736397,0.499999750000125,0,0.0,0.24999996875000394,0.599999880000024,1
45,0.0,0,0,4,306.25,1225.0,4,3,2,0.25,0.49999987500003124,0.0016326530598917116,0.7499998125000469,0,0.0,0.3749999531250059,0.4285713673469475,4
56,0.0,1,0,4,934.5899999999999,3738.3599999999997,4,1,4,0.4444444444444444,0.9999997500000625,0.0010699879088504085,0.49999987500003124,0,0.0,0.11111109876543349,0.199999960000008,1
25,0.0,0,1,0,0.0,0.0,0,0,3,0.3333333333333333,3000000.0,3000000.0,0.0,0,0.0,0.0,0.0,3
51,0.0,0,0,2,866.8966666666669,2600.6900000000005,4,4,2,0.25,0.49999987500003124,0.0007690266810850094,0.24999993750001562,2,0.24999996875000394,0.3749999531250059,0.4999999375000079,7
34,0.0,0,0,2,463.3925,1853.57,4,2,2,0.25,0.49999987500003124,0.0010789989042339922,0.9999997500000625,1,0.16666663888889352,0.24999996875000394,0.33333327777778704,7
45,0.0,0,1,3,351.6766666666667,1055.03,3,4,1,0.125,0.33333322222225925,0.0009478403448737568,0.33333322222225925,0,0.0,0.3749999531250059,0.57142848979593,4
44,0.0,1,1,2,490.8366666666666,1472.5099999999998,3,3,3,0.375,0.9999996666667778,0.00203733760583131,1.333332888889037,1,0.16666663888889352,0.3749999531250059,0.49999991666668053,7
47,0.0,0,0,4,426.1,1704.4,4,5,1,0.125,0.24999993750001562,0.0005867167328169932,0.7499998125000469,0,0.0,0.4999999375000079,0.5555554938271674,4
47,0.0,1,0,4,340.46250000000003,1361.8500000000001,4,3,2,0.2222222222222222,0.49999987500003124,0.0014685905191698125,0.49999987500003124,0,0.0,0.33333329629630043,0.4285713673469475,4
50,0.0,0,1,1,733.54,733.54,1,0,3,0.375,2.9999970000030003,0.004089756517586285,0.0,0,0.0,0.0,0.0,0
39,0.0,1,0,2,1249.595,2499.19,2,3,1,0.125,0.499999750000125,0.0004001296418439056,0.0,0,0.0,0.24999996875000394,0.599999880000024,2
46,0.0,1,0,1,495.69,495.69,1,1,3,0.375,2.9999970000030003,0.006052169690628882,0.0,0,0.0,0.12499998437500197,0.499999750000125,1
47,0.0,0,0,3,356.57666666666665,1069.73,3,3,1,0.125,0.33333322222225925,0.0009348153263582255,0.33333322222225925,0,0.0,0.3749999531250059,0.49999991666668053,4
39,0.0,1,0,5,1007.8399999999999,5039.2,5,5,1,0.125,0.199999960000008,0.00019844419745228525,0.599999880000024,0,0.0,0.6249999218750099,0.499999950000005,4
43,0.0,1,0,3,261.995,1047.98,4,4,1,0.125,0.24999993750001562,0.0009542166826139652,1.249999687500078,1,0.12499998437500197,0.4999999375000079,0.4999999375000079,7
52,0.0,1,0,1,481.34,481.34,1,1,0,0.0,0.0,0.0,0.9999990000010001,0,0.0,0.12499998437500197,0.499999750000125,2
49,0.0,0,0,4,1204.69,6023.450000000001,5,4,0,0.0,0.0,0.0,0.99999980000004,0,0.0,0.4999999375000079,0.44444439506173394,4
31,0.0,0,0,1,347.66,347.66,1,1,2,0.25,1.9999980000020001,0.0057527469201152075,0.0,0,0.0,0.12499998437500197,0.499999750000125,1
39,0.0,1,1,2,427.695,855.39,2,2,2,0.2222222222222222,0.99999950000025,0.0023381147753210644,1.499999250000375,0,0.0,0.22222219753086697,0.49999987500003124,1
39,0.0,0,0,1,392.49,392.49,1,1,2,0.25,1.9999980000020001,0.005095671214309482,1.9999980000020001,0,0.0,0.12499998437500197,0.499999750000125,1
42,0.0,1,0,2,183.47,366.94,2,4,3,0.375,1.499999250000375,0.008175723529253493,1.9999990000005,0,0.0,0.24999996875000394,0.6666665555555741,1
40,0.0,1,0,4,220.73,882.92,4,4,2,0.25,0.49999987500003124,0.0022652108885683744,0.49999987500003124,0,0.0,0.3749999531250059,0.4999999375000079,4
22,0.0,0,0,0,0.0,0.0,0,0,1,0.125,1000000.0,1000000.0,0.0,0,0.0,0.0,0.0,0
46,0.0,0,0,3,272.744,1363.72,5,6,4,0.5,0.799999840000032,0.002933153431105246,0.599999880000024,2,0.1818181652892577,0.6249999218750099,0.5454544958677732,7
44,0.0,0,0,2,63.839999999999996,127.67999999999999,2,1,3,0.3333333333333333,1.499999250000375,0.023496240417479324,0.0,0,0.0,0.11111109876543349,0.33333322222225925,1
19,0.0,0,0,0,0.0,0.0,0,0,2,0.25,2000000.0,2000000.0,0.0,0,0.0,0.0,0.0,3
41,0.0,1,1,3,240.24,720.72,3,1,1,0.1111111111111111,0.33333322222225925,0.0013875013855762274,0.9999996666667778,0,0.0,0.0,0.24999993750001562,2
33,0.0,0,0,3,216.54666666666665,649.64,3,3,4,0.5,1.333332888889037,0.0061572563171029245,0.0,0,0.0,0.24999996875000394,0.49999991666668053,1
31,0.0,1,1,2,415.33000000000004,830.6600000000001,2,2,1,0.1111111111111111,0.499999750000125,0.0012038619878122672,0.499999750000125,0,0.0,0.22222219753086697,0.49999987500003124,2
38,0.0,0,0,2,668.115,1336.23,2,2,0,0.0,0.0,0.0,1.499999250000375,0,0.0,0.24999996875000394,0.49999987500003124,2
43,0.0,1,0,4,886.5475,3546.19,4,3,2,0.25,0.49999987500003124,0.0005639855730899964,0.49999987500003124,0,0.0,0.3749999531250059,0.4285713673469475,4
30,0.0,0,0,2,440.595,881.19,2,1,1,0.1111111111111111,0.499999750000125,0.0011348290367175875,0.499999750000125,0,0.0,0.11111109876543349,0.33333322222225925,2
31,0.0,0,0,1,695.78,695.78,1,1,1,0.1111111111111111,0.9999990000010001,0.001437235905836276,0.9999990000010001,0,0.0,0.11111109876543349,0.499999750000125,2
50,1.0,0,0,1,335.73,335.73,1,2,4,0.5,3.9999960000040002,0.011914335889213546,0.0,0,0.0,0.12499998437500197,0.6666664444445185,1
67,0.0,1,0,1,223.42,223.42,1,2,1,0.125,0.9999990000010001,0.004475875013535606,0.0,0,0.0,0.12499998437500197,0.6666664444445185,2
56,0.0,1,1,1,513.07,513.07,1,3,0,0.0,0.0,0.0,0.9999990000010001,0,0.0,0.12499998437500197,0.7499998125000469,2
47,0.0,1,1,3,299.3433333333333,898.03,4,6,2,0.2222222222222222,0.49999987500003124,0.002227097087817671,0.24999993750001562,1,0.09999999000000101,0.44444439506173394,0.599999940000006,7
33,0.0,0,0,4,288.9675,1155.87,4,3,0,0.0,0.0,0.0,0.49999987500003124,0,0.0,0.3749999531250059,0.4285713673469475,4
32,0.0,0,0,1,201.15,201.15,1,2,3,0.3333333333333333,2.9999970000030003,0.014914243028017683,0.0,0,0.0,0.11111109876543349,0.6666664444445185,1
51,0.0,1,1,3,485.59999999999997,1456.8,3,2,1,0.1111111111111111,0.33333322222225925,0.0006864360236913536,0.33333322222225925,0,0.0,0.22222219753086697,0.399999920000016,2
42,0.0,1,0,1,429.95000000000005,859.9000000000001,2,1,3,0.375,1.499999250000375,0.003488777760799188,0.499999750000125,0,0.0,0.12499998437500197,0.33333322222225925,1
41,0.0,0,1,4,251.77399999999997,1258.87,5,3,2,0.25,0.399999920000016,0.0015887263962214317,0.199999960000008,0,0.0,0.3749999531250059,0.3749999531250059,4
52,0.0,0,0,1,490.43,490.43,1,0,0,0.0,0.0,0.0,0.9999990000010001,0,0.0,0.0,0.0,0
39,0.0,1,0,1,206.62,206.62,1,1,2,0.25,1.9999980000020001,0.009679605025265681,0.9999990000010001,0,0.0,0.12499998437500197,0.499999750000125,1
38,0.0,0,0,4,195.5125,782.05,4,4,0,0.0,0.0,0.0,0.0,0,0.0,0.4999999375000079,0.4999999375000079,4
51,0.0,0,0,3,305.8233333333333,917.47,3,2,2,0.2222222222222222,0.6666664444445185,0.0021799077875244884,0.6666664444445185,0,0.0,0.11111109876543349,0.399999920000016,1
32,0.0,0,0,2,250.755,501.51,2,2,2,0.25,0.99999950000025,0.0039879563638053955,0.99999950000025,0,0.0,0.24999996875000394,0.49999987500003124,1
45,0.0,0,0,5,528.088,2640.44,5,5,1,0.125,0.199999960000008,0.0003787247578514472,0.799999840000032,0,0.0,0.6249999218750099,0.499999950000005,4
72,0.0,1,0,1,126.7,126.7,1,1,2,0.25,1.9999980000020001,0.01578531952813481,1.9999980000020001,0,0.0,0.12499998437500197,0.499999750000125,1
50,0.0,1,1,1,705.31,705.31,1,2,1,0.125,0.9999990000010001,0.0014178162773563169,0.9999990000010001,0,0.0,0.12499998437500197,0.6666664444445185,2
50,0.0,0,0,3,275.01666666666665,825.05,3,3,2,0.25,0.6666664444445185,0.0024240955064249495,0.33333322222225925,0,0.0,0.3749999531250059,0.49999991666668053,1
26,0.0,0,1,1,680.4,680.4,1,1,2,0.25,1.9999980000020001,0.002939447379571653,0.0,0,0.0,0.12499998437500197,0.499999750000125,1
60,0.0,1,1,0,0.0,0.0,0,1,0,0.0,0.0,0.0,0.0,0,0.0,0.0,0.9999990000010001,2
39,0.0,0,0,3,465.05999999999995,1395.1799999999998,4,5,2,0.25,0.49999987500003124,0.0014335067866271688,0.49999987500003124,1,0.11111109876543349,0.4999999375000079,0.5555554938271674,7
51,1.0,1,1,3,402.7266666666667,1208.18,3,2,1,0.125,0.33333322222225925,0.000827691237375481,0.9999996666667778,0,0.0,0.12499998437500197,0.399999920000016,2
49,0.0,1,1,1,52.17,52.17,1,2,0,0.0,0.0,0.0,0.0,0,0.0,0.12499998437500197,0.6666664444445185,2
30,0.0,0,1,2,3182.2566666666667,9546.77,3,3,4,0.5,1.333332888889037,0.00041898987820812795,0.9999996666667778,1,0.16666663888889352,0.3749999531250059,0.49999991666668053,5
38,0.0,0,0,4,211.4925,845.97,4,4,1,0.125,0.24999993750001562,0.0011820750130831176,0.7499998125000469,0,0.0,0.4999999375000079,0.4999999375000079,4
54,0.0,1,1,2,864.295,1728.59,2,2,3,0.375,1.499999250000375,0.0017355185430116345,0.99999950000025,0,0.0,0.24999996875000394,0.49999987500003124,1
35,0.0,1,0,2,202.855,405.71,2,2,1,0.125,0.499999750000125,0.0024648147630947853,0.0,0,0.0,0.24999996875000394,0.49999987500003124,2
51,0.0,1,1,0,0.0,0.0,0,1,3,0.375,3000000.0,3000000.0,0.0,0,0.0,0.0,0.9999990000010001,6
57,0.0,0,0,2,572.905,2291.62,4,4,3,0.375,0.7499998125000469,0.0013091175669137478,0.0,1,0.12499998437500197,0.4999999375000079,0.4999999375000079,7
40,0.0,1,1,2,674.9300000000001,1349.8600000000001,2,4,2,0.25,0.99999950000025,0.001481635131434641,0.99999950000025,0,0.0,0.24999996875000394,0.6666665555555741,1
18,1.0,0,0,0,0.0,0.0,0,2,0,0.0,0.0,0.0,0.0,0,0.0,0.0,0.99999950000025,2
41,0.0,1,0,3,338.62600000000003,1693.13,5,5,4,0.5,0.799999840000032,0.002362488407645905,0.0,1,0.09999999000000101,0.6249999218750099,0.499999950000005,7
50,1.0,1,1,3,3654.0033333333336,10962.01,3,2,1,0.125,0.33333322222225925,9.122414592841786e-05,1.9999993333335555,0,0.0,0.12499998437500197,0.399999920000016,5
19,0.0,0,1,1,451.03,902.06,2,2,1,0.125,0.499999750000125,0.0011085737078369803,0.0,1,0.24999993750001562,0.24999996875000394,0.49999987500003124,7
44,0.0,0,1,3,188.71333333333334,566.14,3,2,1,0.125,0.33333322222225925,0.0017663475434232742,1.333332888889037,0,0.0,0.24999996875000394,0.399999920000016,2
48,0.0,0,1,3,453.32333333333327,1359.9699999999998,3,3,0,0.0,0.0,0.0,0.33333322222225925,0,0.0,0.3749999531250059,0.49999991666668053,4
33,0.0,0,0,4,604.2379999999999,3021.1899999999996,5,6,1,0.125,0.199999960000008,0.00033099540236430176,0.0,1,0.09090908264462885,0.6249999218750099,0.5454544958677732,7
46,0.0,0,0,4,502.59499999999997,2010.3799999999999,4,2,1,0.125,0.24999993750001562,0.000497418398264299,0.0,0,0.0,0.24999996875000394,0.33333327777778704,4
34,0.0,0,0,2,81.19999999999999,162.39999999999998,2,4,1,0.125,0.499999750000125,0.006157635430063822,0.499999750000125,0,0.0,0.24999996875000394,0.6666665555555741,2
51,0.0,1,0,5,417.008,2085.04,5,5,4,0.5,0.799999840000032,0.0019184284225154298,0.599999880000024,1,0.09999999000000101,0.6249999218750099,0.499999950000005,7
44,0.0,0,1,3,385.44666666666666,1156.34,3,3,4,0.4,1.333332888889037,0.003459190200581844,0.33333322222225925,0,0.0,0.299999970000003,0.49999991666668053,1
45,0.0,1,1,3,359.66,1078.98,3,2,3,0.375,0.9999996666667778,0.002780403712042481,0.33333322222225925,0,0.0,0.24999996875000394,0.399999920000016,1
47,0.0,0,1,3,559.3166666666666,1677.9499999999998,3,2,1,0.14285714285714285,0.33333322222225925,0.0005959653144635029,0.33333322222225925,0,0.0,0.285714244897965,0.399999920000016,2
39,0.0,1,0,4,341.71999999999997,1708.6,5,5,1,0.125,0.199999960000008,0.0005852744933950167,0.799999840000032,1,0.09999999000000101,0.4999999375000079,0.499999950000005,7
19,0.0,0,1,0,0.0,0.0,0,1,2,0.25,2000000.0,2000000.0,0.0,0,0.0,0.0,0.9999990000010001,6
26,0.0,1,1,0,0.0,0.0,0,0,1,0.125,1000000.0,1000000.0,0.0,0,0.0,0.0,0.0,0
45,0.0,1,1,3,344.1933333333333,1032.58,4,4,2,0.25,0.49999987500003124,0.0019368959287058669,0.24999993750001562,1,0.12499998437500197,0.3749999531250059,0.4999999375000079,7
47,0.0,1,0,2,604.19,1208.38,2,3,3,0.375,1.499999250000375,0.002482662736487973,1.499999250000375,0,0.0,0.12499998437500197,0.599999880000024,1
56,0.0,1,1,1,94.0,94.0,1,2,1,0.1111111111111111,0.9999990000010001,0.010638297759167045,1.9999980000020001,0,0.0,0.11111109876543349,0.6666664444445185,2
49,0.0,1,0,4,400.895,1603.58,4,4,0,0.0,0.0,0.0,0.7499998125000469,0,0.0,0.4999999375000079,0.4999999375000079,4
53,0.0,0,0,2,95.125,190.25,2,3,2,0.25,0.99999950000025,0.01051248351898826,0.99999950000025,0,0.0,0.24999996875000394,0.599999880000024,1
58,0.0,1,0,5,325.8333333333333,1955.0,6,5,2,0.25,0.33333327777778704,0.0010230179022900163,0.49999991666668053,0,0.0,0.6249999218750099,0.4545454132231443,4
42,0.0,0,0,2,566.7149999999999,1133.4299999999998,2,2,1,0.125,0.499999750000125,0.0008822776873011322,1.499999250000375,0,0.0,0.24999996875000394,0.49999987500003124,2
51,0.0,1,0,2,589.24,1178.48,2,2,0,0.0,0.0,0.0,0.0,0,0.0,0.24999996875000394,0.49999987500003124,2
28,0.0,0,1,1,250.81,250.81,1,3,1,0.125,0.9999990000010001,0.003987081838893658,0.0,0,0.0,0.12499998437500197,0.7499998125000469,2
31,0.0,0,1,1,194.76,194.76,1,2,1,0.125,0.9999990000010001,0.0051345245166639734,0.9999990000010001,0,0.0,0.12499998437500197,0.6666664444445185,2
49,0.0,1,1,0,0.0,0.0,0,1,3,0.375,3000000.0,3000000.0,0.0,0,0.0,0.0,0.9999990000010001,6
42,0.0,1,0,3,422.9275,1691.71,4,4,1,0.1111111111111111,0.24999993750001562,0.0005911178626412814,0.49999987500003124,0,0.0,0.44444439506173394,0.4999999375000079,4
47,0.0,1,1,3,254.82333333333335,764.47,3,3,2,0.25,0.6666664444445185,0.002616191606451278,0.33333322222225925,0,0.0,0.3749999531250059,0.49999991666668053,1
49,0.0,1,0,2,653.685,1307.37,2,3,0,0.0,0.0,0.0,0.0,0,0.0,0.22222219753086697,0.599999880000024,2
46,0.0,1,1,0,0.0,0.0,0,1,0,0.0,0.0,0.0,0.0,0,0.0,0.0,0.9999990000010001,2
37,0.0,0,1,0,0.0,0.0,0,0,2,0.25,2000000.0,2000000.0,0.0,0,0.0,0.0,0.0,3
43,0.0,0,0,1,377.85,377.85,1,2,2,0.25,1.9999980000020001,0.005293105715778468,0.9999990000010001,0,0.0,0.12499998437500197,0.6666664444445185,1
19,0.0,0,0,1,102.635,205.27,2,1,2,0.25,0.99999950000025,0.0097432649206252,0.0,0,0.0,0.12499998437500197,0.33333322222225925,1
41,0.0,0,0,2,391.27,782.54,2,2,2,0.25,0.99999950000025,0.002555779892969331,0.499999750000125,0,0.0,0.24999996875000394,0.49999987500003124,1
42,0.0,1,1,4,292.94,1171.76,4,4,2,0.2222222222222222,0.49999987500003124,0.0017068341625359848,0.9999997500000625,0,0.0,0.44444439506173394,0.4999999375000079,4
47,1.0,0,0,3,342.27333333333337,1026.8200000000002,3,2,1,0.125,0.33333322222225925,0.0009738805233888307,0.6666664444445185,0,0.0,0.24999996875000394,0.399999920000016,2
38,0.0,1,0,2,361.46000000000004,722.9200000000001,2,2,0,0.0,0.0,0.0,0.0,0,0.0,0.22222219753086697,0.49999987500003124,2
51,0.0,1,0,3,597.8766666666667,1793.63,3,3,3,0.375,0.9999996666667778,0.0016725857609024234,0.33333322222225925,0,0.0,0.24999996875000394,0.49999991666668053,1
49,0.0,1,0,3,295.00666666666666,885.02,3,3,1,0.125,0.33333322222225925,0.001129917966678812,0.9999996666667778,0,0.0,0.3749999531250059,0.49999991666668053,4
43,0.0,1,0,3,648.4475,2593.79,4,4,1,0.125,0.24999993750001562,0.00038553622290719906,1.249999687500078,1,0.12499998437500197,0.4999999375000079,0.4999999375000079,7
44,0.0,1,0,3,583.9866666666667,1751.96,3,3,0,0.0,0.0,0.0,0.6666664444445185,0,0.0,0.22222219753086697,0.49999991666668053,2
50,0.0,1,1,1,582.32,582.32,1,1,3,0.375,2.9999970000030003,0.0051518065579890665,0.9999990000010001,0,0.0,0.12499998437500197,0.499999750000125,1
47,0.0,0,0,4,307.818,1539.09,5,5,1,0.125,0.199999960000008,0.0006497345830005168,0.399999920000016,0,0.0,0.4999999375000079,0.499999950000005,4
33,0.0,0,1,1,806.08,806.08,1,1,2,0.25,1.9999980000020001,0.0024811433077595976,0.9999990000010001,0,0.0,0.12499998437500197,0.499999750000125,1
19,0.0,0,0,1,77.23,77.23,1,1,0,0.0,0.0,0.0,0.0,0,0.0,0.12499998437500197,0.499999750000125,2
44,1.0,0,1,4,838.39,4191.95,5,5,3,0.375,0.599999880000024,0.0007156573907809832,0.599999880000024,1,0.09999999000000101,0.6249999218750099,0.499999950000005,7
26,0.0,1,1,1,4739.53,9479.06,2,1,1,0.125,0.499999750000125,0.00010549569259974136,0.99999950000025,1,0.33333322222225925,0.12499998437500197,0.33333322222225925,5
35,0.0,0,0,1,63.7,63.7,1,3,3,0.375,2.9999970000030003,0.047095760642138766,0.9999990000010001,0,0.0,0.12499998437500197,0.7499998125000469,1
26,0.0,0,0,0,0.0,0.0,0,0,1,0.125,1000000.0,1000000.0,0.0,0,0.0,0.0,0.0,0
43,0.0,1,0,4,353.2925,1413.17,4,3,1,0.125,0.24999993750001562,0.0007076289471842531,0.9999997500000625,0,0.0,0.3749999531250059,0.4285713673469475,4
58,0.0,1,0,3,925.8166666666667,2777.4500000000003,3,2,2,0.25,0.6666664444445185,0.0007200849697672019,1.6666661111112961,0,0.0,0.24999996875000394,0.399999920000016,1
54,0.0,1,0,4,422.196,2110.98,5,4,2,0.25,0.399999920000016,0.0009474272608232067,0.199999960000008,0,0.0,0.4999999375000079,0.44444439506173394,4
38,0.0,0,0,5,421.61400000000003,2108.07,5,5,3,0.3,0.599999880000024,0.001423102647718955,0.399999920000016,0,0.0,0.499999950000005,0.499999950000005,4
42,0.0,1,0,2,117.83,235.66,2,3,2,0.25,0.99999950000025,0.008486802985288963,0.0,0,0.0,0.24999996875000394,0.599999880000024,1
32,0.0,0,0,2,147.74,295.48,2,2,2,0.25,0.99999950000025,0.006768647601297389,0.99999950000025,0,0.0,0.24999996875000394,0.49999987500003124,1
47,0.0,1,1,5,387.2616666666667,2323.57,6,5,1,0.125,0.16666663888889352,0.00043037222875559063,0.8333331944444675,0,0.0,0.6249999218750099,0.4545454132231443,4
37,0.0,0,0,3,325.4633333333333,976.39,3,3,2,0.25,0.6666664444445185,0.0020483618205344566,0.9999996666667778,0,0.0,0.3749999531250059,0.49999991666668053,1
39,0.0,0,0,3,329.95,1319.8,4,3,0,0.0,0.0,0.0,0.7499998125000469,0,0.0,0.33333329629630043,0.4285713673469475,4
58,0.0,1,1,3,247.57333333333335,742.72,3,3,1,0.125,0.33333322222225925,0.001346402410940324,0.0,0,0.0,0.24999996875000394,0.49999991666668053,2
51,0.0,0,1,5,441.0516666666667,2646.31,6,7,0,0.0,0.0,0.0,1.1666664722222546,0,0.0,0.7499999062500118,0.5384614970414233,4
36,0.0,0,0,3,418.17333333333335,1254.52,3,3,1,0.125,0.33333322222225925,0.0007971176220410056,0.6666664444445185,0,0.0,0.3749999531250059,0.49999991666668053,4
25,0.0,0,0,0,0.0,0.0,0,1,0,0.0,0.0,0.0,0.0,0,0.0,0.0,0.9999990000010001,2
52,1.0,0,0,2,313.645,627.29,2,3,0,0.0,0.0,0.0,0.499999750000125,0,0.0,0.24999996875000394,0.599999880000024,2
53,0.0,1,0,2,466.66499999999996,933.3299999999999,2,2,3,0.375,1.499999250000375,0.003214297190474648,0.499999750000125,0,0.0,0.24999996875000394,0.49999987500003124,1
43,0.0,1,1,4,299.5025,1198.01,4,4,0,0.0,0.0,0.0,0.49999987500003124,0,0.0,0.4999999375000079,0.4999999375000079,4
50,0.0,0,1,4,448.0525,1792.21,4,3,0,0.0,0.0,0.0,0.7499998125000469,0,0.0,0.33333329629630043,0.4285713673469475,4
40,0.0,1,0,6,608.1683333333334,3649.01,6,6,1,0.125,0.16666663888889352,0.0002740469332026914,0.6666665555555741,0,0.0,0.7499999062500118,0.4999999583333368,4
38,0.0,0,0,4,566.8025,2267.21,4,4,1,0.125,0.24999993750001562,0.00044107074314198036,0.49999987500003124,0,0.0,0.4999999375000079,0.4999999375000079,4
46,0.0,0,0,3,382.5533333333333,1147.6599999999999,3,3,2,0.25,0.6666664444445185,0.0017426764009003744,0.6666664444445185,0,0.0,0.3749999531250059,0.49999991666668053,1
50,1.0,0,1,1,209.8,209.8,1,1,1,0.125,0.9999990000010001,0.004766444209883488,0.9999990000010001,0,0.0,0.0,0.499999750000125,2
34,0.0,0,1,0,0.0,0.0,0,0,1,0.125,1000000.0,1000000.0,0.0,0,0.0,0.0,0.0,0
29,0.0,0,0,2,482.76,965.52,2,3,1,0.125,0.499999750000125,0.001035711325466369,0.0,0,0.0,0.24999996875000394,0.599999880000024,2
53,0.0,1,0,2,316.28000000000003,632.5600000000001,2,2,1,0.125,0.499999750000125,0.0015808777008016982,0.499999750000125,0,0.0,0.24999996875000394,0.49999987500003124,2
40,0.0,0,0,3,544.09,1632.27,3,4,0,0.0,0.0,0.0,0.6666664444445185,0,0.0,0.3749999531250059,0.57142848979593,4
49,0.0,1,1,2,700.0,1400.0,2,2,3,0.375,1.499999250000375,0.0021428571413265305,0.0,0,0.0,0.24999996875000394,0.49999987500003124,1
46,0.0,0,0,4,697.142,3485.71,5,5,0,0.0,0.0,0.0,0.0,0,0.0,0.6249999218750099,0.499999950000005,4
34,0.0,0,0,0,0.0,0.0,0,1,1,0.125,1000000.0,1000000.0,0.0,0,0.0,0.0,0.9999990000010001,6
55,1.0,1,0,3,471.18,1413.54,3,2,1,0.1,0.33333322222225925,0.0007074437223513704,0.33333322222225925,0,0.0,0.19999998000000202,0.399999920000016,2
50,0.0,1,0,1,648.27,1944.81,3,3,2,0.25,0.6666664444445185,0.0010283780929610717,1.333332888889037,1,0.16666663888889352,0.24999996875000394,0.49999991666668053,7
31,1.0,0,0,2,301.46500000000003,602.9300000000001,2,3,0,0.0,0.0,0.0,0.99999950000025,0,0.0,0.24999996875000394,0.599999880000024,2
28,1.0,1,0,1,328.98,328.98,1,2,0,0.0,0.0,0.0,0.0,0,0.0,0.12499998437500197,0.6666664444445185,2
48,0.0,1,1,2,401.15999999999997,802.3199999999999,2,2,1,0.125,0.499999750000125,0.001246385480548428,0.99999950000025,0,0.0,0.24999996875000394,0.49999987500003124,2
49,0.0,1,0,1,445.66,445.66,1,1,1,0.125,0.9999990000010001,0.0022438630295654465,0.0,0,0.0,0.12499998437500197,0.499999750000125,2
48,0.0,0,0,3,593.432,2967.16,5,4,0,0.0,0.0,0.0,0.599999880000024,0,0.0,0.4999999375000079,0.44444439506173394,4
22,0.0,0,0,1,5895.18,11790.36,2,2,3,0.375,1.499999250000375,0.00025444515686930293,0.99999950000025,1,0.24999993750001562,0.12499998437500197,0.49999987500003124,5
51,0.0,1,0,3,318.0733333333333,954.22,3,3,1,0.1,0.33333322222225925,0.001047976356555117,0.6666664444445185,0,0.0,0.299999970000003,0.49999991666668053,4
42,1.0,0,1,0,0.0,0.0,0,0,2,0.25,2000000.0,2000000.0,0.0,0,0.0,0.0,0.0,3
38,0.0,0,0,3,347.15,1388.6,4,5,2,0.2222222222222222,0.49999987500003124,0.0014402995812758898,0.49999987500003124,0,0.0,0.44444439506173394,0.5555554938271674,4
19,1.0,0,0,1,680.86,680.86,1,1,3,0.375,2.9999970000030003,0.004406192162256276,0.0,0,0.0,0.12499998437500197,0.499999750000125,1
37,0.0,0,1,1,128.63,128.63,1,1,1,0.125,0.9999990000010001,0.007774236120856441,0.9999990000010001,0,0.0,0.12499998437500197,0.499999750000125,2
45,0.0,1,0,3,256.0833333333333,768.25,3,3,1,0.1111111111111111,0.33333322222225925,0.0013016596143160955,0.33333322222225925,0,0.0,0.33333329629630043,0.49999991666668053,4
34,0.0,0,0,1,4841.68,9683.36,2,2,2,0.2222222222222222,0.99999950000025,0.00020653987869845384,0.99999950000025,1,0.24999993750001562,0.22222219753086697,0.49999987500003124,5
38,1.0,1,1,0,0.0,0.0,0,0,2,0.25,2000000.0,2000000.0,0.0,0,0.0,0.0,0.0,3
25,0.0,0,0,0,0.0,0.0,0,0,0,0.0,0.0,0.0,0.0,0,0.0,0.0,0.0,0
49,0.0,1,0,3,139.0675,556.27,4,4,4,0.5,0.9999997500000625,0.007190752679111308,0.7499998125000469,1,0.12499998437500197,0.4999999375000079,0.4999999375000079,7
42,0.0,1,0,3,238.26666666666665,714.8,3,3,2,0.25,0.6666664444445185,0.0027979854465612964,0.33333322222225925,0,0.0,0.3749999531250059,0.49999991666668053,1
48,0.0,0,0,4,212.1475,848.59,4,4,2,0.25,0.49999987500003124,0.002356850773215745,0.49999987500003124,0,0.0,0.4999999375000079,0.4999999375000079,4
42,0.0,0,1,2,790.605,1581.21,2,3,0,0.0,0.0,0.0,0.499999750000125,0,0.0,0.24999996875000394,0.599999880000024,2
49,0.0,1,0,3,287.5675,1150.27,4,3,1,0.125,0.24999993750001562,0.0008693611057670275,0.9999997500000625,0,0.0,0.3749999531250059,0.4285713673469475,4
43,0.0,0,0,3,946.7774999999999,3787.1099999999997,4,4,3,0.375,0.7499998125000469,0.0007921607767421172,0.24999993750001562,1,0.12499998437500197,0.4999999375000079,0.4999999375000079,7
72,0.0,1,0,0,0.0,0.0,0,0,3,0.375,3000000.0,3000000.0,0.0,0,0.0,0.0,0.0,3
48,0.0,1,1,1,365.63,365.63,1,2,1,0.125,0.9999990000010001,0.002735005325780146,0.9999990000010001,0,0.0,0.12499998437500197,0.6666664444445185,2
48,0.0,0,0,2,427.18,854.36,2,2,4,0.4444444444444444,1.9999990000005,0.00468186712313092,0.0,0,0.0,0.22222219753086697,0.49999987500003124,1
34,0.0,0,0,4,423.8075,1695.23,4,3,2,0.25,0.49999987500003124,0.0011797809139882016,0.9999997500000625,0,0.0,0.3749999531250059,0.4285713673469475,4
19,0.0,0,0,1,9.27,9.27,1,0,3,0.375,2.9999970000030003,0.32362456055829986,0.0,0,0.0,0.0,0.0,0
48,0.0,1,0,4,915.326,4576.63,5,5,0,0.0,0.0,0.0,0.599999880000024,0,0.0,0.5555554938271674,0.499999950000005,4
43,0.0,1,0,4,313.73,1254.92,4,4,2,0.25,0.49999987500003124,0.0015937270889030955,0.0,0,0.0,0.4999999375000079,0.4999999375000079,4
35,0.0,0,0,1,99.92,99.92,1,2,3,0.375,2.9999970000030003,0.030024018914891724,0.9999990000010001,0,0.0,0.0,0.6666664444445185,1
76,0.0,0,0,0,0.0,0.0,0,0,1,0.1111111111111111,1000000.0,1000000.0,0.0,0,0.0,0.0,0.0,0
44,0.0,1,1,3,278.37666666666667,835.13,3,4,0,0.0,0.0,0.0,0.6666664444445185,0,0.0,0.3749999531250059,0.57142848979593,4
43,0.0,0,0,0,0.0,0.0,0,1,0,0.0,0.0,0.0,0.0,0,0.0,0.0,0.9999990000010001,2
41,0.0,0,0,3,422.18666666666667,1266.56,3,4,3,0.3333333333333333,0.9999996666667778,0.002368620513541703,0.6666664444445185,0,0.0,0.33333329629630043,0.57142848979593,1
30,0.0,0,1,4,2056.8799999999997,10284.399999999998,5,4,1,0.125,0.199999960000008,9.723464663983952e-05,0.799999840000032,1,0.11111109876543349,0.4999999375000079,0.44444439506173394,7
46,0.0,0,0,4,306.495,1225.98,4,2,1,0.125,0.24999993750001562,0.0008156739907537855,0.49999987500003124,0,0.0,0.24999996875000394,0.33333327777778704,4
49,0.0,1,1,1,1287.2,1287.2,1,2,3,0.375,2.9999970000030003,0.0023306401473503413,0.9999990000010001,0,0.0,0.12499998437500197,0.6666664444445185,1
32,0.0,0,0,2,326.19,652.38,2,2,0,0.0,0.0,0.0,0.499999750000125,0,0.0,0.24999996875000394,0.49999987500003124,2
40,0.0,0,0,4,303.5775,1214.31,4,4,1,0.1111111111111111,0.24999993750001562,0.0008235129408277022,0.9999997500000625,0,0.0,0.44444439506173394,0.4999999375000079,4
69,1.0,0,0,1,2091.67,4183.34,2,1,2,0.25,0.99999950000025,0.00047808688739665265,0.99999950000025,1,0.33333322222225925,0.12499998437500197,0.33333322222225925,7
47,0.0,0,0,2,335.31333333333333,1005.94,3,1,1,0.125,0.33333322222225925,0.000994095074264772,0.33333322222225925,0,0.0,0.12499998437500197,0.24999993750001562,2
37,0.0,1,0,4,273.09499999999997,1092.3799999999999,4,4,1,0.125,0.24999993750001562,0.000915432357864999,0.49999987500003124,0,0.0,0.4999999375000079,0.4999999375000079,4
46,0.0,1,1,5,355.142,1775.71,5,5,0,0.0,0.0,0.0,0.399999920000016,0,0.0,0.6249999218750099,0.499999950000005,4
40,1.0,1,1,3,219.27666666666664,657.8299999999999,3,5,1,0.125,0.33333322222225925,0.001520149580408085,0.6666664444445185,0,0.0,0.3749999531250059,0.6249999218750099,4
47,0.0,1,1,2,137.905,275.81,2,2,1,0.125,0.499999750000125,0.003625684334775083,0.499999750000125,0,0.0,0.24999996875000394,0.49999987500003124,2
47,0.0,1,1,1,360.81,360.81,1,1,4,0.5,3.9999960000040002,0.011086167204106961,0.9999990000010001,0,0.0,0.12499998437500197,0.499999750000125,1
40,0.0,0,0,4,339.78249999999997,1359.1299999999999,4,3,2,0.2222222222222222,0.49999987500003124,0.0014715295803407109,0.0,0,0.0,0.33333329629630043,0.4285713673469475,4
42,0.0,0,0,5,276.754,1383.77,5,5,2,0.25,0.399999920000016,0.0014453268957664012,0.399999920000016,0,0.0,0.6249999218750099,0.499999950000005,4
19,0.0,0,0,2,256.865,513.73,2,2,2,0.25,0.99999950000025,0.0038930955873842377,0.499999750000125,0,0.0,0.24999996875000394,0.49999987500003124,1
44,0.0,1,0,3,414.8966666666667,1244.69,3,3,2,0.25,0.6666664444445185,0.001606825794690384,0.0,0,0.0,0.3749999531250059,0.49999991666668053,1
19,0.0,0,0,1,350.1,700.2,2,1,1,0.125,0.499999750000125,0.0014281633798512376,0.0,1,0.33333322222225925,0.12499998437500197,0.33333322222225925,7
38,0.0,1,0,3,437.4866666666667,1312.46,3,3,2,0.25,0.6666664444445185,0.0015238559639731068,0.6666664444445185,0,0.0,0.3749999531250059,0.49999991666668053,1
58,0.0,0,0,4,282.8825,1131.53,4,4,2,0.25,0.49999987500003124,0.001767518314346488,0.7499998125000469,0,0.0,0.4999999375000079,0.4999999375000079,4
43,0.0,0,0,3,265.9433333333333,797.83,3,3,1,0.1111111111111111,0.33333322222225925,0.0012533998455142074,0.33333322222225925,0,0.0,0.33333329629630043,0.49999991666668053,4
51,0.0,1,1,2,325.48,650.96,2,2,2,0.25,0.99999950000025,0.0030723853953048027,0.499999750000125,0,0.0,0.24999996875000394,0.49999987500003124,1
28,0.0,0,0,1,1799.15,3598.3,2,2,2,0.25,0.99999950000025,0.0005558180250240897,0.0,1,0.24999993750001562,0.24999996875000394,0.49999987500003124,7
29,0.0,0,0,2,162.31,324.62,2,2,2,0.25,0.99999950000025,0.006161049823913961,0.99999950000025,0,0.0,0.24999996875000394,0.49999987500003124,1
29,0.0,0,0,0,0.0,0.0,0,0,2,0.25,2000000.0,2000000.0,0.0,0,0.0,0.0,0.0,3
38,0.0,1,1,0,0.0,0.0,0,0,2,0.2222222222222222,2000000.0,2000000.0,0.0,0,0.0,0.0,0.0,3
42,0.0,1,0,7,935.215,7481.72,8,7,2,0.25,0.24999996875000394,0.0002673182102153892,0.3749999531250059,0,0.0,0.8749998906250137,0.46666663555555765,4
50,0.0,1,0,3,425.59666666666664,1276.79,3,4,1,0.125,0.33333322222225925,0.0007832141536327711,0.0,0,0.0,0.3749999531250059,0.57142848979593,4
33,0.0,0,0,2,424.995,1699.98,4,4,2,0.25,0.49999987500003124,0.0011764844285365214,0.9999997500000625,1,0.12499998437500197,0.4999999375000079,0.4999999375000079,7
41,0.0,0,1,2,247.3,494.6,2,3,0,0.0,0.0,0.0,0.499999750000125,0,0.0,0.24999996875000394,0.599999880000024,2
32,0.0,0,0,2,832.315,1664.63,2,2,4,0.5,1.9999990000005,0.0024029363868229353,0.99999950000025,0,0.0,0.12499998437500197,0.49999987500003124,1
34,0.0,0,1,1,227.86,227.86,2,3,1,0.125,0.499999750000125,0.00438865968406627,0.0,1,0.199999960000008,0.24999996875000394,0.599999880000024,7
44,0.0,0,1,2,359.735,719.47,2,3,1,0.125,0.499999750000125,0.001389912016637369,0.499999750000125,0,0.0,0.24999996875000394,0.599999880000024,2
75,0.0,1,0,0,0.0,0.0,0,1,3,0.375,3000000.0,3000000.0,0.0,0,0.0,0.0,0.9999990000010001,6
50,0.0,1,0,2,373.815,747.63,2,2,2,0.25,0.99999950000025,0.0026751200424339314,0.499999750000125,0,0.0,0.24999996875000394,0.49999987500003124,1
69,0.0,1,0,0,0.0,0.0,0,1,3,0.375,3000000.0,3000000.0,0.0,0,0.0,0.0,0.9999990000010001,6
39,0.0,0,0,1,1230.45,1230.45,1,2,2,0.25,1.9999980000020001,0.0016254215924048747,0.0,0,0.0,0.12499998437500197,0.6666664444445185,1
27,0.0,0,0,0,0.0,0.0,0,0,1,0.125,1000000.0,1000000.0,0.0,0,0.0,0.0,0.0,0
29,0.0,0,0,2,563.005,1126.01,2,3,3,0.375,1.499999250000375,0.00266427473764507,0.499999750000125,0,0.0,0.24999996875000394,0.599999880000024,1
49,0.0,1,0,1,686.38,686.38,1,3,0,0.0,0.0,0.0,0.9999990000010001,0,0.0,0.12499998437500197,0.7499998125000469,2
27,0.0,0,1,1,544.41,1088.82,2,1,1,0.125,0.499999750000125,0.000918425450562604,0.0,1,0.33333322222225925,0.12499998437500197,0.33333322222225925,7
47,1.0,1,1,3,295.62333333333333,886.87,3,3,0,0.0,0.0,0.0,0.0,0,0.0,0.3749999531250059,0.49999991666668053,2
31,0.0,0,0,1,327.44,327.44,1,1,2,0.25,1.9999980000020001,0.006107989231285154,0.0,0,0.0,0.12499998437500197,0.499999750000125,1
56,0.0,1,1,5,557.766,2788.83,5,4,1,0.125,0.199999960000008,0.0003585733083914856,0.399999920000016,0,0.0,0.4999999375000079,0.44444439506173394,4
51,0.0,1,0,4,715.7860000000001,3578.9300000000003,5,4,2,0.2,0.399999920000016,0.0005588262412064985,0.799999840000032,1,0.11111109876543349,0.39999996000000404,0.44444439506173394,7
27,0.0,0,0,3,973.7333333333332,2921.2,3,2,1,0.125,0.33333322222225925,0.00034232507177107865,0.33333322222225925,0,0.0,0.24999996875000394,0.399999920000016,2
21,0.0,0,0,1,163.15,163.15,1,1,2,0.25,1.9999980000020001,0.012258657601847026,0.0,0,0.0,0.12499998437500197,0.499999750000125,1
42,0.0,1,1,1,285.5,285.5,1,1,0,0.0,0.0,0.0,0.9999990000010001,0,0.0,0.11111109876543349,0.499999750000125,2
38,0.0,0,1,3,373.06666666666666,1119.2,3,2,3,0.375,0.9999996666667778,0.0026804860590774783,0.9999996666667778,0,0.0,0.24999996875000394,0.399999920000016,1
41,0.0,1,0,4,479.0125,1916.05,4,4,1,0.125,0.24999993750001562,0.000521907048082301,0.49999987500003124,0,0.0,0.4999999375000079,0.4999999375000079,4
66,0.0,1,0,3,407.35666666666674,1222.0700000000002,3,4,3,0.375,0.9999996666667778,0.002454851193094625,0.6666664444445185,0,0.0,0.3749999531250059,0.57142848979593,1
19,0.0,0,1,1,295.39,295.39,1,2,1,0.125,0.9999990000010001,0.003385354943006348,0.0,0,0.0,0.12499998437500197,0.6666664444445185,2
43,0.0,0,0,6,309.9414285714286,2169.59,7,6,2,0.25,0.285714244897965,0.000921833156991951,0.57142848979593,1,0.07692307100591762,0.7499999062500118,0.4615384260355057,7
53,1.0,0,1,2,342.105,684.21,2,3,1,0.125,0.499999750000125,0.0014615395836635834,0.499999750000125,0,0.0,0.24999996875000394,0.599999880000024,2
51,0.0,1,1,3,686.7175,2746.87,4,4,1,0.1111111111111111,0.24999993750001562,0.0003640507194137143,0.24999993750001562,1,0.12499998437500197,0.44444439506173394,0.4999999375000079,7
50,0.0,1,0,5,804.9216666666666,4829.53,6,5,2,0.25,0.33333327777778704,0.0004141189721537874,0.16666663888889352,1,0.09090908264462885,0.6249999218750099,0.4545454132231443,7
43,0.0,1,0,2,479.85,959.7,2,3,0,0.0,0.0,0.0,0.499999750000125,0,0.0,0.24999996875000394,0.599999880000024,2
42,1.0,0,0,2,721.3866666666667,2164.16,3,4,3,0.3333333333333333,0.9999996666667778,0.0013862191328800925,0.6666664444445185,0,0.0,0.33333329629630043,0.57142848979593,1
48,0.0,0,0,2,59.730000000000004,119.46000000000001,2,1,0,0.0,0.0,0.0,0.0,0,0.0,0.12499998437500197,0.33333322222225925,2
18,0.0,0,0,0,0.0,0.0,0,0,2,0.25,2000000.0,2000000.0,0.0,0,0.0,0.0,0.0,3
19,0.0,0,0,0,0.0,0.0,0,1,3,0.375,3000000.0,3000000.0,0.0,0,0.0,0.0,0.9999990000010001,6
58,0.0,1,0,4,458.158,2290.79,5,5,1,0.125,0.199999960000008,0.0004365306289810369,0.599999880000024,1,0.09999999000000101,0.6249999218750099,0.499999950000005,7
52,0.0,1,1,3,196.95666666666668,590.87,3,3,0,0.0,0.0,0.0,0.33333322222225925,0,0.0,0.3749999531250059,0.49999991666668053,2
18,0.0,0,0,1,2466.97,4933.94,2,1,3,0.375,1.499999250000375,0.0006080333363178244,0.0,1,0.33333322222225925,0.12499998437500197,0.33333322222225925,7
46,0.0,1,0,3,157.9525,631.81,4,5,1,0.125,0.24999993750001562,0.0015827543065434953,0.24999993750001562,0,0.0,0.4999999375000079,0.5555554938271674,4
43,1.0,1,0,2,574.1966666666667,1722.5900000000001,3,2,4,0.5,1.333332888889037,0.0023220847663564252,0.6666664444445185,1,0.199999960000008,0.12499998437500197,0.399999920000016,7
46,0.0,1,0,2,416.42499999999995,832.8499999999999,2,3,2,0.25,0.99999950000025,0.0024013928049451973,0.0,0,0.0,0.24999996875000394,0.599999880000024,1
49,0.0,1,1,3,640.7633333333333,1922.29,3,3,0,0.0,0.0,0.0,0.33333322222225925,0,0.0,0.3749999531250059,0.49999991666668053,4
51,0.0,1,0,0,0.0,0.0,0,0,1,0.125,1000000.0,1000000.0,0.0,0,0.0,0.0,0.0,0
51,0.0,1,0,2,386.68,1160.04,3,4,1,0.125,0.33333322222225925,0.0008620392392830943,0.6666664444445185,0,0.0,0.3749999531250059,0.57142848979593,4
38,0.0,0,0,6,191.13,1146.78,6,4,1,0.125,0.16666663888889352,0.0008720068357732024,0.33333327777778704,0,0.0,0.4999999375000079,0.39999996000000404,4
37,0.0,0,0,3,191.69999999999996,575.0999999999999,3,3,0,0.0,0.0,0.0,0.9999996666667778,0,0.0,0.3749999531250059,0.49999991666668053,4
59,0.0,1,1,2,689.745,1379.49,3,4,2,0.2222222222222222,0.6666664444445185,0.0014498111610451606,0.6666664444445185,1,0.1428571224489825,0.33333329629630043,0.57142848979593,7
49,0.0,0,0,6,565.3433333333334,3392.06,6,5,0,0.0,0.0,0.0,0.49999991666668053,0,0.0,0.6249999218750099,0.4545454132231443,4
56,0.0,0,0,3,150.95,452.84999999999997,3,2,2,0.25,0.6666664444445185,0.004416473436200788,0.6666664444445185,0,0.0,0.24999996875000394,0.399999920000016,1
40,0.0,0,0,3,739.8266666666667,2219.48,3,3,1,0.125,0.33333322222225925,0.00045055598588383046,0.0,0,0.0,0.3749999531250059,0.49999991666668053,4
25,0.0,0,0,0,0.0,0.0,0,0,1,0.125,1000000.0,1000000.0,0.0,0,0.0,0.0,0.0,0
46,0.0,1,1,3,232.3175,929.27,4,4,2,0.2222222222222222,0.49999987500003124,0.0021522270145897028,0.7499998125000469,0,0.0,0.44444439506173394,0.4999999375000079,4
50,1.0,0,0,4,634.19,2536.76,4,4,1,0.125,0.24999993750001562,0.00039420362967162694,0.49999987500003124,0,0.0,0.4999999375000079,0.4999999375000079,4
21,0.0,0,0,0,0.0,0.0,0,1,1,0.125,1000000.0,1000000.0,0.0,0,0.0,0.0,0.9999990000010001,6
44,0.0,0,0,4,370.02,1480.08,4,2,2,0.25,0.49999987500003124,0.001351278308367603,0.49999987500003124,0,0.0,0.24999996875000394,0.33333327777778704,1
39,0.0,1,1,2,191.57000000000002,574.71,3,3,1,0.1111111111111111,0.33333322222225925,0.0017400080010091907,0.33333322222225925,0,0.0,0.33333329629630043,0.49999991666668053,2
52,0.0,1,0,0,0.0,0.0,0,0,1,0.125,1000000.0,1000000.0,0.0,0,0.0,0.0,0.0,0
41,0.0,1,0,1,344.32,344.32,1,1,0,0.0,0.0,0.0,0.0,0,0.0,0.12499998437500197,0.499999750000125,2
50,0.0,1,1,2,536.025,1072.05,2,3,0,0.0,0.0,0.0,0.99999950000025,0,0.0,0.24999996875000394,0.599999880000024,2
51,0.0,1,0,1,690.03,690.03,1,2,1,0.125,0.9999990000010001,0.0014492123509858813,0.9999990000010001,0,0.0,0.12499998437500197,0.6666664444445185,2
49,0.0,0,1,3,1622.5075,6490.03,4,3,3,0.375,0.7499998125000469,0.0004622474779835767,0.0,1,0.1428571224489825,0.3749999531250059,0.4285713673469475,7
41,0.0,0,1,6,431.00666666666666,2586.04,6,5,1,0.125,0.16666663888889352,0.0003866916210164222,0.8333331944444675,0,0.0,0.6249999218750099,0.4545454132231443,4
30,1.0,0,0,2,622.155,1244.31,2,3,2,0.25,0.99999950000025,0.0016073165034377955,0.499999750000125,0,0.0,0.24999996875000394,0.599999880000024,1
47,0.0,1,0,3,1064.986666666667,3194.9600000000005,3,3,3,0.375,0.9999996666667778,0.0009389788914606194,0.0,0,0.0,0.3749999531250059,0.49999991666668053,1
38,0.0,0,0,5,313.32599999999996,1566.6299999999999,5,5,2,0.25,0.399999920000016,0.0012766256223379958,0.799999840000032,0,0.0,0.6249999218750099,0.499999950000005,4
51,0.0,1,1,3,366.77,1100.31,3,5,0,0.0,0.0,0.0,0.9999996666667778,0,0.0,0.3749999531250059,0.6249999218750099,4
43,0.0,0,1,2,367.825,735.65,2,2,1,0.125,0.499999750000125,0.001359342076586227,0.99999950000025,0,0.0,0.24999996875000394,0.49999987500003124,2
39,0.0,0,0,1,410.54,410.54,1,1,0,0.0,0.0,0.0,0.9999990000010001,0,0.0,0.12499998437500197,0.499999750000125,2
29,0.0,0,1,1,566.625,1133.25,2,2,2,0.25,0.99999950000025,0.0017648356481228008,1.499999250000375,0,0.0,0.24999996875000394,0.49999987500003124,1
52,0.0,1,1,2,189.12,567.36,3,1,1,0.125,0.33333322222225925,0.0017625493482752584,0.9999996666667778,0,0.0,0.12499998437500197,0.24999993750001562,2
58,1.0,1,0,2,318.31,636.62,2,2,2,0.25,0.99999950000025,0.0031415915253344357,0.499999750000125,0,0.0,0.24999996875000394,0.49999987500003124,1
36,0.0,0,0,1,662.4,1324.8,2,1,4,0.4444444444444444,1.9999990000005,0.0030193236692185057,1.499999250000375,0,0.0,0.11111109876543349,0.33333322222225925,1
38,0.0,0,1,3,153.36333333333332,460.09,3,3,1,0.14285714285714285,0.33333322222225925,0.002173487791141977,0.6666664444445185,0,0.0,0.4285713673469475,0.49999991666668053,4
37,0.0,0,1,4,124.1925,496.77,4,3,1,0.1111111111111111,0.24999993750001562,0.0020130040018257866,0.9999997500000625,0,0.0,0.33333329629630043,0.4285713673469475,4
40,0.0,0,1,1,443.8,443.8,1,1,2,0.25,1.9999980000020001,0.004506534464834307,0.0,0,0.0,0.12499998437500197,0.499999750000125,1
56,1.0,0,0,3,229.36,688.08,3,4,2,0.25,0.6666664444445185,0.002906638758710268,0.0,0,0.0,0.3749999531250059,0.57142848979593,4
51,0.0,0,0,4,313.05,1565.25,5,4,1,0.125,0.199999960000008,0.0006388755785728314,0.599999880000024,0,0.0,0.4999999375000079,0.44444439506173394,4
57,0.0,1,1,4,354.3075,1417.23,4,4,0,0.0,0.0,0.0,0.49999987500003124,0,0.0,0.39999996000000404,0.4999999375000079,4
48,0.0,0,0,5,314.70799999999997,1573.54,5,5,2,0.2222222222222222,0.399999920000016,0.0012710194839209556,0.599999880000024,0,0.0,0.5555554938271674,0.499999950000005,4
52,0.0,1,1,3,590.82,1772.46,3,2,3,0.375,0.9999996666667778,0.001692562877756021,0.0,0,0.0,0.24999996875000394,0.399999920000016,1
44,0.0,1,0,3,566.4200000000001,1699.2600000000002,3,1,1,0.125,0.33333322222225925,0.0005884914606425788,0.9999996666667778,0,0.0,0.12499998437500197,0.24999993750001562,2
49,0.0,1,0,3,471.6366666666667,1414.91,3,3,1,0.125,0.33333322222225925,0.0007067587332715445,0.0,0,0.0,0.3749999531250059,0.49999991666668053,4
46,0.0,0,0,2,451.52500000000003,903.0500000000001,2,2,6,0.75,2.99999850000075,0.0066441503719127945,0.99999950000025,0,0.0,0.24999996875000394,0.49999987500003124,1
55,0.0,0,0,3,675.04,2025.12,3,4,2,0.2222222222222222,0.6666664444445185,0.0009875957963046162,1.333332888889037,0,0.0,0.33333329629630043,0.57142848979593,4
45,1.0,0,0,2,557.225,1114.45,2,1,3,0.375,1.499999250000375,0.0026919108056064327,0.0,0,0.0,0.12499998437500197,0.33333322222225925,1
56,0.0,0,0,3,616.69,1850.0700000000002,3,4,3,0.375,0.9999996666667778,0.0016215602644107732,0.33333322222225925,0,0.0,0.3749999531250059,0.57142848979593,1
54,1.0,0,0,5,466.37399999999997,2331.87,5,5,0,0.0,0.0,0.0,0.0,0,0.0,0.4999999375000079,0.499999950000005,4
43,0.0,0,0,3,374.1233333333333,1122.37,3,3,0,0.0,0.0,0.0,0.9999996666667778,0,0.0,0.3749999531250059,0.49999991666668053,4
19,1.0,0,0,0,0.0,0.0,1,2,2,0.25,1.9999980000020001,2000000.0,0.0,1,0.33333322222225925,0.12499998437500197,0.6666664444445185,7
43,0.0,1,0,3,421.35749999999996,1685.4299999999998,4,3,0,0.0,0.0,0.0,0.24999993750001562,0,0.0,0.3749999531250059,0.4285713673469475,4
23,1.0,0,0,1,140.85,140.85,1,1,2,0.25,1.9999980000020001,0.01419950291658145,0.0,0,0.0,0.12499998437500197,0.499999750000125,1
39,0.0,0,0,2,944.345,1888.69,2,2,2,0.2222222222222222,0.99999950000025,0.0010589350284806213,1.499999250000375,0,0.0,0.22222219753086697,0.49999987500003124,1
44,1.0,1,0,2,372.73,745.46,2,2,1,0.125,0.499999750000125,0.0013414535973205086,0.499999750000125,0,0.0,0.24999996875000394,0.49999987500003124,2
42,0.0,1,0,1,5312.72,10625.44,2,1,1,0.125,0.499999750000125,9.411374963351035e-05,0.99999950000025,1,0.33333322222225925,0.12499998437500197,0.33333322222225925,5
20,0.0,0,0,0,0.0,0.0,0,0,3,0.375,3000000.0,3000000.0,0.0,0,0.0,0.0,0.0,3
31,0.0,0,0,1,646.3,646.3,1,1,0,0.0,0.0,0.0,0.0,0,0.0,0.12499998437500197,0.499999750000125,2
48,0.0,1,0,4,200.5975,802.39,4,4,0,0.0,0.0,0.0,0.49999987500003124,0,0.0,0.4999999375000079,0.4999999375000079,4
30,1.0,0,0,4,301.0225,1204.09,4,4,0,0.0,0.0,0.0,0.9999997500000625,0,0.0,0.3749999531250059,0.4999999375000079,4
43,0.0,0,1,1,157.03,157.03,1,1,4,0.5,3.9999960000040002,0.025472839422576325,0.0,0,0.0,0.12499998437500197,0.499999750000125,1
55,0.0,1,1,3,858.9200000000001,2576.76,3,4,1,0.1111111111111111,0.33333322222225925,0.00038808426070410736,0.0,0,0.0,0.33333329629630043,0.57142848979593,4
41,0.0,1,0,4,506.3325,2025.33,4,4,2,0.25,0.49999987500003124,0.0009874933956503418,0.7499998125000469,0,0.0,0.4999999375000079,0.4999999375000079,4
49,0.0,0,0,2,370.21500000000003,740.4300000000001,2,2,3,0.375,1.499999250000375,0.004051699682547033,0.499999750000125,0,0.0,0.24999996875000394,0.49999987500003124,1
41,0.0,0,1,2,225.655,902.62,4,4,0,0.0,0.0,0.0,0.24999993750001562,0,0.0,0.3749999531250059,0.4999999375000079,4
46,0.0,0,1,0,0.0,0.0,0,0,0,0.0,0.0,0.0,0.0,0,0.0,0.0,0.0,0
36,0.0,0,1,3,247.765,991.06,4,2,1,0.125,0.24999993750001562,0.0010090206435442652,0.24999993750001562,0,0.0,0.24999996875000394,0.33333327777778704,2
19,0.0,0,0,1,998.62,998.62,1,3,3,0.375,2.9999970000030003,0.003004145718086814,0.9999990000010001,0,0.0,0.12499998437500197,0.7499998125000469,1
29,0.0,0,0,3,204.58,613.74,3,4,3,0.375,0.9999996666667778,0.004888063341336619,0.9999996666667778,0,0.0,0.3749999531250059,0.57142848979593,1
19,0.0,0,0,0,0.0,0.0,0,1,2,0.2222222222222222,2000000.0,2000000.0,0.0,0,0.0,0.0,0.9999990000010001,6
29,0.0,0,0,3,353.75333333333333,1061.26,3,4,0,0.0,0.0,0.0,0.33333322222225925,0,0.0,0.3749999531250059,0.57142848979593,4
44,1.0,1,0,4,301.176,1505.8799999999999,5,6,0,0.0,0.0,0.0,0.399999920000016,0,0.0,0.6249999218750099,0.5454544958677732,4
50,0.0,0,0,5,332.285,1993.71,6,5,0,0.0,0.0,0.0,0.33333327777778704,0,0.0,0.6249999218750099,0.4545454132231443,4
46,0.0,1,0,3,321.78499999999997,1287.1399999999999,4,5,3,0.3333333333333333,0.7499998125000469,0.002330748790084413,0.7499998125000469,1,0.11111109876543349,0.44444439506173394,0.5555554938271674,7
49,0.0,1,0,4,543.0899999999999,2172.3599999999997,4,5,2,0.25,0.49999987500003124,0.0009206577174498439,0.24999993750001562,0,0.0,0.4999999375000079,0.5555554938271674,4
35,0.0,1,0,1,224.01,224.01,1,1,2,0.25,1.9999980000020001,0.00892817280957023,0.0,0,0.0,0.12499998437500197,0.499999750000125,1
34,0.0,0,0,2,347.90500000000003,695.8100000000001,2,3,5,0.5555555555555556,2.499998750000625,0.007185869695483149,0.499999750000125,0,0.0,0.22222219753086697,0.599999880000024,1
32,0.0,0,0,4,528.3425,2113.37,4,6,2,0.25,0.49999987500003124,0.0009463558198770894,1.249999687500078,0,0.0,0.4999999375000079,0.599999940000006,4
56,0.0,1,1,3,355.37999999999994,1066.1399999999999,3,2,2,0.25,0.6666664444445185,0.0018759262368207494,0.6666664444445185,0,0.0,0.24999996875000394,0.399999920000016,1
37,0.0,1,0,4,342.53,1370.12,4,4,1,0.1111111111111111,0.24999993750001562,0.0007298630771539259,0.24999993750001562,0,0.0,0.33333329629630043,0.4999999375000079,4
56,1.0,1,1,0,0.0,0.0,0,0,2,0.2222222222222222,2000000.0,2000000.0,0.0,0,0.0,0.0,0.0,3
30,0.0,1,0,3,300.3875,1201.55,4,4,2,0.25,0.49999987500003124,0.0016645166645878101,0.24999993750001562,0,0.0,0.3749999531250059,0.4999999375000079,4
49,0.0,1,0,5,489.02833333333336,2934.17,6,6,1,0.125,0.16666663888889352,0.0003408118819493036,1.1666664722222546,0,0.0,0.7499999062500118,0.4999999583333368,4
44,0.0,1,0,3,226.49,905.96,4,4,2,0.25,0.49999987500003124,0.0022076029822424795,0.7499998125000469,0,0.0,0.4999999375000079,0.4999999375000079,4
30,0.0,0,0,0,0.0,0.0,0,0,0,0.0,0.0,0.0,0.0,0,0.0,0.0,0.0,0
56,0.0,1,0,3,454.52333333333337,1363.5700000000002,3,3,3,0.3333333333333333,0.9999996666667778,0.002200107070264007,0.6666664444445185,0,0.0,0.22222219753086697,0.49999991666668053,1
41,1.0,0,0,3,842.1233333333333,2526.37,3,2,0,0.0,0.0,0.0,0.9999996666667778,0,0.0,0.24999996875000394,0.399999920000016,2
47,0.0,0,0,4,406.8175,1627.27,4,4,1,0.125,0.24999993750001562,0.0006145261692192898,0.7499998125000469,0,0.0,0.4999999375000079,0.4999999375000079,4
44,0.0,0,0,4,189.5575,758.23,4,2,2,0.25,0.49999987500003124,0.002637722059747409,0.9999997500000625,0,0.0,0.24999996875000394,0.33333327777778704,1
45,0.0,0,0,5,344.085,2064.5099999999998,6,5,3,0.3,0.49999991666668053,0.0014531293132737896,0.49999991666668053,1,0.09090908264462885,0.499999950000005,0.4545454132231443,7
48,0.0,0,0,3,396.59666666666664,1189.79,3,2,0,0.0,0.0,0.0,0.6666664444445185,0,0.0,0.12499998437500197,0.399999920000016,2
24,0.0,0,0,2,303.7033333333333,911.11,3,3,1,0.125,0.33333322222225925,0.00109756231289574,0.9999996666667778,1,0.16666663888889352,0.3749999531250059,0.49999991666668053,7
35,0.0,0,0,2,290.9766666666667,872.9300000000001,3,1,2,0.2222222222222222,0.6666664444445185,0.0022911344526008563,0.33333322222225925,0,0.0,0.11111109876543349,0.24999993750001562,1
57,0.0,1,1,4,504.205,2016.82,4,4,3,0.375,0.7499998125000469,0.0014874902066185924,0.0,0,0.0,0.4999999375000079,0.4999999375000079,4
44,0.0,0,0,3,1187.6775,4750.71,5,6,3,0.375,0.599999880000024,0.0006314845569122332,0.199999960000008,2,0.1818181652892577,0.6249999218750099,0.5454544958677732,7
49,0.0,0,0,3,273.88666666666666,821.66,3,3,1,0.125,0.33333322222225925,0.0012170484127047095,0.33333322222225925,0,0.0,0.3749999531250059,0.49999991666668053,4
49,0.0,1,0,5,326.804,1634.02,5,5,2,0.25,0.399999920000016,0.001223975225992353,0.199999960000008,0,0.0,0.6249999218750099,0.499999950000005,4
48,0.0,1,0,4,1412.6799999999998,5650.719999999999,4,1,1,0.125,0.24999993750001562,0.00017696859866053025,0.7499998125000469,0,0.0,0.12499998437500197,0.199999960000008,4
47,0.0,0,1,2,250.14,500.28,2,3,3,0.375,1.499999250000375,0.005996641868560323,0.99999950000025,0,0.0,0.24999996875000394,0.599999880000024,1
44,0.0,1,0,1,363.99,727.98,2,2,0,0.0,0.0,0.0,0.499999750000125,0,0.0,0.22222219753086697,0.49999987500003124,2
42,0.0,0,1,2,341.845,683.69,2,3,2,0.25,0.99999950000025,0.002925302398857227,0.499999750000125,0,0.0,0.24999996875000394,0.599999880000024,1
57,1.0,0,1,2,568.975,1137.95,2,2,4,0.5,1.9999990000005,0.0035150929271803738,0.499999750000125,0,0.0,0.24999996875000394,0.49999987500003124,1
40,0.0,1,0,4,328.395,1313.58,4,4,0,0.0,0.0,0.0,0.9999997500000625,0,0.0,0.4999999375000079,0.4999999375000079,4
46,0.0,1,0,2,376.645,753.29,2,2,1,0.125,0.499999750000125,0.0013275099877503884,0.499999750000125,0,0.0,0.24999996875000394,0.49999987500003124,2
47,0.0,1,0,2,247.36,494.72,2,3,1,0.125,0.499999750000125,0.0020213454034173966,0.0,0,0.0,0.24999996875000394,0.599999880000024,2
43,1.0,0,0,5,642.138,3210.69,5,5,0,0.0,0.0,0.0,0.799999840000032,0,0.0,0.6249999218750099,0.499999950000005,4
19,0.0,0,0,1,298.05,298.05,1,3,0,0.0,0.0,0.0,1.9999980000020001,0,0.0,0.12499998437500197,0.7499998125000469,2
46,0.0,0,0,4,621.9925,2487.97,4,5,2,0.25,0.49999987500003124,0.0008038682135219203,0.9999997500000625,0,0.0,0.4999999375000079,0.5555554938271674,4
50,0.0,0,0,2,122.03,244.06,2,2,2,0.25,0.99999950000025,0.008194706186205415,0.0,0,0.0,0.24999996875000394,0.49999987500003124,1
51,0.0,1,1,3,617.8000000000001,1853.4,3,4,2,0.25,0.6666664444445185,0.0010790978735949616,0.33333322222225925,1,0.1428571224489825,0.3749999531250059,0.57142848979593,7
39,0.0,1,0,3,215.65333333333334,646.96,3,3,2,0.25,0.6666664444445185,0.0030913812243548574,0.6666664444445185,0,0.0,0.24999996875000394,0.49999991666668053,1
44,0.0,1,0,2,602.28,1204.56,2,2,3,0.375,1.499999250000375,0.0024905359612717205,0.99999950000025,0,0.0,0.24999996875000394,0.49999987500003124,1
38,0.0,0,0,5,241.50571428571428,1690.54,7,7,3,0.375,0.4285713673469475,0.0017745809020936617,0.57142848979593,1,0.07142856632653098,0.8749998906250137,0.49999996428571686,7
39,0.0,1,0,3,384.1333333333334,1152.4,3,2,1,0.125,0.33333322222225925,0.0008677542512428372,0.6666664444445185,0,0.0,0.24999996875000394,0.399999920000016,2
60,0.0,1,1,2,130.65,261.3,2,2,3,0.375,1.499999250000375,0.011481056213237441,0.0,0,0.0,0.24999996875000394,0.49999987500003124,1
38,0.0,1,0,3,137.77,413.31,3,3,0,0.0,0.0,0.0,0.33333322222225925,0,0.0,0.3749999531250059,0.49999991666668053,4
32,0.0,0,0,3,395.8333333333333,1187.5,3,3,0,0.0,0.0,0.0,0.9999996666667778,0,0.0,0.24999996875000394,0.49999991666668053,2
41,0.0,1,0,1,216.21,216.21,1,1,1,0.125,0.9999990000010001,0.004625132951181107,1.9999980000020001,0,0.0,0.12499998437500197,0.499999750000125,2
47,0.0,0,0,1,100.12,100.12,1,1,2,0.25,1.9999980000020001,0.019976028565960563,0.9999990000010001,0,0.0,0.12499998437500197,0.499999750000125,1
49,0.0,0,0,4,655.4575,2621.83,4,3,1,0.125,0.24999993750001562,0.00038141298238962367,1.249999687500078,0,0.0,0.3749999531250059,0.4285713673469475,4
44,0.0,0,0,4,497.026,2485.13,5,5,1,0.125,0.199999960000008,0.0004023934359963489,0.599999880000024,0,0.0,0.6249999218750099,0.499999950000005,4
67,0.0,1,0,1,499.23,499.23,1,2,2,0.2222222222222222,1.9999980000020001,0.004006169493006892,0.0,0,0.0,0.11111109876543349,0.6666664444445185,1
52,0.0,0,0,1,162.73000000000002,325.46000000000004,2,2,0,0.0,0.0,0.0,0.0,0,0.0,0.24999996875000394,0.49999987500003124,2
39,0.0,1,0,2,190.27333333333334,570.82,3,3,2,0.25,0.6666664444445185,0.0035037314678817637,0.0,0,0.0,0.3749999531250059,0.49999991666668053,1
32,0.0,0,0,4,300.3975,1201.59,4,3,1,0.125,0.24999993750001562,0.0008322306270589547,1.249999687500078,0,0.0,0.24999996875000394,0.4285713673469475,4
36,0.0,0,1,1,161.83,161.83,1,1,1,0.1111111111111111,0.9999990000010001,0.006179323943772329,0.9999990000010001,0,0.0,0.11111109876543349,0.499999750000125,2
59,0.0,1,1,0,0.0,0.0,0,1,0,0.0,0.0,0.0,0.0,0,0.0,0.0,0.9999990000010001,2
33,0.0,1,1,1,168.98,168.98,1,1,2,0.2,1.9999980000020001,0.011835720133532252,0.9999990000010001,0,0.0,0.09999999000000101,0.499999750000125,1
54,0.0,1,0,3,489.6433333333334,1468.93,3,4,0,0.0,0.0,0.0,1.333332888889037,0,0.0,0.33333329629630043,0.57142848979593,4
51,0.0,1,1,0,0.0,0.0,0,0,1,0.125,1000000.0,1000000.0,0.0,0,0.0,0.0,0.0,0
38,0.0,0,1,0,0.0,0.0,0,0,1,0.125,1000000.0,1000000.0,0.0,0,0.0,0.0,0.0,0
47,1.0,1,0,2,384.47999999999996,768.9599999999999,2,3,1,0.1111111111111111,0.499999750000125,0.0013004577594407283,0.499999750000125,0,0.0,0.22222219753086697,0.599999880000024,2
51,0.0,1,1,3,328.0933333333333,984.28,3,3,2,0.2222222222222222,0.6666664444445185,0.002031942128223735,0.0,0,0.0,0.33333329629630043,0.49999991666668053,1
27,0.0,0,0,0,0.0,0.0,0,1,1,0.125,1000000.0,1000000.0,0.0,0,0.0,0.0,0.9999990000010001,6
51,0.0,1,0,4,658.65,3293.25,5,4,1,0.1,0.199999960000008,0.0003036514080912013,0.199999960000008,0,0.0,0.39999996000000404,0.44444439506173394,4
38,0.0,0,0,3,935.97,3743.88,4,3,2,0.25,0.49999987500003124,0.0005342051560054795,0.7499998125000469,1,0.1428571224489825,0.3749999531250059,0.4285713673469475,7
48,0.0,1,0,2,163.89000000000001,327.78000000000003,2,2,0,0.0,0.0,0.0,0.99999950000025,0,0.0,0.24999996875000394,0.49999987500003124,2
53,0.0,1,0,2,675.085,1350.17,2,2,1,0.125,0.499999750000125,0.0007406474734732311,0.499999750000125,0,0.0,0.24999996875000394,0.49999987500003124,2
26,0.0,0,0,1,150.6,150.6,1,1,1,0.1111111111111111,0.9999990000010001,0.006640106197608857,0.0,0,0.0,0.11111109876543349,0.499999750000125,2
46,0.0,0,0,2,356.29499999999996,712.5899999999999,2,2,1,0.125,0.499999750000125,0.0014033315070330324,0.499999750000125,0,0.0,0.24999996875000394,0.49999987500003124,2
19,0.0,0,1,0,0.0,0.0,0,0,0,0.0,0.0,0.0,0.0,0,0.0,0.0,0.0,0
20,0.0,0,0,0,0.0,0.0,0,1,0,0.0,0.0,0.0,0.0,0,0.0,0.0,0.9999990000010001,2
43,0.0,0,1,2,447.55,895.1,2,2,0,0.0,0.0,0.0,0.499999750000125,0,0.0,0.12499998437500197,0.49999987500003124,2
38,0.0,1,1,0,0.0,0.0,0,1,1,0.125,1000000.0,1000000.0,0.0,0,0.0,0.0,0.9999990000010001,6
49,0.0,1,0,1,254.25,254.25,1,3,3,0.375,2.9999970000030003,0.011799409983089834,0.9999990000010001,0,0.0,0.12499998437500197,0.7499998125000469,1
30,0.0,0,0,2,424.155,848.31,2,3,2,0.25,0.99999950000025,0.002357628694277294,0.499999750000125,0,0.0,0.12499998437500197,0.599999880000024,1
28,0.0,0,0,2,322.8,968.4,3,4,2,0.25,0.6666664444445185,0.0020652622861779615,0.0,0,0.0,0.3749999531250059,0.57142848979593,1
74,0.0,1,0,0,0.0,0.0,0,1,2,0.25,2000000.0,2000000.0,0.0,0,0.0,0.0,0.9999990000010001,6
47,0.0,1,0,3,415.17,1245.51,3,2,2,0.25,0.6666664444445185,0.0016057679170735136,0.33333322222225925,0,0.0,0.24999996875000394,0.399999920000016,1
43,0.0,1,1,3,821.39,2464.17,3,3,3,0.375,0.9999996666667778,0.001217448470999384,0.6666664444445185,0,0.0,0.3749999531250059,0.49999991666668053,1
43,0.0,0,0,5,549.99,2749.95,5,6,0,0.0,0.0,0.0,0.399999920000016,0,0.0,0.6249999218750099,0.5454544958677732,4
58,0.0,1,0,2,367.635,735.27,2,2,4,0.5,1.9999990000005,0.005440178430453876,0.499999750000125,0,0.0,0.24999996875000394,0.49999987500003124,1
47,1.0,1,1,2,204.0,408.0,2,2,0,0.0,0.0,0.0,0.499999750000125,0,0.0,0.24999996875000394,0.49999987500003124,2
57,0.0,1,1,3,596.0633333333334,1788.19,3,4,2,0.25,0.6666664444445185,0.0011184493811516396,0.6666664444445185,0,0.0,0.3749999531250059,0.57142848979593,4
55,0.0,1,1,3,618.57,1855.71,3,4,2,0.2222222222222222,0.6666664444445185,0.00107775460547297,0.9999996666667778,0,0.0,0.33333329629630043,0.57142848979593,4
51,1.0,0,0,1,95.59,95.59,1,0,1,0.125,0.9999990000010001,0.010461345219569566,0.0,0,0.0,0.0,0.0,0
32,0.0,1,0,4,495.98400000000004,2479.92,5,4,2,0.25,0.399999920000016,0.0008064776279853876,1.199999760000048,1,0.11111109876543349,0.4999999375000079,0.44444439506173394,7
36,0.0,1,1,1,423.97,423.97,1,1,3,0.42857142857142855,2.9999970000030003,0.007075972339844865,0.9999990000010001,0,0.0,0.1428571224489825,0.499999750000125,1
25,0.0,0,0,1,2078.23,4156.46,2,1,3,0.375,1.499999250000375,0.0007217680428244785,0.99999950000025,1,0.33333322222225925,0.12499998437500197,0.33333322222225925,7
35,0.0,0,0,3,323.02666666666664,969.0799999999999,3,3,2,0.25,0.6666664444445185,0.0020638130989559036,0.9999996666667778,0,0.0,0.3749999531250059,0.49999991666668053,1
49,0.0,1,0,2,281.685,563.37,2,2,1,0.125,0.499999750000125,0.0017750323911904567,0.499999750000125,0,0.0,0.24999996875000394,0.49999987500003124,2
19,1.0,0,1,0,0.0,0.0,0,0,0,0.0,0.0,0.0,0.0,0,0.0,0.0,0.0,0
44,0.0,1,0,4,188.11249999999998,752.4499999999999,4,4,0,0.0,0.0,0.0,0.7499998125000469,0,0.0,0.4999999375000079,0.4999999375000079,4
51,0.0,1,0,3,400.56,1201.68,3,3,0,0.0,0.0,0.0,0.6666664444445185,0,0.0,0.33333329629630043,0.49999991666668053,4
35,0.0,1,1,1,422.97,422.97,1,2,2,0.2222222222222222,1.9999980000020001,0.00472846772884964,0.0,0,0.0,0.11111109876543349,0.6666664444445185,1
45,0.0,1,1,0,0.0,0.0,0,1,3,0.375,3000000.0,3000000.0,0.0,0,0.0,0.0,0.9999990000010001,6
53,0.0,1,1,4,277.232,1386.16,5,5,2,0.2,0.399999920000016,0.0014428348809352202,0.399999920000016,1,0.09999999000000101,0.39999996000000404,0.499999950000005,7
51,0.0,1,0,1,690.73,690.73,1,1,0,0.0,0.0,0.0,0.0,0,0.0,0.12499998437500197,0.499999750000125,2
41,0.0,0,0,4,723.7275000000001,2894.9100000000003,4,4,2,0.2,0.49999987500003124,0.0006908677642168952,0.7499998125000469,0,0.0,0.39999996000000404,0.4999999375000079,4
44,0.0,1,0,3,274.8775,1099.51,4,5,1,0.125,0.24999993750001562,0.0009094960474124872,0.49999987500003124,1,0.11111109876543349,0.4999999375000079,0.5555554938271674,7
26,0.0,0,0,1,715.35,715.35,1,1,1,0.125,0.9999990000010001,0.0013979171015615893,0.0,0,0.0,0.12499998437500197,0.499999750000125,2
40,0.0,0,0,3,1211.5425,4846.17,4,4,0,0.0,0.0,0.0,0.49999987500003124,0,0.0,0.3749999531250059,0.4999999375000079,4
57,0.0,1,1,2,433.11,866.22,2,3,5,0.625,2.499998750000625,0.005772205668568948,0.499999750000125,0,0.0,0.24999996875000394,0.599999880000024,1
41,0.0,1,1,2,395.67,791.34,2,2,3,0.375,1.499999250000375,0.003791037981409965,0.99999950000025,0,0.0,0.24999996875000394,0.49999987500003124,1
36,0.0,0,0,5,267.37199999999996,1336.86,5,4,0,0.0,0.0,0.0,0.199999960000008,0,0.0,0.57142848979593,0.44444439506173394,4
51,0.0,1,0,5,187.478,937.39,5,5,1,0.1111111111111111,0.199999960000008,0.0010667918357708192,0.0,0,0.0,0.5555554938271674,0.499999950000005,4
39,0.0,1,1,2,260.615,521.23,2,2,0,0.0,0.0,0.0,0.99999950000025,0,0.0,0.24999996875000394,0.49999987500003124,2
48,0.0,1,0,4,251.56,1006.24,4,4,2,0.25,0.49999987500003124,0.0019875973902969495,0.7499998125000469,0,0.0,0.4999999375000079,0.4999999375000079,4
37,0.0,1,0,0,0.0,0.0,0,0,1,0.125,1000000.0,1000000.0,0.0,0,0.0,0.0,0.0,0
49,0.0,1,1,3,393.31333333333333,1179.94,3,1,0,0.0,0.0,0.0,0.33333322222225925,0,0.0,0.12499998437500197,0.24999993750001562,2
52,0.0,1,0,4,270.4725,1081.89,4,5,0,0.0,0.0,0.0,0.49999987500003124,0,0.0,0.4999999375000079,0.5555554938271674,4
43,0.0,0,1,0,0.0,0.0,0,0,1,0.125,1000000.0,1000000.0,0.0,0,0.0,0.0,0.0,0
47,0.0,1,1,3,449.39333333333326,1348.1799999999998,3,2,1,0.125,0.33333322222225925,0.0007417407165647461,0.6666664444445185,0,0.0,0.24999996875000394,0.399999920000016,2
69,0.0,0,0,0,0.0,0.0,0,0,3,0.3333333333333333,3000000.0,3000000.0,0.0,0,0.0,0.0,0.0,3
27,0.0,0,0,1,181.51,181.51,1,1,1,0.125,0.9999990000010001,0.005509338298113943,0.9999990000010001,0,0.0,0.12499998437500197,0.499999750000125,2
73,0.0,0,0,0,0.0,0.0,0,0,1,0.125,1000000.0,1000000.0,0.0,0,0.0,0.0,0.0,0
27,0.0,0,0,2,398.015,796.03,2,3,1,0.1,0.499999750000125,0.0012562340599522204,0.499999750000125,0,0.0,0.19999998000000202,0.599999880000024,2
27,0.0,0,0,0,0.0,0.0,0,1,1,0.125,1000000.0,1000000.0,0.0,0,0.0,0.0,0.9999990000010001,6
48,0.0,1,0,0,0.0,0.0,0,0,3,0.3333333333333333,3000000.0,3000000.0,0.0,0,0.0,0.0,0.0,3
56,0.0,0,0,3,530.4966666666667,1591.49,3,3,0,0.0,0.0,0.0,1.333332888889037,0,0.0,0.3749999531250059,0.49999991666668053,4
44,0.0,1,0,3,242.8475,971.39,4,4,3,0.375,0.7499998125000469,0.003088357916914568,0.24999993750001562,1,0.12499998437500197,0.4999999375000079,0.4999999375000079,7
41,0.0,0,0,5,287.548,1437.74,5,5,2,0.2222222222222222,0.399999920000016,0.001391072098299364,0.399999920000016,0,0.0,0.5555554938271674,0.499999950000005,4
21,0.0,0,1,0,0.0,0.0,0,0,0,0.0,0.0,0.0,0.0,0,0.0,0.0,0.0,0
43,0.0,1,0,1,416.13,416.13,1,2,0,0.0,0.0,0.0,0.0,0,0.0,0.12499998437500197,0.6666664444445185,2
40,0.0,1,0,4,509.21,2036.84,4,5,3,0.375,0.7499998125000469,0.0014728697386771324,0.49999987500003124,0,0.0,0.4999999375000079,0.5555554938271674,4
19,0.0,0,1,0,0.0,0.0,0,0,0,0.0,0.0,0.0,0.0,0,0.0,0.0,0.0,0
28,0.0,0,0,0,0.0,0.0,0,0,3,0.375,3000000.0,3000000.0,0.0,0,0.0,0.0,0.0,3
47,0.0,1,1,2,241.07000000000002,482.14000000000004,2,2,1,0.125,0.499999750000125,0.0020740863606544023,0.0,0,0.0,0.24999996875000394,0.49999987500003124,2
49,0.0,0,0,3,697.09,2091.27,3,2,3,0.375,0.9999996666667778,0.0014345349947952513,0.33333322222225925,0,0.0,0.24999996875000394,0.399999920000016,1
46,0.0,0,0,2,151.16333333333333,453.49,3,3,3,0.3333333333333333,0.9999996666667778,0.00661536085334768,0.33333322222225925,0,0.0,0.22222219753086697,0.49999991666668053,1
46,0.0,1,1,2,494.59000000000003,989.1800000000001,2,1,2,0.2,0.99999950000025,0.0020218767039144776,0.499999750000125,0,0.0,0.09999999000000101,0.33333322222225925,1
46,0.0,1,0,3,540.6233333333333,1621.8700000000001,3,3,1,0.125,0.33333322222225925,0.0006165722279735291,0.6666664444445185,0,0.0,0.3749999531250059,0.49999991666668053,4
46,0.0,0,0,6,504.06333333333333,3024.38,6,5,1,0.125,0.16666663888889352,0.00033064628111194815,0.16666663888889352,0,0.0,0.6249999218750099,0.4545454132231443,4
43,0.0,1,1,3,529.1466666666666,1587.44,3,3,1,0.125,0.33333322222225925,0.0006299450683931706,0.6666664444445185,0,0.0,0.3749999531250059,0.49999991666668053,4
32,0.0,0,0,2,343.39,686.78,2,2,1,0.125,0.499999750000125,0.0014560703551995248,0.99999950000025,0,0.0,0.24999996875000394,0.49999987500003124,2
52,0.0,0,1,4,1361.132,6805.66,5,4,1,0.125,0.199999960000008,0.00014693652046282997,0.399999920000016,0,0.0,0.4999999375000079,0.44444439506173394,4
46,0.0,0,0,3,368.86,1475.44,4,4,3,0.42857142857142855,0.7499998125000469,0.002033291762434737,0.9999997500000625,1,0.12499998437500197,0.57142848979593,0.4999999375000079,7
34,0.0,0,0,2,266.495,532.99,2,2,0,0.0,0.0,0.0,0.99999950000025,0,0.0,0.24999996875000394,0.49999987500003124,2
70,0.0,0,0,0,0.0,0.0,0,0,1,0.125,1000000.0,1000000.0,0.0,0,0.0,0.0,0.0,0
64,0.0,1,0,1,302.63,302.63,1,1,2,0.25,1.9999980000020001,0.0066087301106673825,0.9999990000010001,0,0.0,0.12499998437500197,0.499999750000125,1
33,0.0,0,0,1,545.28,545.28,1,2,3,0.3333333333333333,2.9999970000030003,0.005501760553290492,1.9999980000020001,0,0.0,0.11111109876543349,0.6666664444445185,1
42,0.0,0,0,2,603.765,1207.53,2,2,2,0.25,0.99999950000025,0.00165627354876792,0.99999950000025,0,0.0,0.24999996875000394,0.49999987500003124,1
50,0.0,1,1,1,245.1,245.1,1,3,3,0.375,2.9999970000030003,0.012239902030844954,0.9999990000010001,0,0.0,0.12499998437500197,0.7499998125000469,1
28,0.0,0,1,1,234.11,234.11,1,2,2,0.25,1.9999980000020001,0.00854299257382003,0.0,0,0.0,0.12499998437500197,0.6666664444445185,1
32,0.0,0,0,2,267.03,534.06,2,2,1,0.125,0.499999750000125,0.0018724487850195696,0.0,0,0.0,0.12499998437500197,0.49999987500003124,2
37,1.0,0,1,1,458.0,916.0,2,2,2,0.25,0.99999950000025,0.0021834061111534867,0.0,1,0.24999993750001562,0.24999996875000394,0.49999987500003124,7
59,0.0,1,0,1,383.33,383.33,1,2,1,0.125,0.9999990000010001,0.002608718329875777,0.9999990000010001,0,0.0,0.12499998437500197,0.6666664444445185,2
45,0.0,0,0,4,328.39750000000004,1313.5900000000001,4,4,0,0.0,0.0,0.0,0.7499998125000469,0,0.0,0.44444439506173394,0.4999999375000079,4
38,0.0,0,1,3,457.0833333333333,1371.25,3,3,1,0.125,0.33333322222225925,0.0007292616220752877,0.33333322222225925,0,0.0,0.3749999531250059,0.49999991666668053,4
26,1.0,1,1,0,0.0,0.0,0,1,2,0.25,2000000.0,2000000.0,0.0,0,0.0,0.0,0.9999990000010001,6
32,1.0,1,1,2,4750.44,14251.32,3,3,3,0.375,0.9999996666667778,0.00021050681619593786,2.3333325555558146,1,0.16666663888889352,0.3749999531250059,0.49999991666668053,5
62,0.0,0,0,2,315.94,631.88,2,3,1,0.125,0.499999750000125,0.0015825789681860813,0.99999950000025,0,0.0,0.24999996875000394,0.599999880000024,2
45,0.0,0,1,3,285.715,1142.86,4,4,1,0.125,0.24999993750001562,0.0008749978117398475,0.7499998125000469,0,0.0,0.4999999375000079,0.4999999375000079,4
29,0.0,0,0,3,213.82666666666668,641.48,3,3,2,0.25,0.6666664444445185,0.0031177901055094623,0.33333322222225925,0,0.0,0.3749999531250059,0.49999991666668053,1
39,0.0,0,0,3,279.9066666666667,839.72,3,3,1,0.125,0.33333322222225925,0.0011908731467740756,0.6666664444445185,0,0.0,0.3749999531250059,0.49999991666668053,4
49,0.0,1,0,2,356.125,712.25,2,2,2,0.25,0.99999950000025,0.002808002804060368,0.0,0,0.0,0.24999996875000394,0.49999987500003124,1
38,1.0,0,1,2,279.47,558.94,2,1,0,0.0,0.0,0.0,1.499999250000375,0,0.0,0.12499998437500197,0.33333322222225925,2
49,0.0,0,1,2,476.06,1428.18,3,3,4,0.5,1.333332888889037,0.002800767408309339,0.6666664444445185,1,0.16666663888889352,0.3749999531250059,0.49999991666668053,7
55,0.0,1,0,3,341.98,1025.94,3,3,1,0.1111111111111111,0.33333322222225925,0.0009747158693737294,0.0,0,0.0,0.33333329629630043,0.49999991666668053,4
49,0.0,0,0,2,365.025,730.05,2,3,0,0.0,0.0,0.0,0.99999950000025,0,0.0,0.285714244897965,0.599999880000024,2
46,0.0,1,0,4,270.3375,1081.35,4,3,1,0.125,0.24999993750001562,0.000924769962616387,0.49999987500003124,0,0.0,0.3749999531250059,0.4285713673469475,4
39,0.0,0,0,2,443.625,887.25,2,2,1,0.125,0.499999750000125,0.0011270780488846683,0.99999950000025,0,0.0,0.24999996875000394,0.49999987500003124,2
57,0.0,1,1,4,461.705,1846.82,4,3,1,0.125,0.24999993750001562,0.000541471285484524,0.49999987500003124,0,0.0,0.3749999531250059,0.4285713673469475,4
56,0.0,1,0,2,452.31666666666666,1356.95,3,5,3,0.375,0.9999996666667778,0.002210840486229529,0.9999996666667778,0,0.0,0.3749999531250059,0.6249999218750099,1
29,0.0,0,0,3,419.96999999999997,1679.8799999999999,4,5,2,0.25,0.49999987500003124,0.00119056122985537,0.7499998125000469,0,0.0,0.4999999375000079,0.5555554938271674,4
49,0.0,1,0,2,277.2166666666667,831.6500000000001,3,3,2,0.25,0.6666664444445185,0.0024048578098901483,0.0,1,0.16666663888889352,0.3749999531250059,0.49999991666668053,7
52,0.0,1,1,1,205.59,411.18,2,3,2,0.25,0.99999950000025,0.004864049796040542,0.499999750000125,0,0.0,0.24999996875000394,0.599999880000024,1
42,0.0,0,0,3,576.17,2304.68,4,4,2,0.25,0.49999987500003124,0.0008677994338182311,0.7499998125000469,0,0.0,0.4999999375000079,0.4999999375000079,4
42,0.0,0,0,3,681.965,2727.86,4,4,2,0.18181818181818182,0.49999987500003124,0.0007331754559496545,0.49999987500003124,0,0.0,0.3636363305785154,0.4999999375000079,4
27,0.0,0,0,2,389.875,779.75,2,2,1,0.125,0.499999750000125,0.0012824623260244152,0.499999750000125,0,0.0,0.12499998437500197,0.49999987500003124,2
40,0.0,1,0,3,401.18666666666667,1203.56,3,3,1,0.1111111111111111,0.33333322222225925,0.0008308684229860842,0.9999996666667778,0,0.0,0.22222219753086697,0.49999991666668053,2
45,0.0,0,1,1,263.21500000000003,526.4300000000001,2,2,0,0.0,0.0,0.0,0.499999750000125,0,0.0,0.285714244897965,0.49999987500003124,2
19,0.0,0,0,0,0.0,0.0,0,0,1,0.125,1000000.0,1000000.0,0.0,0,0.0,0.0,0.0,0
50,0.0,1,1,4,152.676,763.38,5,5,1,0.1111111111111111,0.199999960000008,0.0013099635812963877,0.799999840000032,0,0.0,0.44444439506173394,0.499999950000005,4
55,0.0,1,0,1,133.21,133.21,1,4,1,0.125,0.9999990000010001,0.007506943866774687,0.0,0,0.0,0.12499998437500197,0.799999840000032,2
54,0.0,1,1,3,243.64666666666668,730.94,3,1,2,0.25,0.6666664444445185,0.0027362026941524574,0.0,0,0.0,0.12499998437500197,0.24999993750001562,1
49,0.0,0,1,2,486.30333333333334,1458.91,3,4,3,0.375,0.9999996666667778,0.002056329724207573,0.6666664444445185,0,0.0,0.3749999531250059,0.57142848979593,1
57,0.0,1,0,2,678.69,1357.38,2,1,2,0.25,0.99999950000025,0.0014734267475037006,0.99999950000025,0,0.0,0.12499998437500197,0.33333322222225925,1
61,0.0,1,0,1,240.38,240.38,1,1,4,0.5,3.9999960000040002,0.01664031942490923,1.9999980000020001,0,0.0,0.12499998437500197,0.499999750000125,1
44,0.0,1,0,4,473.845,1895.38,4,2,2,0.25,0.49999987500003124,0.001055197374112211,0.0,0,0.0,0.24999996875000394,0.33333327777778704,1
29,0.0,0,0,1,458.03,458.03,1,1,1,0.125,0.9999990000010001,0.00218326310027015,0.9999990000010001,0,0.0,0.12499998437500197,0.499999750000125,2
49,0.0,0,1,3,274.12666666666667,822.38,3,3,2,0.25,0.6666664444445185,0.0024319657549649,0.9999996666667778,0,0.0,0.3749999531250059,0.49999991666668053,1
48,0.0,0,1,3,663.14,1989.42,3,3,2,0.25,0.6666664444445185,0.001005318132417831,0.33333322222225925,0,0.0,0.3749999531250059,0.49999991666668053,1
27,0.0,0,0,0,0.0,0.0,0,0,3,0.375,3000000.0,3000000.0,0.0,0,0.0,0.0,0.0,3
37,0.0,0,0,1,181.34,181.34,1,2,0,0.0,0.0,0.0,0.9999990000010001,0,0.0,0.12499998437500197,0.6666664444445185,2
28,0.0,0,0,2,672.9000000000001,1345.8000000000002,2,3,1,0.125,0.499999750000125,0.0007430524589515139,0.99999950000025,0,0.0,0.24999996875000394,0.599999880000024,2
19,0.0,0,1,0,0.0,0.0,0,2,1,0.125,1000000.0,1000000.0,0.0,0,0.0,0.0,0.99999950000025,6
32,0.0,0,0,4,393.2425,1572.97,4,3,0,0.0,0.0,0.0,0.49999987500003124,0,0.0,0.3749999531250059,0.4285713673469475,4
36,0.0,1,0,1,1274.53,1274.53,1,2,1,0.125,0.9999990000010001,0.0007846029510607023,0.9999990000010001,0,0.0,0.12499998437500197,0.6666664444445185,2
47,0.0,1,1,2,209.7225,838.89,4,4,4,0.4444444444444444,0.9999997500000625,0.004768205599341742,1.249999687500078,1,0.12499998437500197,0.44444439506173394,0.4999999375000079,7
38,0.0,0,0,2,589.5533333333334,1768.66,3,4,1,0.125,0.33333322222225925,0.0005653997938747979,0.6666664444445185,0,0.0,0.3749999531250059,0.57142848979593,4
55,0.0,1,1,3,328.11249999999995,1312.4499999999998,4,4,0,0.0,0.0,0.0,0.49999987500003124,0,0.0,0.4999999375000079,0.4999999375000079,4
51,0.0,1,1,2,374.59999999999997,749.1999999999999,2,2,1,0.1111111111111111,0.499999750000125,0.001334757072430917,0.99999950000025,0,0.0,0.22222219753086697,0.49999987500003124,2
19,0.0,0,0,0,0.0,0.0,0,0,1,0.08333333333333333,1000000.0,1000000.0,0.0,0,0.0,0.0,0.0,0
26,0.0,0,0,0,0.0,0.0,0,1,3,0.3333333333333333,3000000.0,3000000.0,0.0,0,0.0,0.0,0.9999990000010001,6
60,0.0,1,1,1,53.13,53.13,1,2,2,0.25,1.9999980000020001,0.03764351519586834,0.9999990000010001,0,0.0,0.12499998437500197,0.6666664444445185,1
43,0.0,0,0,3,238.50333333333333,715.51,3,3,2,0.25,0.6666664444445185,0.002795209007847257,0.6666664444445185,0,0.0,0.3749999531250059,0.49999991666668053,1
50,0.0,1,0,2,509.095,1018.19,2,2,1,0.1111111111111111,0.499999750000125,0.0009821349640222994,0.99999950000025,0,0.0,0.22222219753086697,0.49999987500003124,2
39,0.0,1,1,2,232.785,465.57,2,2,1,0.125,0.499999750000125,0.002147904714333173,0.0,0,0.0,0.24999996875000394,0.49999987500003124,2
47,1.0,0,0,3,200.64000000000001,802.5600000000001,4,6,1,0.125,0.24999993750001562,0.001246012757618106,0.49999987500003124,1,0.09999999000000101,0.4999999375000079,0.599999940000006,7
26,0.0,0,1,1,188.11,188.11,1,1,3,0.375,2.9999970000030003,0.015948115379575165,0.9999990000010001,0,0.0,0.12499998437500197,0.499999750000125,1
50,0.0,1,0,3,267.99333333333334,803.98,3,3,3,0.375,0.9999996666667778,0.0037314361007345503,0.6666664444445185,0,0.0,0.3749999531250059,0.49999991666668053,1
41,0.0,0,0,1,442.01,884.02,2,3,0,0.0,0.0,0.0,0.499999750000125,0,0.0,0.24999996875000394,0.599999880000024,2
44,0.0,1,1,5,854.8716666666666,5129.23,6,6,1,0.125,0.16666663888889352,0.00019496103699873842,0.9999998333333611,1,0.08333332638888948,0.7499999062500118,0.4999999583333368,7
48,0.0,1,0,3,401.5675,1606.27,4,3,3,0.375,0.7499998125000469,0.0018676810238206023,0.7499998125000469,0,0.0,0.3749999531250059,0.4285713673469475,1
66,0.0,1,0,2,549.135,1098.27,2,3,1,0.1111111111111111,0.499999750000125,0.0009105229124800613,0.499999750000125,0,0.0,0.22222219753086697,0.599999880000024,2
41,0.0,1,1,1,344.85,344.85,1,1,3,0.375,2.9999970000030003,0.00869943451152839,0.0,1,0.499999750000125,0.12499998437500197,0.499999750000125,7
39,0.0,0,0,3,326.24,978.72,3,3,2,0.25,0.6666664444445185,0.002043485366556844,0.33333322222225925,0,0.0,0.3749999531250059,0.49999991666668053,1
34,1.0,0,0,2,1028.4850000000001,2056.9700000000003,2,2,1,0.125,0.499999750000125,0.00048615196114374444,0.499999750000125,0,0.0,0.24999996875000394,0.49999987500003124,2
30,0.0,0,0,2,138.80666666666664,416.41999999999996,3,3,3,0.375,0.9999996666667778,0.007204264907535026,0.6666664444445185,0,0.0,0.3749999531250059,0.49999991666668053,1
38,0.0,0,0,2,415.755,831.51,2,2,3,0.375,1.499999250000375,0.003607894067891073,0.0,0,0.0,0.24999996875000394,0.49999987500003124,1
49,0.0,1,0,4,401.51250000000005,1606.0500000000002,4,3,2,0.2222222222222222,0.49999987500003124,0.001245291241713962,0.24999993750001562,0,0.0,0.33333329629630043,0.4285713673469475,4
38,0.0,0,0,1,356.24,356.24,1,2,0,0.0,0.0,0.0,0.0,0,0.0,0.11111109876543349,0.6666664444445185,2
69,0.0,1,0,0,0.0,0.0,0,1,1,0.125,1000000.0,1000000.0,0.0,0,0.0,0.0,0.9999990000010001,6
30,0.0,0,0,3,298.8333333333333,896.5,3,2,1,0.125,0.33333322222225925,0.001115448966965478,0.6666664444445185,0,0.0,0.24999996875000394,0.399999920000016,2
23,0.0,0,1,0,0.0,0.0,0,0,2,0.25,2000000.0,2000000.0,0.0,0,0.0,0.0,0.0,3
45,0.0,0,0,3,799.055,3196.22,4,4,2,0.25,0.49999987500003124,0.0006257391541803321,0.9999997500000625,1,0.12499998437500197,0.3749999531250059,0.4999999375000079,7
56,0.0,1,0,2,723.99,1447.98,2,3,1,0.125,0.499999750000125,0.000690617273242298,0.499999750000125,0,0.0,0.24999996875000394,0.599999880000024,2
19,0.0,0,1,1,740.46,740.46,1,1,1,0.125,0.9999990000010001,0.0013505118421649894,1.9999980000020001,0,0.0,0.12499998437500197,0.499999750000125,2
56,0.0,1,0,3,264.09999999999997,792.3,3,4,2,0.25,0.6666664444445185,0.0025242963492057347,1.333332888889037,0,0.0,0.3749999531250059,0.57142848979593,4
18,0.0,0,0,3,1421.46,5685.84,4,5,2,0.25,0.49999987500003124,0.0003517510164985734,0.24999993750001562,1,0.11111109876543349,0.4999999375000079,0.5555554938271674,7
54,0.0,1,1,2,172.765,345.53,2,2,1,0.125,0.499999750000125,0.002894104700332519,0.99999950000025,0,0.0,0.24999996875000394,0.49999987500003124,2
39,0.0,0,0,3,709.6966666666667,2129.09,3,4,1,0.125,0.33333322222225925,0.0004696842310706996,0.33333322222225925,0,0.0,0.24999996875000394,0.57142848979593,4
23,1.0,0,1,1,1484.41,2968.82,2,1,1,0.125,0.499999750000125,0.00033683416295469774,0.99999950000025,1,0.33333322222225925,0.12499998437500197,0.33333322222225925,7
45,0.0,1,0,5,486.59799999999996,2432.99,5,5,0,0.0,0.0,0.0,0.399999920000016,0,0.0,0.6249999218750099,0.499999950000005,4
29,1.0,1,0,2,85.51,171.02,2,2,1,0.125,0.499999750000125,0.0058472692910345615,0.499999750000125,0,0.0,0.24999996875000394,0.49999987500003124,2
32,0.0,0,0,3,555.3933333333333,1666.1799999999998,3,3,2,0.25,0.6666664444445185,0.0012003505016262646,0.33333322222225925,0,0.0,0.3749999531250059,0.49999991666668053,1
54,0.0,1,1,4,593.5083333333333,3561.05,6,5,0,0.0,0.0,0.0,0.8333331944444675,0,0.0,0.5555554938271674,0.4545454132231443,4
18,0.0,0,1,2,337.505,675.01,2,0,4,0.5,1.9999990000005,0.005925838126952433,0.99999950000025,0,0.0,0.0,0.0,1
35,0.0,0,0,3,397.51,1192.53,3,3,1,0.125,0.33333322222225925,0.0008385533270957096,0.6666664444445185,0,0.0,0.3749999531250059,0.49999991666668053,4
54,0.0,1,1,2,381.045,762.09,2,2,0,0.0,0.0,0.0,0.499999750000125,0,0.0,0.24999996875000394,0.49999987500003124,2
45,1.0,0,0,3,260.3225,1041.29,4,3,2,0.25,0.49999987500003124,0.0019206945212950333,0.49999987500003124,1,0.1428571224489825,0.3749999531250059,0.4285713673469475,7
22,1.0,0,0,1,699.81,699.81,1,1,3,0.375,2.9999970000030003,0.0042868778607238,0.9999990000010001,0,0.0,0.0,0.499999750000125,1
49,0.0,1,1,3,3003.6825,12014.73,4,3,4,0.5,0.9999997500000625,0.0003329246682752817,1.999999500000125,1,0.1428571224489825,0.24999996875000394,0.4285713673469475,5
44,0.0,1,0,3,232.01,696.03,3,3,1,0.125,0.33333322222225925,0.0014367196795587551,0.6666664444445185,0,0.0,0.3749999531250059,0.49999991666668053,4
41,1.0,0,0,4,442.96999999999997,1771.8799999999999,4,4,2,0.2222222222222222,0.49999987500003124,0.0011287446096074538,0.0,0,0.0,0.44444439506173394,0.4999999375000079,4
59,0.0,0,0,1,523.66,1047.32,2,2,4,0.5,1.9999990000005,0.00381927204310118,0.99999950000025,0,0.0,0.24999996875000394,0.49999987500003124,1
28,1.0,0,0,3,347.6833333333334,1043.0500000000002,3,4,2,0.25,0.6666664444445185,0.001917453619752213,0.33333322222225925,0,0.0,0.3749999531250059,0.57142848979593,4
27,0.0,1,1,0,0.0,0.0,0,0,1,0.125,1000000.0,1000000.0,0.0,0,0.0,0.0,0.0,0
37,0.0,0,0,1,262.3,262.3,1,1,2,0.25,1.9999980000020001,0.007624857004861391,1.9999980000020001,0,0.0,0.12499998437500197,0.499999750000125,1
71,0.0,1,0,0,0.0,0.0,0,0,1,0.125,1000000.0,1000000.0,0.0,0,0.0,0.0,0.0,0
19,0.0,0,0,1,97.2,97.2,1,1,2,0.25,1.9999980000020001,0.0205761314755542,0.9999990000010001,0,0.0,0.12499998437500197,0.499999750000125,1
41,0.0,0,1,2,492.83500000000004,985.6700000000001,2,1,2,0.25,0.99999950000025,0.0020290766666033492,0.99999950000025,0,0.0,0.12499998437500197,0.33333322222225925,1
62,0.0,1,0,0,0.0,0.0,0,0,2,0.2857142857142857,2000000.0,2000000.0,0.0,0,0.0,0.0,0.0,3
32,0.0,0,1,3,640.9366666666666,1922.81,3,2,1,0.125,0.33333322222225925,0.0005200721857489444,0.33333322222225925,0,0.0,0.24999996875000394,0.399999920000016,2
46,0.0,1,0,2,649.3800000000001,1298.7600000000002,2,3,0,0.0,0.0,0.0,0.99999950000025,0,0.0,0.12499998437500197,0.599999880000024,2
45,0.0,0,0,2,849.5350000000001,1699.0700000000002,2,1,1,0.1111111111111111,0.499999750000125,0.0005885572692187153,0.499999750000125,0,0.0,0.11111109876543349,0.33333322222225925,2
38,0.0,0,0,4,832.7760000000001,4163.88,5,7,2,0.25,0.399999920000016,0.00048032123872918494,0.99999980000004,0,0.0,0.4999999375000079,0.5833332847222263,4
27,0.0,0,0,2,730.595,1461.19,2,3,2,0.25,0.99999950000025,0.0013687473898885514,0.0,0,0.0,0.12499998437500197,0.599999880000024,1
29,0.0,0,1,2,273.01,546.02,2,2,0,0.0,0.0,0.0,0.0,0,0.0,0.24999996875000394,0.49999987500003124,2
55,1.0,0,1,2,452.125,904.25,2,2,1,0.125,0.499999750000125,0.0011058888569467637,0.99999950000025,0,0.0,0.24999996875000394,0.49999987500003124,2
48,0.0,0,0,0,0.0,0.0,0,2,1,0.1111111111111111,1000000.0,1000000.0,0.0,0,0.0,0.0,0.99999950000025,6
27,0.0,0,1,1,303.72,303.72,1,2,2,0.25,1.9999980000020001,0.0065850124898425766,0.9999990000010001,0,0.0,0.12499998437500197,0.6666664444445185,1
40,0.0,0,0,3,165.85999999999999,497.58,3,4,1,0.1111111111111111,0.33333322222225925,0.0020097270750236602,0.9999996666667778,0,0.0,0.33333329629630043,0.57142848979593,4
44,1.0,0,0,3,374.2,1122.6,3,3,2,0.25,0.6666664444445185,0.0017815784769449684,0.0,0,0.0,0.3749999531250059,0.49999991666668053,1
22,0.0,0,1,0,0.0,0.0,0,1,0,0.0,0.0,0.0,0.0,0,0.0,0.0,0.9999990000010001,2
51,0.0,1,0,2,1087.6966666666665,3263.0899999999997,3,3,1,0.125,0.33333322222225925,0.00030645798911263316,1.6666661111112961,1,0.16666663888889352,0.24999996875000394,0.49999991666668053,7
38,0.0,0,0,2,622.715,1245.43,2,3,2,0.25,0.99999950000025,0.0016058710633228112,0.99999950000025,0,0.0,0.24999996875000394,0.599999880000024,1
60,0.0,0,1,2,76.575,153.15,2,2,4,0.4444444444444444,1.9999990000005,0.02611818461561747,0.499999750000125,0,0.0,0.22222219753086697,0.49999987500003124,1
43,0.0,0,0,4,343.5725,1374.29,4,3,0,0.0,0.0,0.0,0.49999987500003124,0,0.0,0.3749999531250059,0.4285713673469475,4
50,0.0,1,0,3,466.23,1398.69,3,2,3,0.3333333333333333,0.9999996666667778,0.002144864121324336,0.6666664444445185,0,0.0,0.22222219753086697,0.399999920000016,1
25,0.0,0,0,2,468.93500000000006,937.8700000000001,2,1,2,0.25,0.99999950000025,0.002132491707664717,0.0,0,0.0,0.12499998437500197,0.33333322222225925,1
51,1.0,0,1,2,253.185,506.37,2,2,2,0.25,0.99999950000025,0.003949681055454152,0.499999750000125,0,0.0,0.12499998437500197,0.49999987500003124,1
31,0.0,0,0,1,668.68,668.68,1,1,3,0.3333333333333333,2.9999970000030003,0.004486450911517541,0.0,0,0.0,0.11111109876543349,0.499999750000125,1
46,1.0,1,0,2,230.4,460.8,2,3,1,0.125,0.499999750000125,0.0021701388841793862,0.499999750000125,0,0.0,0.12499998437500197,0.599999880000024,2
44,0.0,0,0,3,663.91,2655.64,4,4,0,0.0,0.0,0.0,0.24999993750001562,0,0.0,0.4999999375000079,0.4999999375000079,4
69,0.0,0,0,0,0.0,0.0,0,0,2,0.25,2000000.0,2000000.0,0.0,0,0.0,0.0,0.0,3
44,0.0,1,0,3,485.52750000000003,1942.1100000000001,4,2,2,0.25,0.49999987500003124,0.0010298077858464207,0.24999993750001562,0,0.0,0.24999996875000394,0.33333327777778704,1
49,0.0,0,0,2,596.595,1193.19,2,1,1,0.125,0.499999750000125,0.0008380894904934758,0.499999750000125,0,0.0,0.12499998437500197,0.33333322222225925,2
25,0.0,0,0,1,642.01,642.01,1,1,2,0.25,1.9999980000020001,0.0031152162690375284,0.9999990000010001,0,0.0,0.12499998437500197,0.499999750000125,1
43,0.0,0,0,4,446.83,1787.32,4,4,1,0.125,0.24999993750001562,0.000559496900074135,0.9999997500000625,0,0.0,0.4999999375000079,0.4999999375000079,4
55,0.0,0,1,3,603.7125,2414.85,4,4,3,0.3333333333333333,0.7499998125000469,0.0012423131866400345,0.24999993750001562,1,0.12499998437500197,0.33333329629630043,0.4999999375000079,7
46,1.0,0,0,4,267.15999999999997,1068.6399999999999,4,4,1,0.125,0.24999993750001562,0.0009357688267931494,0.7499998125000469,0,0.0,0.4999999375000079,0.4999999375000079,4
41,0.0,1,0,2,567.5533333333333,1702.6599999999999,3,3,0,0.0,0.0,0.0,0.33333322222225925,0,0.0,0.24999996875000394,0.49999991666668053,2
42,0.0,0,0,2,445.67499999999995,891.3499999999999,2,3,1,0.125,0.499999750000125,0.0011218937554025987,0.0,0,0.0,0.24999996875000394,0.599999880000024,2
41,0.0,0,1,1,559.49,559.49,1,2,0,0.0,0.0,0.0,0.9999990000010001,0,0.0,0.12499998437500197,0.6666664444445185,2
18,0.0,0,0,1,444.68,444.68,1,1,1,0.125,0.9999990000010001,0.002248808126633066,0.9999990000010001,0,0.0,0.0,0.499999750000125,2
29,1.0,0,0,2,1026.4850000000001,2052.9700000000003,2,2,1,0.125,0.499999750000125,0.00048709917802642065,1.499999250000375,0,0.0,0.24999996875000394,0.49999987500003124,2
41,0.0,0,0,2,687.8,1375.6,2,2,1,0.125,0.499999750000125,0.0007269555097943039,0.0,0,0.0,0.24999996875000394,0.49999987500003124,2
30,0.0,0,1,1,297.45,297.45,1,2,0,0.0,0.0,0.0,0.9999990000010001,0,0.0,0.11111109876543349,0.6666664444445185,2
47,0.0,0,0,2,610.255,1220.51,2,3,1,0.1111111111111111,0.499999750000125,0.000819329623829932,0.99999950000025,0,0.0,0.22222219753086697,0.599999880000024,2
48,0.0,1,1,4,640.11,3200.55,5,5,0,0.0,0.0,0.0,0.599999880000024,0,0.0,0.4999999375000079,0.499999950000005,4
19,0.0,0,0,1,697.33,697.33,1,2,1,0.125,0.9999990000010001,0.0014340412696513254,0.9999990000010001,0,0.0,0.0,0.6666664444445185,2
41,0.0,0,0,3,337.27666666666664,1011.8299999999999,3,3,3,0.375,0.9999996666667778,0.0029649249350533935,0.6666664444445185,0,0.0,0.3749999531250059,0.49999991666668053,1
19,0.0,0,0,1,145.43,145.43,1,2,0,0.0,0.0,0.0,0.9999990000010001,0,0.0,0.12499998437500197,0.6666664444445185,2
53,0.0,0,1,3,509.34,1528.02,3,3,0,0.0,0.0,0.0,0.9999996666667778,0,0.0,0.3749999531250059,0.49999991666668053,4
38,1.0,1,0,3,344.8333333333333,1034.5,3,3,0,0.0,0.0,0.0,0.0,0,0.0,0.3749999531250059,0.49999991666668053,4
48,0.0,1,1,1,207.08,207.08,1,0,1,0.125,0.9999990000010001,0.004829051550951074,0.0,0,0.0,0.0,0.0,0
55,1.0,1,0,4,290.264,1451.3200000000002,5,5,3,0.375,0.599999880000024,0.002067083756809605,0.199999960000008,1,0.09999999000000101,0.6249999218750099,0.499999950000005,7
44,0.0,0,1,3,344.8666666666666,1034.6,3,4,2,0.25,0.6666664444445185,0.0019331142451835355,0.33333322222225925,0,0.0,0.3749999531250059,0.57142848979593,4
35,0.0,0,0,2,535.415,1070.83,2,3,2,0.25,0.99999950000025,0.0018677100922950326,0.99999950000025,0,0.0,0.24999996875000394,0.599999880000024,1
36,0.0,1,1,3,345.19,1035.57,3,3,1,0.125,0.33333322222225925,0.0009656517657274237,0.6666664444445185,0,0.0,0.3749999531250059,0.49999991666668053,4
45,0.0,0,0,4,512.9175,2051.67,4,4,1,0.125,0.24999993750001562,0.000487407818758666,0.0,0,0.0,0.4999999375000079,0.4999999375000079,4
43,1.0,0,0,6,286.56333333333333,1719.38,6,7,2,0.25,0.33333327777778704,0.0011632099936237422,0.6666665555555741,0,0.0,0.7499999062500118,0.5384614970414233,4
51,0.0,1,0,5,628.695,3772.17,6,5,1,0.125,0.16666663888889352,0.00026509939894938474,0.49999991666668053,0,0.0,0.6249999218750099,0.4545454132231443,4
31,0.0,0,0,3,703.5025,2814.01,4,4,1,0.1111111111111111,0.24999993750001562,0.00035536476403589016,0.24999993750001562,0,0.0,0.44444439506173394,0.4999999375000079,4
64,0.0,1,0,1,354.88,354.88,1,1,1,0.1111111111111111,0.9999990000010001,0.0028178539145123594,1.9999980000020001,0,0.0,0.0,0.499999750000125,2
40,1.0,0,0,3,314.7133333333333,944.14,3,3,2,0.25,0.6666664444445185,0.00211832990645632,0.33333322222225925,0,0.0,0.3749999531250059,0.49999991666668053,1
65,0.0,1,1,1,215.25,215.25,1,1,3,0.3333333333333333,2.9999970000030003,0.013937282165215878,0.0,0,0.0,0.11111109876543349,0.499999750000125,1
48,0.0,1,1,3,1609.3933333333334,4828.18,3,2,2,0.25,0.6666664444445185,0.0004142347633240196,0.33333322222225925,0,0.0,0.24999996875000394,0.399999920000016,1
37,0.0,1,1,0,0.0,0.0,0,0,2,0.25,2000000.0,2000000.0,0.0,0,0.0,0.0,0.0,3
70,0.0,1,0,0,0.0,0.0,0,0,1,0.125,1000000.0,1000000.0,0.0,0,0.0,0.0,0.0,0
69,1.0,1,0,0,0.0,0.0,0,1,1,0.125,1000000.0,1000000.0,0.0,0,0.0,0.0,0.9999990000010001,6
42,0.0,0,0,4,483.064,2415.32,5,5,1,0.125,0.199999960000008,0.0004140238144784029,0.799999840000032,0,0.0,0.6249999218750099,0.499999950000005,4
48,1.0,1,0,2,632.3499999999999,1264.6999999999998,2,3,2,0.25,0.99999950000025,0.001581402702948207,0.0,0,0.0,0.24999996875000394,0.599999880000024,1
39,0.0,1,0,0,0.0,0.0,0,0,2,0.2222222222222222,2000000.0,2000000.0,0.0,0,0.0,0.0,0.0,3
46,1.0,1,1,2,254.76000000000002,509.52000000000004,2,3,1,0.125,0.499999750000125,0.0019626314924583305,0.499999750000125,0,0.0,0.24999996875000394,0.599999880000024,2
70,0.0,1,0,0,0.0,0.0,0,1,4,0.4,4000000.0,4000000.0,0.0,0,0.0,0.0,0.9999990000010001,6
42,1.0,0,0,1,356.87,356.87,1,1,1,0.125,0.9999990000010001,0.002802140827746404,0.0,0,0.0,0.12499998437500197,0.499999750000125,2
48,0.0,1,1,1,650.5,650.5,1,1,2,0.25,1.9999980000020001,0.0030745580275564057,0.9999990000010001,0,0.0,0.12499998437500197,0.499999750000125,1
54,0.0,1,1,3,363.42333333333335,1090.27,3,3,2,0.25,0.6666664444445185,0.0018344079889986808,0.6666664444445185,0,0.0,0.24999996875000394,0.49999991666668053,1
48,1.0,0,0,2,577.5066666666667,1732.52,3,3,2,0.25,0.6666664444445185,0.0011543878274684345,0.33333322222225925,0,0.0,0.3749999531250059,0.49999991666668053,1
33,0.0,0,1,2,331.46500000000003,662.9300000000001,2,2,3,0.375,1.499999250000375,0.004525364662143265,1.499999250000375,0,0.0,0.24999996875000394,0.49999987500003124,1
49,0.0,1,1,5,384.294,1921.47,5,4,3,0.375,0.599999880000024,0.0015613046253330498,0.399999920000016,0,0.0,0.4999999375000079,0.44444439506173394,4
49,0.0,1,1,3,404.53,1213.59,3,4,1,0.1111111111111111,0.33333322222225925,0.0008240015154838112,0.0,0,0.0,0.33333329629630043,0.57142848979593,4
59,0.0,1,1,2,350.44,700.88,2,4,2,0.25,0.99999950000025,0.002853555526119228,1.9999990000005,0,0.0,0.24999996875000394,0.6666665555555741,1
38,0.0,1,0,3,146.965,587.86,4,4,1,0.1,0.24999993750001562,0.0017010852895228705,0.49999987500003124,1,0.12499998437500197,0.39999996000000404,0.4999999375000079,7
31,0.0,0,0,1,406.43,406.43,1,1,0,0.0,0.0,0.0,0.0,0,0.0,0.11111109876543349,0.499999750000125,2
46,0.0,0,0,1,690.01,690.01,1,3,1,0.125,0.9999990000010001,0.0014492543565321455,0.0,0,0.0,0.12499998437500197,0.7499998125000469,2
51,0.0,1,0,1,446.33,446.33,1,1,1,0.125,0.9999990000010001,0.0022404946962102153,0.9999990000010001,0,0.0,0.12499998437500197,0.499999750000125,2
54,1.0,1,0,4,511.32500000000005,2045.3000000000002,4,3,1,0.125,0.24999993750001562,0.0004889258297125478,0.49999987500003124,0,0.0,0.3749999531250059,0.4285713673469475,4
47,0.0,0,0,1,5.35,5.35,1,1,2,0.25,1.9999980000020001,0.3738317058258494,1.9999980000020001,0,0.0,0.12499998437500197,0.499999750000125,1
38,0.0,0,1,3,390.07,1170.21,3,2,0,0.0,0.0,0.0,0.33333322222225925,0,0.0,0.24999996875000394,0.399999920000016,2
53,0.0,1,0,3,291.845,1167.38,4,3,1,0.1111111111111111,0.24999993750001562,0.0008566190950190861,0.9999997500000625,1,0.1428571224489825,0.33333329629630043,0.4285713673469475,7
47,0.0,1,0,1,398.55,398.55,1,1,2,0.25,1.9999980000020001,0.005018190929574229,0.9999990000010001,0,0.0,0.12499998437500197,0.499999750000125,1
42,1.0,0,0,6,300.815,1804.89,6,5,1,0.125,0.16666663888889352,0.0005540503850350712,0.33333327777778704,0,0.0,0.6249999218750099,0.4545454132231443,4
49,0.0,0,0,3,101.91,509.54999999999995,5,6,1,0.125,0.199999960000008,0.0019625159415905882,0.799999840000032,0,0.0,0.6249999218750099,0.5454544958677732,4
46,1.0,1,1,2,496.83500000000004,993.6700000000001,2,3,0,0.0,0.0,0.0,0.0,0,0.0,0.12499998437500197,0.599999880000024,2
44,1.0,0,0,3,805.775,3223.1,4,5,0,0.0,0.0,0.0,0.49999987500003124,0,0.0,0.4999999375000079,0.5555554938271674,4
53,0.0,1,1,3,438.7166666666667,1316.15,3,4,1,0.125,0.33333322222225925,0.0007597918164648467,0.9999996666667778,0,0.0,0.3749999531250059,0.57142848979593,4
36,0.0,1,1,2,401.95000000000005,803.9000000000001,2,2,4,0.5,1.9999990000005,0.004975743245458709,0.499999750000125,0,0.0,0.24999996875000394,0.49999987500003124,1
28,0.0,0,0,3,310.8566666666667,932.57,3,3,1,0.125,0.33333322222225925,0.0010723055630437333,0.6666664444445185,0,0.0,0.3749999531250059,0.49999991666668053,4
36,0.0,0,0,3,387.6266666666666,1162.8799999999999,3,3,2,0.25,0.6666664444445185,0.0017198679126652209,0.33333322222225925,0,0.0,0.3749999531250059,0.49999991666668053,1
59,0.0,1,0,4,1708.395,6833.58,4,4,1,0.125,0.24999993750001562,0.000146336181014002,0.49999987500003124,0,0.0,0.3749999531250059,0.4999999375000079,4
46,0.0,1,0,3,357.55,1072.65,3,4,2,0.25,0.6666664444445185,0.00186454108808601,0.33333322222225925,0,0.0,0.3749999531250059,0.57142848979593,4
37,0.0,0,0,4,1973.2459999999999,9866.23,6,7,3,0.2727272727272727,0.49999991666668053,0.0003040675110651112,0.6666665555555741,2,0.15384614201183525,0.4545454132231443,0.5384614970414233,7
55,1.0,1,0,3,304.92,914.76,3,4,1,0.125,0.33333322222225925,0.0010931829101696808,0.6666664444445185,0,0.0,0.3749999531250059,0.57142848979593,4
33,0.0,0,0,3,412.30333333333334,1236.91,3,3,3,0.3333333333333333,0.9999996666667778,0.002425398774021231,0.6666664444445185,0,0.0,0.33333329629630043,0.49999991666668053,1
42,0.0,1,1,3,120.295,481.18,4,4,0,0.0,0.0,0.0,0.9999997500000625,0,0.0,0.3749999531250059,0.4999999375000079,4
31,0.0,1,0,1,256.62,256.62,1,3,1,0.1111111111111111,0.9999990000010001,0.0038968123922655585,0.9999990000010001,0,0.0,0.11111109876543349,0.7499998125000469,2
45,1.0,1,0,2,352.52,1057.56,3,2,2,0.25,0.6666664444445185,0.001891145654250212,0.0,0,0.0,0.24999996875000394,0.399999920000016,1
34,1.0,0,0,2,309.26,618.52,2,2,0,0.0,0.0,0.0,0.499999750000125,0,0.0,0.24999996875000394,0.49999987500003124,2
43,0.0,0,1,3,875.8433333333334,2627.53,3,3,1,0.125,0.33333322222225925,0.00038058556881155094,0.0,0,0.0,0.3749999531250059,0.49999991666668053,4
57,0.0,1,1,1,23.55,23.55,1,2,0,0.0,0.0,0.0,0.0,0,0.0,0.12499998437500197,0.6666664444445185,2
44,0.0,1,0,2,144.4466666666667,433.34000000000003,3,2,0,0.0,0.0,0.0,0.6666664444445185,0,0.0,0.24999996875000394,0.399999920000016,2
50,0.0,1,0,2,798.11,1596.22,2,1,0,0.0,0.0,0.0,0.0,0,0.0,0.12499998437500197,0.33333322222225925,2
48,0.0,1,1,1,786.29,786.29,1,0,0,0.0,0.0,0.0,0.0,0,0.0,0.0,0.0,0
19,0.0,0,0,0,0.0,0.0,0,0,2,0.25,2000000.0,2000000.0,0.0,0,0.0,0.0,0.0,3
45,0.0,0,0,1,82.35,164.7,2,1,2,0.25,0.99999950000025,0.012143290758085668,1.499999250000375,0,0.0,0.12499998437500197,0.33333322222225925,1
19,0.0,0,1,0,0.0,0.0,0,1,3,0.375,3000000.0,3000000.0,0.0,0,0.0,0.0,0.9999990000010001,6
43,1.0,0,0,5,277.77833333333336,1666.67,6,6,2,0.25,0.33333327777778704,0.0011999975992848027,1.4999997500000417,0,0.0,0.7499999062500118,0.4999999583333368,4
38,0.0,0,0,4,235.87599999999998,1179.3799999999999,5,4,1,0.125,0.199999960000008,0.0008479031348268555,0.199999960000008,0,0.0,0.4999999375000079,0.44444439506173394,4
40,0.0,1,1,5,320.73833333333334,1924.43,6,6,2,0.2222222222222222,0.33333327777778704,0.001039268769953041,0.49999991666668053,1,0.08333332638888948,0.6666665925926009,0.4999999583333368,7
53,0.0,1,0,2,282.67,565.34,2,2,1,0.125,0.499999750000125,0.0017688470623538983,0.499999750000125,0,0.0,0.24999996875000394,0.49999987500003124,2
47,0.0,0,0,3,537.255,2149.02,4,4,0,0.0,0.0,0.0,0.24999993750001562,0,0.0,0.4999999375000079,0.4999999375000079,4
50,0.0,0,0,3,473.3633333333333,1420.09,3,3,4,0.5,1.333332888889037,0.0028167228817774065,0.0,0,0.0,0.3749999531250059,0.49999991666668053,1
20,0.0,0,0,0,0.0,0.0,0,1,2,0.25,2000000.0,2000000.0,0.0,0,0.0,0.0,0.9999990000010001,6
51,1.0,0,0,1,404.58,404.58,1,1,0,0.0,0.0,0.0,0.0,0,0.0,0.12499998437500197,0.499999750000125,2
37,0.0,1,1,0,0.0,0.0,0,0,2,0.2222222222222222,2000000.0,2000000.0,0.0,0,0.0,0.0,0.0,3
54,1.0,1,1,1,105.21,105.21,1,1,2,0.25,1.9999980000020001,0.01900959966724076,0.9999990000010001,0,0.0,0.0,0.499999750000125,1
54,0.0,0,1,4,172.9875,691.95,4,3,3,0.3333333333333333,0.7499998125000469,0.004335573373313717,0.7499998125000469,0,0.0,0.33333329629630043,0.4285713673469475,1
56,0.0,0,0,3,274.5475,1098.19,4,4,5,0.625,1.249999687500078,0.004552946207347593,0.7499998125000469,0,0.0,0.4999999375000079,0.4999999375000079,1
32,1.0,0,0,3,274.88,824.64,3,3,0,0.0,0.0,0.0,0.6666664444445185,0,0.0,0.3749999531250059,0.49999991666668053,4
72,0.0,1,0,0,0.0,0.0,0,1,2,0.25,2000000.0,2000000.0,0.0,0,0.0,0.0,0.9999990000010001,6
49,0.0,1,0,5,387.81,1939.05,5,5,1,0.1111111111111111,0.199999960000008,0.0005157164588248284,0.399999920000016,0,0.0,0.5555554938271674,0.499999950000005,4
49,0.0,1,0,1,309.71,309.71,1,2,0,0.0,0.0,0.0,0.0,0,0.0,0.12499998437500197,0.6666664444445185,2
37,0.0,0,0,1,245.45,245.45,1,1,1,0.125,0.9999990000010001,0.004074149504688737,0.9999990000010001,0,0.0,0.12499998437500197,0.499999750000125,2
49,0.0,1,1,4,1995.0475000000001,7980.1900000000005,4,4,3,0.3,0.7499998125000469,0.0003759308988412643,1.249999687500078,0,0.0,0.299999970000003,0.4999999375000079,4
21,1.0,0,1,0,0.0,0.0,0,0,1,0.125,1000000.0,1000000.0,0.0,0,0.0,0.0,0.0,0
60,0.0,0,0,0,0.0,0.0,0,1,1,0.125,1000000.0,1000000.0,0.0,0,0.0,0.0,0.9999990000010001,6
25,1.0,0,1,2,1676.8700000000001,5030.610000000001,3,2,3,0.3333333333333333,0.9999996666667778,0.0005963491503820909,1.6666661111112961,1,0.199999960000008,0.22222219753086697,0.399999920000016,7
45,0.0,0,0,2,426.52,853.04,2,4,2,0.2222222222222222,0.99999950000025,0.0023445559383562836,0.499999750000125,0,0.0,0.22222219753086697,0.6666665555555741,1
22,0.0,1,1,1,9135.13,9135.13,1,4,3,0.375,2.9999970000030003,0.0003284025514329405,2.9999970000030003,0,0.0,0.12499998437500197,0.799999840000032,5
24,0.0,0,1,0,0.0,0.0,0,0,0,0.0,0.0,0.0,0.0,0,0.0,0.0,0.0,0
55,1.0,0,0,2,393.64,787.28,2,3,0,0.0,0.0,0.0,0.99999950000025,0,0.0,0.24999996875000394,0.599999880000024,2
28,1.0,0,0,1,33.15,33.15,1,2,2,0.25,1.9999980000020001,0.0603318232177429,0.0,0,0.0,0.12499998437500197,0.6666664444445185,1
19,0.0,0,1,1,1134.86,1134.86,1,1,0,0.0,0.0,0.0,0.9999990000010001,0,0.0,0.12499998437500197,0.499999750000125,2
33,0.0,0,0,5,437.54800000000006,2187.7400000000002,5,5,2,0.25,0.399999920000016,0.0009141854146680202,0.399999920000016,0,0.0,0.6249999218750099,0.499999950000005,4
36,0.0,1,0,1,523.74,523.74,1,1,0,0.0,0.0,0.0,0.0,0,0.0,0.12499998437500197,0.499999750000125,2
48,0.0,1,1,2,274.89,549.78,2,3,3,0.375,1.499999250000375,0.005456728135878482,0.0,0,0.0,0.24999996875000394,0.599999880000024,1
50,0.0,1,1,3,290.69666666666666,872.09,3,3,0,0.0,0.0,0.0,0.33333322222225925,0,0.0,0.3749999531250059,0.49999991666668053,4
37,0.0,1,0,2,578.885,1157.77,2,3,2,0.25,0.99999950000025,0.0017274588202082805,0.0,0,0.0,0.24999996875000394,0.599999880000024,1
47,1.0,0,0,4,760.7819999999999,3803.91,5,5,1,0.1111111111111111,0.199999960000008,0.00026288739737194433,0.399999920000016,1,0.09999999000000101,0.5555554938271674,0.499999950000005,7
52,1.0,0,0,3,219.83249999999998,879.3299999999999,4,5,3,0.3333333333333333,0.7499998125000469,0.003411688440731366,0.7499998125000469,1,0.11111109876543349,0.44444439506173394,0.5555554938271674,7
42,0.0,0,1,2,128.99,257.98,2,1,2,0.25,0.99999950000025,0.007752538926457326,0.99999950000025,0,0.0,0.12499998437500197,0.33333322222225925,1
37,0.0,1,1,0,0.0,0.0,0,1,2,0.2222222222222222,2000000.0,2000000.0,0.0,0,0.0,0.0,0.9999990000010001,6
47,0.0,1,1,2,373.38,746.76,2,1,2,0.25,0.99999950000025,0.002678236645403829,0.99999950000025,0,0.0,0.12499998437500197,0.33333322222225925,1
45,0.0,0,0,3,321.0775,1284.31,4,5,2,0.25,0.49999987500003124,0.0015572564244168024,0.24999993750001562,0,0.0,0.4999999375000079,0.5555554938271674,4
42,0.0,0,0,3,822.0433333333334,2466.13,3,4,0,0.0,0.0,0.0,0.6666664444445185,0,0.0,0.3749999531250059,0.57142848979593,4
74,0.0,0,0,1,388.86,388.86,1,2,2,0.25,1.9999980000020001,0.005143239198829298,1.9999980000020001,0,0.0,0.12499998437500197,0.6666664444445185,1
57,0.0,1,1,4,356.8875,1427.55,4,4,2,0.2222222222222222,0.49999987500003124,0.0014010017152456995,0.24999993750001562,0,0.0,0.44444439506173394,0.4999999375000079,4
46,0.0,0,0,3,522.74,1568.22,3,3,2,0.2222222222222222,0.6666664444445185,0.0012753312664834453,0.33333322222225925,0,0.0,0.22222219753086697,0.49999991666668053,1
22,0.0,0,0,0,0.0,0.0,0,0,2,0.2222222222222222,2000000.0,2000000.0,0.0,0,0.0,0.0,0.0,3
42,0.0,0,0,4,228.36399999999998,1141.82,5,5,1,0.125,0.199999960000008,0.0008757947829992513,0.599999880000024,0,0.0,0.6249999218750099,0.499999950000005,4
39,1.0,0,0,8,553.4377777777777,4980.94,9,9,1,0.1,0.11111109876543349,0.00020076531734958356,0.44444439506173394,1,0.055555552469135974,0.8999999100000091,0.49999997222222375,4
35,0.0,0,0,4,313.6825,1254.73,4,3,1,0.1111111111111111,0.24999993750001562,0.0007969842111075814,0.9999997500000625,0,0.0,0.22222219753086697,0.4285713673469475,4
56,0.0,1,0,2,161.73000000000002,323.46000000000004,2,2,2,0.2,0.99999950000025,0.006183144728302897,0.499999750000125,0,0.0,0.19999998000000202,0.49999987500003124,1
57,1.0,1,1,6,279.2316666666667,1675.39,6,3,1,0.125,0.16666663888889352,0.0005968759509147863,0.49999991666668053,0,0.0,0.3749999531250059,0.33333329629630043,4
48,0.0,1,0,3,721.8833333333333,2165.65,3,3,3,0.375,0.9999996666667778,0.0013852653931220348,0.6666664444445185,0,0.0,0.3749999531250059,0.49999991666668053,1
45,0.0,0,0,2,670.95,1341.9,2,1,0,0.0,0.0,0.0,0.0,0,0.0,0.12499998437500197,0.33333322222225925,2
40,0.0,0,0,3,231.42,694.26,3,2,1,0.125,0.33333322222225925,0.001440382563534724,0.33333322222225925,0,0.0,0.24999996875000394,0.399999920000016,2
47,0.0,1,0,3,404.59666666666664,1213.79,3,4,2,0.25,0.6666664444445185,0.0016477314843195844,0.6666664444445185,0,0.0,0.3749999531250059,0.57142848979593,4
29,0.0,1,1,3,394.2366666666667,1182.71,3,3,2,0.25,0.6666664444445185,0.0016910316124062266,0.6666664444445185,0,0.0,0.3749999531250059,0.49999991666668053,1
61,1.0,1,0,1,511.25,511.25,1,1,2,0.25,1.9999980000020001,0.003911980432446004,0.9999990000010001,0,0.0,0.12499998437500197,0.499999750000125,1
36,0.0,0,0,2,314.46000000000004,628.9200000000001,2,2,2,0.25,0.99999950000025,0.003180054691884413,0.499999750000125,0,0.0,0.24999996875000394,0.49999987500003124,1
36,0.0,0,0,3,335.23333333333335,1005.7,3,3,1,0.125,0.33333322222225925,0.0009943323048679205,0.0,0,0.0,0.3749999531250059,0.49999991666668053,4
39,0.0,0,1,2,221.68,443.36,2,3,3,0.375,1.499999250000375,0.006766510269833746,0.0,0,0.0,0.24999996875000394,0.599999880000024,1
49,0.0,1,0,1,94.47,188.94,2,2,2,0.25,0.99999950000025,0.010585370961229116,0.0,0,0.0,0.24999996875000394,0.49999987500003124,1
50,0.0,1,1,3,360.1666666666667,1080.5,3,3,3,0.375,0.9999996666667778,0.0027764923620763604,0.9999996666667778,0,0.0,0.3749999531250059,0.49999991666668053,1
29,0.0,0,0,3,775.4166666666666,2326.25,3,5,2,0.2222222222222222,0.6666664444445185,0.0008597528206943567,0.6666664444445185,0,0.0,0.33333329629630043,0.6249999218750099,4
42,0.0,0,0,2,331.34499999999997,662.6899999999999,2,2,2,0.25,0.99999950000025,0.0030180023796677145,0.0,0,0.0,0.12499998437500197,0.49999987500003124,1
43,0.0,1,1,3,232.08333333333334,696.25,3,3,2,0.25,0.6666664444445185,0.0028725314141866696,1.333332888889037,0,0.0,0.3749999531250059,0.49999991666668053,1
32,0.0,0,1,1,43.19,43.19,1,3,2,0.25,1.9999980000020001,0.04630701444068038,0.9999990000010001,0,0.0,0.12499998437500197,0.7499998125000469,1
46,0.0,1,1,2,650.425,1300.85,2,3,1,0.125,0.499999750000125,0.0007687281387025958,0.0,0,0.0,0.24999996875000394,0.599999880000024,2
44,1.0,1,0,3,395.77666666666664,1187.33,3,2,2,0.25,0.6666664444445185,0.0016844516674518022,0.0,0,0.0,0.24999996875000394,0.399999920000016,1
39,0.0,0,0,3,405.6433333333334,1216.93,3,4,1,0.125,0.33333322222225925,0.0008217399514994781,0.6666664444445185,0,0.0,0.3749999531250059,0.57142848979593,4
54,0.0,1,0,1,573.78,573.78,1,2,0,0.0,0.0,0.0,0.9999990000010001,0,0.0,0.12499998437500197,0.6666664444445185,2
34,0.0,0,0,3,381.49333333333334,1144.48,3,3,4,0.5,1.333332888889037,0.003495037044338881,1.333332888889037,0,0.0,0.3749999531250059,0.49999991666668053,1
19,0.0,0,0,0,0.0,0.0,0,1,1,0.125,1000000.0,1000000.0,0.0,0,0.0,0.0,0.9999990000010001,6
46,0.0,1,1,3,210.2,1051.0,5,4,3,0.3,0.599999880000024,0.0028544243550386065,0.799999840000032,1,0.11111109876543349,0.39999996000000404,0.44444439506173394,7
70,0.0,0,0,0,0.0,0.0,0,0,1,0.125,1000000.0,1000000.0,0.0,0,0.0,0.0,0.0,0
37,0.0,0,1,1,720.0,720.0,1,2,1,0.125,0.9999990000010001,0.0013888888869598767,0.9999990000010001,0,0.0,0.12499998437500197,0.6666664444445185,2
36,0.0,0,0,3,265.7033333333333,797.11,3,4,1,0.125,0.33333322222225925,0.0012545319952647288,0.9999996666667778,0,0.0,0.3749999531250059,0.57142848979593,4
24,0.0,0,0,2,957.4499999999999,1914.8999999999999,2,3,0,0.0,0.0,0.0,0.499999750000125,0,0.0,0.22222219753086697,0.599999880000024,2
43,0.0,1,0,3,466.1433333333334,1398.43,3,3,2,0.25,0.6666664444445185,0.00143017526695639,0.6666664444445185,0,0.0,0.3749999531250059,0.49999991666668053,1
35,1.0,1,1,1,407.38,407.38,1,2,0,0.0,0.0,0.0,0.0,0,0.0,0.12499998437500197,0.6666664444445185,2
49,0.0,0,1,6,832.04375,6656.35,8,6,3,0.3333333333333333,0.3749999531250059,0.0004506974542428361,0.4999999375000079,1,0.07142856632653098,0.6666665925926009,0.42857139795918586,7
39,0.0,0,1,3,483.63000000000005,1450.89,3,3,0,0.0,0.0,0.0,0.6666664444445185,0,0.0,0.3749999531250059,0.49999991666668053,4
66,0.0,1,0,0,0.0,0.0,0,2,2,0.25,2000000.0,2000000.0,0.0,0,0.0,0.0,0.99999950000025,6
49,0.0,0,0,3,228.14666666666668,684.44,3,3,2,0.2222222222222222,0.6666664444445185,0.0029220968924637703,0.9999996666667778,0,0.0,0.33333329629630043,0.49999991666668053,1
38,0.0,0,1,4,403.504,2017.52,5,5,3,0.3333333333333333,0.599999880000024,0.001486974106087189,0.199999960000008,0,0.0,0.5555554938271674,0.499999950000005,4
41,1.0,1,0,4,391.89,1959.4499999999998,5,5,0,0.0,0.0,0.0,0.599999880000024,0,0.0,0.6249999218750099,0.499999950000005,4
49,0.0,1,1,2,660.355,1320.71,2,1,0,0.0,0.0,0.0,0.499999750000125,0,0.0,0.11111109876543349,0.33333322222225925,2
53,0.0,1,1,1,736.5799999999999,1473.1599999999999,2,1,1,0.125,0.499999750000125,0.0006788128915536583,0.499999750000125,0,0.0,0.12499998437500197,0.33333322222225925,2
45,0.0,0,0,1,375.26,375.26,1,2,3,0.375,2.9999970000030003,0.007994457155053944,0.0,0,0.0,0.12499998437500197,0.6666664444445185,1
51,0.0,1,0,4,502.08750000000003,2008.3500000000001,4,4,0,0.0,0.0,0.0,0.7499998125000469,0,0.0,0.33333329629630043,0.4999999375000079,4
43,0.0,0,0,2,310.16499999999996,620.3299999999999,2,2,4,0.5,1.9999990000005,0.00644818079659507,0.499999750000125,0,0.0,0.24999996875000394,0.49999987500003124,1
38,0.0,0,0,3,515.46,1546.38,3,1,1,0.125,0.33333322222225925,0.0006466715809525009,0.6666664444445185,0,0.0,0.12499998437500197,0.24999993750001562,2
58,0.0,0,0,2,355.785,711.57,2,2,0,0.0,0.0,0.0,0.99999950000025,0,0.0,0.12499998437500197,0.49999987500003124,2
44,0.0,1,0,1,1052.13,1052.13,1,3,1,0.125,0.9999990000010001,0.0009504528898991065,0.9999990000010001,0,0.0,0.12499998437500197,0.7499998125000469,2
48,1.0,1,1,2,307.235,614.47,2,2,2,0.2,0.99999950000025,0.003254837496940717,0.99999950000025,0,0.0,0.19999998000000202,0.49999987500003124,1
35,0.0,0,0,3,506.53666666666663,1519.61,3,3,1,0.125,0.33333322222225925,0.0006580635816702551,0.0,0,0.0,0.3749999531250059,0.49999991666668053,4
53,0.0,1,1,3,348.48333333333335,1045.45,3,2,1,0.125,0.33333322222225925,0.0009565258970237447,0.6666664444445185,0,0.0,0.24999996875000394,0.399999920000016,2
55,0.0,0,0,2,1012.2733333333334,3036.82,3,3,4,0.5,1.333332888889037,0.0013171672995708776,0.6666664444445185,0,0.0,0.3749999531250059,0.49999991666668053,1
53,0.0,1,1,2,91.955,183.91,2,1,2,0.25,0.99999950000025,0.010874884395221118,0.499999750000125,0,0.0,0.12499998437500197,0.33333322222225925,1
20,1.0,0,1,1,478.26,956.52,2,1,2,0.25,0.99999950000025,0.0020909128903829374,0.99999950000025,1,0.33333322222225925,0.12499998437500197,0.33333322222225925,7
46,0.0,0,0,2,438.055,876.11,2,2,1,0.1111111111111111,0.499999750000125,0.0011414091824754778,0.499999750000125,0,0.0,0.22222219753086697,0.49999987500003124,2
40,0.0,0,1,3,451.52,1806.08,4,4,2,0.25,0.49999987500003124,0.0011073706584938815,0.0,0,0.0,0.4999999375000079,0.4999999375000079,4
38,0.0,0,0,4,212.974,1064.87,5,4,1,0.125,0.199999960000008,0.000939081764967478,0.599999880000024,0,0.0,0.4999999375000079,0.44444439506173394,4
22,0.0,0,0,1,1229.22,1229.22,1,0,2,0.25,1.9999980000020001,0.001627048045405177,0.0,0,0.0,0.0,0.0,0
53,0.0,1,1,2,653.035,1306.07,2,3,0,0.0,0.0,0.0,0.0,0,0.0,0.24999996875000394,0.599999880000024,2
44,0.0,1,0,2,547.46,1094.92,2,1,3,0.375,1.499999250000375,0.0027399262021518224,0.0,0,0.0,0.12499998437500197,0.33333322222225925,1
53,0.0,1,1,5,354.3,1771.5,5,5,3,0.375,0.599999880000024,0.0016934801006528476,1.199999760000048,0,0.0,0.6249999218750099,0.499999950000005,4
54,0.0,1,1,2,391.29,782.58,2,2,0,0.0,0.0,0.0,1.499999250000375,0,0.0,0.24999996875000394,0.49999987500003124,2
43,0.0,0,0,0,0.0,0.0,0,1,2,0.25,2000000.0,2000000.0,0.0,0,0.0,0.0,0.9999990000010001,6
22,1.0,0,0,0,0.0,0.0,0,1,2,0.25,2000000.0,2000000.0,0.0,0,0.0,0.0,0.9999990000010001,6
41,1.0,1,0,1,1113.68,1113.68,1,2,3,0.375,2.9999970000030003,0.00269377199671919,0.9999990000010001,0,0.0,0.12499998437500197,0.6666664444445185,1
44,0.0,0,0,3,370.1333333333334,1110.4,3,3,1,0.125,0.33333322222225925,0.0009005763680650427,1.333332888889037,0,0.0,0.3749999531250059,0.49999991666668053,4
36,0.0,0,1,2,398.235,796.47,2,3,2,0.25,0.99999950000025,0.002511080137969942,0.499999750000125,0,0.0,0.24999996875000394,0.599999880000024,1
48,1.0,0,1,2,685.19,2055.57,3,3,3,0.375,0.9999996666667778,0.001459449203160462,0.9999996666667778,1,0.16666663888889352,0.3749999531250059,0.49999991666668053,7
52,0.0,1,0,2,199.975,399.95,2,3,0,0.0,0.0,0.0,0.99999950000025,0,0.0,0.24999996875000394,0.599999880000024,2
54,0.0,0,0,4,487.372,2436.86,5,5,2,0.25,0.399999920000016,0.0008207283139693177,0.399999920000016,1,0.09999999000000101,0.6249999218750099,0.499999950000005,7
29,0.0,0,0,3,311.33,933.99,3,4,0,0.0,0.0,0.0,0.6666664444445185,0,0.0,0.3749999531250059,0.57142848979593,4
41,0.0,0,0,4,190.14249999999998,760.5699999999999,4,3,1,0.125,0.24999993750001562,0.0013148033694271358,0.49999987500003124,0,0.0,0.3749999531250059,0.4285713673469475,4
30,0.0,0,0,3,346.93333333333334,1040.8,3,2,3,0.375,0.9999996666667778,0.0028823981524957742,0.6666664444445185,0,0.0,0.24999996875000394,0.399999920000016,1
59,0.0,0,1,1,87.99000000000001,175.98000000000002,2,2,0,0.0,0.0,0.0,0.0,0,0.0,0.24999996875000394,0.49999987500003124,2
57,0.0,0,0,3,567.1733333333333,1701.52,3,3,1,0.1111111111111111,0.33333322222225925,0.000587709812057625,0.9999996666667778,0,0.0,0.33333329629630043,0.49999991666668053,4
65,0.0,1,1,0,0.0,0.0,0,0,0,0.0,0.0,0.0,0.0,0,0.0,0.0,0.0,0
45,0.0,1,0,1,908.61,1817.22,2,3,0,0.0,0.0,0.0,0.499999750000125,0,0.0,0.24999996875000394,0.599999880000024,2
56,1.0,1,1,1,613.96,613.96,1,1,2,0.25,1.9999980000020001,0.003257541202590492,0.0,0,0.0,0.12499998437500197,0.499999750000125,1
30,0.0,0,0,2,334.01,1002.03,3,3,0,0.0,0.0,0.0,0.33333322222225925,0,0.0,0.3749999531250059,0.49999991666668053,2
40,0.0,0,0,3,409.07,1227.21,3,3,0,0.0,0.0,0.0,1.333332888889037,0,0.0,0.3749999531250059,0.49999991666668053,4
49,0.0,1,0,4,135.73,542.92,4,3,1,0.125,0.24999993750001562,0.0018418919880610553,0.24999993750001562,0,0.0,0.3749999531250059,0.4285713673469475,4
37,0.0,0,0,1,3449.39,6898.78,2,2,3,0.3333333333333333,1.499999250000375,0.00043485949683351845,1.9999990000005,1,0.24999993750001562,0.22222219753086697,0.49999987500003124,5
50,0.0,0,0,5,609.1816666666666,3655.0899999999997,6,7,0,0.0,0.0,0.0,0.8333331944444675,0,0.0,0.7499999062500118,0.5384614970414233,4
39,0.0,1,1,3,797.2566666666668,2391.7700000000004,3,3,1,0.125,0.33333322222225925,0.00041810040245587974,0.33333322222225925,0,0.0,0.24999996875000394,0.49999991666668053,4
40,0.0,0,0,4,392.4175,1569.67,4,4,1,0.1111111111111111,0.24999993750001562,0.0006370765825701729,0.49999987500003124,0,0.0,0.44444439506173394,0.4999999375000079,4
43,1.0,0,0,1,814.98,814.98,1,2,2,0.25,1.9999980000020001,0.002454047949085808,0.0,0,0.0,0.12499998437500197,0.6666664444445185,1
37,0.0,0,0,3,430.95,1292.85,3,2,3,0.375,0.9999996666667778,0.002320454807347755,0.33333322222225925,0,0.0,0.24999996875000394,0.399999920000016,1
72,1.0,0,0,0,0.0,0.0,0,0,2,0.25,2000000.0,2000000.0,0.0,0,0.0,0.0,0.0,3
77,1.0,1,0,1,274.7,549.4,2,2,2,0.25,0.99999950000025,0.0036403349041857756,0.99999950000025,1,0.24999993750001562,0.12499998437500197,0.49999987500003124,7
42,0.0,0,0,2,167.695,335.39,2,2,1,0.1111111111111111,0.499999750000125,0.0029816034974757643,0.0,0,0.0,0.22222219753086697,0.49999987500003124,2
39,0.0,1,0,2,227.975,455.95,2,3,2,0.25,0.99999950000025,0.004386445872603475,0.99999950000025,0,0.0,0.24999996875000394,0.599999880000024,1
42,0.0,0,1,3,275.17333333333335,825.52,3,4,1,0.125,0.33333322222225925,0.0012113576882312267,0.6666664444445185,0,0.0,0.3749999531250059,0.57142848979593,4
42,0.0,0,0,4,392.40250000000003,1569.6100000000001,4,4,0,0.0,0.0,0.0,0.7499998125000469,0,0.0,0.4999999375000079,0.4999999375000079,4
18,0.0,0,1,0,0.0,0.0,0,0,2,0.2222222222222222,2000000.0,2000000.0,0.0,0,0.0,0.0,0.0,3
44,0.0,0,0,3,416.4425,1665.77,4,4,2,0.25,0.49999987500003124,0.0012006459467989903,0.24999993750001562,0,0.0,0.4999999375000079,0.4999999375000079,4
53,0.0,1,1,3,367.51666666666665,1102.55,3,3,1,0.1111111111111111,0.33333322222225925,0.0009069883443771362,0.33333322222225925,0,0.0,0.33333329629630043,0.49999991666668053,4
19,0.0,0,1,0,0.0,0.0,0,1,2,0.25,2000000.0,2000000.0,0.0,0,0.0,0.0,0.9999990000010001,6
43,0.0,1,1,2,387.98,775.96,2,1,3,0.375,1.499999250000375,0.0038661786640211107,0.99999950000025,0,0.0,0.12499998437500197,0.33333322222225925,1
47,1.0,0,0,2,389.855,779.71,2,2,2,0.25,0.99999950000025,0.00256505623556828,0.499999750000125,0,0.0,0.24999996875000394,0.49999987500003124,1
39,0.0,0,0,2,456.64,913.28,2,2,1,0.125,0.499999750000125,0.001094954448695959,0.499999750000125,0,0.0,0.12499998437500197,0.49999987500003124,2
33,0.0,1,1,2,111.555,223.11,2,3,1,0.125,0.499999750000125,0.004482094014243673,0.0,0,0.0,0.24999996875000394,0.599999880000024,2
44,0.0,1,0,2,1328.2533333333333,3984.76,3,2,1,0.125,0.33333322222225925,0.000250956142841487,0.33333322222225925,1,0.199999960000008,0.24999996875000394,0.399999920000016,7
20,0.0,0,0,0,0.0,0.0,0,0,2,0.25,2000000.0,2000000.0,0.0,0,0.0,0.0,0.0,3
46,0.0,0,1,2,220.42000000000002,440.84000000000003,2,3,1,0.125,0.499999750000125,0.0022683966920687853,0.99999950000025,0,0.0,0.24999996875000394,0.599999880000024,2
43,0.0,0,0,2,362.7,725.4,2,2,2,0.25,0.99999950000025,0.002757099527492281,0.0,0,0.0,0.24999996875000394,0.49999987500003124,1
45,1.0,0,1,3,447.02,1341.06,3,2,1,0.125,0.33333322222225925,0.000745678790847778,0.9999996666667778,0,0.0,0.24999996875000394,0.399999920000016,2
60,0.0,1,1,2,416.255,832.51,2,3,1,0.125,0.499999750000125,0.0012011867710884111,0.499999750000125,0,0.0,0.24999996875000394,0.599999880000024,2
46,0.0,0,1,1,322.26,322.26,1,1,1,0.1111111111111111,0.9999990000010001,0.0031030844563300305,0.0,0,0.0,0.0,0.499999750000125,2
34,0.0,1,0,1,2038.42,2038.42,1,2,1,0.125,0.9999990000010001,0.0004905760341389036,0.0,0,0.0,0.12499998437500197,0.6666664444445185,2
45,0.0,0,0,2,382.145,764.29,2,2,4,0.5,1.9999990000005,0.005233615505588696,0.499999750000125,0,0.0,0.24999996875000394,0.49999987500003124,1
55,0.0,1,0,2,436.08500000000004,872.1700000000001,2,3,2,0.2222222222222222,0.99999950000025,0.0022931309236810127,0.99999950000025,0,0.0,0.22222219753086697,0.599999880000024,1
47,0.0,1,0,1,694.84,694.84,1,1,2,0.25,1.9999980000020001,0.0028783604817247703,0.0,0,0.0,0.12499998437500197,0.499999750000125,1
42,0.0,0,1,4,529.226,2646.13,5,5,2,0.25,0.399999920000016,0.0007558207643782351,0.399999920000016,0,0.0,0.6249999218750099,0.499999950000005,4
32,0.0,0,0,2,359.22999999999996,718.4599999999999,2,2,0,0.0,0.0,0.0,0.99999950000025,0,0.0,0.24999996875000394,0.49999987500003124,2
36,0.0,0,0,4,512.8,2051.2,4,3,1,0.1111111111111111,0.24999993750001562,0.000487519500542356,1.249999687500078,0,0.0,0.33333329629630043,0.4285713673469475,4
42,0.0,1,1,3,2127.8374999999996,8511.349999999999,4,3,3,0.375,0.7499998125000469,0.00035247052461096417,1.249999687500078,1,0.1428571224489825,0.3749999531250059,0.4285713673469475,7
19,0.0,0,0,0,0.0,0.0,0,0,0,0.0,0.0,0.0,0.0,0,0.0,0.0,0.0,0
46,1.0,0,0,1,1228.73,2457.46,2,4,4,0.4444444444444444,1.9999990000005,0.0016276968896227419,0.99999950000025,1,0.16666663888889352,0.22222219753086697,0.6666665555555741,7
23,0.0,0,0,0,0.0,0.0,0,1,0,0.0,0.0,0.0,0.0,0,0.0,0.0,0.9999990000010001,2
49,0.0,1,0,1,481.68,481.68,1,2,1,0.125,0.9999990000010001,0.0020760670941785686,0.9999990000010001,0,0.0,0.12499998437500197,0.6666664444445185,2
50,1.0,1,0,4,1690.4625,6761.85,4,3,0,0.0,0.0,0.0,0.49999987500003124,0,0.0,0.3749999531250059,0.4285713673469475,4
65,0.0,1,0,0,0.0,0.0,0,1,0,0.0,0.0,0.0,0.0,0,0.0,0.0,0.9999990000010001,2
38,0.0,0,1,1,354.05,354.05,1,1,1,0.125,0.9999990000010001,0.0028244598140814577,0.0,0,0.0,0.12499998437500197,0.499999750000125,2
34,0.0,0,0,3,431.0833333333333,1293.25,3,4,2,0.2222222222222222,0.6666664444445185,0.0015464913964457828,0.33333322222225925,0,0.0,0.33333329629630043,0.57142848979593,4
54,0.0,1,0,3,518.44,2073.76,4,3,2,0.25,0.49999987500003124,0.0009644317563438238,0.7499998125000469,0,0.0,0.3749999531250059,0.4285713673469475,4
56,0.0,0,0,4,344.1075,1376.43,4,4,1,0.125,0.24999993750001562,0.0007265171489094852,0.49999987500003124,0,0.0,0.4999999375000079,0.4999999375000079,4
38,0.0,1,1,2,371.095,742.19,2,3,1,0.1111111111111111,0.499999750000125,0.0013473638807483745,0.499999750000125,0,0.0,0.22222219753086697,0.599999880000024,2
21,0.0,0,0,0,0.0,0.0,0,0,3,0.375,3000000.0,3000000.0,0.0,0,0.0,0.0,0.0,3
49,0.0,0,0,3,214.47333333333336,643.4200000000001,3,3,1,0.125,0.33333322222225925,0.0015541947692732665,0.6666664444445185,0,0.0,0.3749999531250059,0.49999991666668053,4
38,0.0,0,0,5,661.8,3309.0,5,3,2,0.2222222222222222,0.399999920000016,0.0006044122089439673,0.599999880000024,0,0.0,0.22222219753086697,0.3749999531250059,4
48,0.0,0,0,3,118.6525,474.61,4,4,2,0.25,0.49999987500003124,0.00421398621138622,0.24999993750001562,0,0.0,0.4999999375000079,0.4999999375000079,4
66,0.0,0,0,2,471.85,943.7,2,1,1,0.125,0.499999750000125,0.0010596587887467851,0.499999750000125,0,0.0,0.12499998437500197,0.33333322222225925,2
54,0.0,1,1,3,499.24,1996.96,4,5,0,0.0,0.0,0.0,0.9999997500000625,0,0.0,0.4999999375000079,0.5555554938271674,4
45,0.0,0,0,5,431.27,2156.35,5,4,1,0.125,0.199999960000008,0.0004637466086378619,0.399999920000016,0,0.0,0.4999999375000079,0.44444439506173394,4
44,0.0,0,0,4,298.5025,1194.01,4,3,0,0.0,0.0,0.0,1.249999687500078,0,0.0,0.24999996875000394,0.4285713673469475,4
48,0.0,1,1,3,177.85666666666665,533.5699999999999,3,2,0,0.0,0.0,0.0,0.33333322222225925,0,0.0,0.12499998437500197,0.399999920000016,2
51,0.0,0,1,3,528.8766666666667,1586.63,3,3,1,0.125,0.33333322222225925,0.000630266665429075,0.6666664444445185,0,0.0,0.24999996875000394,0.49999991666668053,4
26,0.0,0,0,0,0.0,0.0,0,2,0,0.0,0.0,0.0,0.0,0,0.0,0.0,0.99999950000025,2
45,1.0,0,0,3,635.58,2542.32,4,4,3,0.375,0.7499998125000469,0.001180024544046373,0.0,0,0.0,0.3749999531250059,0.4999999375000079,1
38,0.0,1,0,4,167.775,1006.65,6,6,4,0.5,0.6666665555555741,0.003973575717505016,0.0,0,0.0,0.7499999062500118,0.4999999583333368,4
33,0.0,0,0,3,286.99666666666667,860.99,3,3,1,0.1111111111111111,0.33333322222225925,0.0011614536740711813,0.6666664444445185,0,0.0,0.33333329629630043,0.49999991666668053,4
41,0.0,0,1,2,107.2,321.6,3,3,3,0.3333333333333333,0.9999996666667778,0.009328358179949134,0.9999996666667778,1,0.16666663888889352,0.33333329629630043,0.49999991666668053,7
44,0.0,0,0,3,323.38333333333327,970.1499999999999,3,3,3,0.3333333333333333,0.9999996666667778,0.003092305310423847,0.6666664444445185,0,0.0,0.33333329629630043,0.49999991666668053,1
18,0.0,0,1,0,0.0,0.0,0,0,3,0.3,3000000.0,3000000.0,0.0,0,0.0,0.0,0.0,3
46,0.0,0,1,1,607.78,607.78,1,1,1,0.1111111111111111,0.9999990000010001,0.0016453321898625619,0.0,0,0.0,0.11111109876543349,0.499999750000125,2
31,0.0,0,0,0,0.0,0.0,0,1,2,0.25,2000000.0,2000000.0,0.0,0,0.0,0.0,0.9999990000010001,6
51,0.0,0,1,2,816.48,1632.96,2,2,0,0.0,0.0,0.0,0.0,0,0.0,0.24999996875000394,0.49999987500003124,2
56,0.0,1,1,3,386.39000000000004,1159.17,3,3,0,0.0,0.0,0.0,1.9999993333335555,0,0.0,0.3749999531250059,0.49999991666668053,4
35,0.0,1,0,2,214.28666666666666,642.86,3,3,0,0.0,0.0,0.0,0.6666664444445185,0,0.0,0.3749999531250059,0.49999991666668053,2
40,0.0,1,1,2,170.47,340.94,2,2,0,0.0,0.0,0.0,0.499999750000125,0,0.0,0.24999996875000394,0.49999987500003124,2
22,0.0,0,0,1,1748.52,1748.52,1,2,1,0.125,0.9999990000010001,0.0005719122454579231,0.9999990000010001,0,0.0,0.12499998437500197,0.6666664444445185,2
39,1.0,0,0,4,535.3225,2141.29,4,3,1,0.125,0.24999993750001562,0.0004670082051160711,0.7499998125000469,0,0.0,0.3749999531250059,0.4285713673469475,4
40,0.0,0,0,4,176.4025,705.61,4,6,2,0.25,0.49999987500003124,0.00283442694571445,0.49999987500003124,0,0.0,0.4999999375000079,0.599999940000006,4
42,0.0,1,1,0,0.0,0.0,0,0,3,0.375,3000000.0,3000000.0,0.0,0,0.0,0.0,0.0,3
54,0.0,1,1,2,486.62,973.24,2,2,3,0.375,1.499999250000375,0.003082487358634574,0.499999750000125,0,0.0,0.24999996875000394,0.49999987500003124,1
49,0.0,1,0,2,416.36,832.72,2,2,2,0.25,0.99999950000025,0.0024017676981437125,0.499999750000125,0,0.0,0.24999996875000394,0.49999987500003124,1
52,0.0,1,0,4,575.8874999999999,2303.5499999999997,4,5,1,0.1111111111111111,0.24999993750001562,0.00043411256519975154,0.7499998125000469,0,0.0,0.44444439506173394,0.5555554938271674,4
57,1.0,1,0,4,400.70799999999997,2003.54,5,5,1,0.125,0.199999960000008,0.000499116563433165,0.399999920000016,1,0.09999999000000101,0.6249999218750099,0.499999950000005,7
39,0.0,0,0,2,595.9649999999999,1191.9299999999998,2,2,1,0.125,0.499999750000125,0.0008389754424848981,0.99999950000025,0,0.0,0.24999996875000394,0.49999987500003124,2
44,1.0,0,0,4,183.1675,732.67,4,4,2,0.25,0.49999987500003124,0.0027297418991773354,0.0,0,0.0,0.4999999375000079,0.4999999375000079,4
56,0.0,1,0,4,367.51,1470.04,4,4,0,0.0,0.0,0.0,0.24999993750001562,0,0.0,0.3749999531250059,0.4999999375000079,4
39,1.0,0,0,5,270.954,1354.77,5,4,0,0.0,0.0,0.0,0.599999880000024,0,0.0,0.4999999375000079,0.44444439506173394,4
41,0.0,0,0,5,428.76500000000004,2572.59,6,3,1,0.1111111111111111,0.16666663888889352,0.00038871331988823976,0.49999991666668053,0,0.0,0.33333329629630043,0.33333329629630043,4
26,0.0,0,0,0,0.0,0.0,0,0,3,0.375,3000000.0,3000000.0,0.0,0,0.0,0.0,0.0,3
36,0.0,0,0,3,403.4166666666667,1210.25,3,4,0,0.0,0.0,0.0,0.6666664444445185,0,0.0,0.3749999531250059,0.57142848979593,4
56,0.0,0,0,3,394.8766666666666,1184.6299999999999,3,3,1,0.125,0.33333322222225925,0.0008441454286619911,0.6666664444445185,0,0.0,0.3749999531250059,0.49999991666668053,4
45,0.0,0,0,4,332.88,1331.52,4,3,2,0.2222222222222222,0.49999987500003124,0.0015020427770502563,0.24999993750001562,0,0.0,0.33333329629630043,0.4285713673469475,4
57,0.0,1,0,4,296.302,1481.51,5,5,1,0.125,0.199999960000008,0.0006749870060445174,0.199999960000008,0,0.0,0.6249999218750099,0.499999950000005,4
26,0.0,1,0,1,209.71,209.71,1,0,1,0.125,0.9999990000010001,0.004768489796535741,0.0,0,0.0,0.0,0.0,0
65,0.0,1,1,1,585.09,585.09,1,1,2,0.25,1.9999980000020001,0.003418277524110346,0.0,0,0.0,0.12499998437500197,0.499999750000125,1
34,0.0,0,1,2,606.585,1213.17,2,2,1,0.125,0.499999750000125,0.000824286785179087,0.0,0,0.0,0.24999996875000394,0.49999987500003124,2
39,0.0,0,0,4,182.555,730.22,4,4,0,0.0,0.0,0.0,0.24999993750001562,0,0.0,0.4999999375000079,0.4999999375000079,4
48,0.0,1,0,4,257.77200000000005,1288.8600000000001,5,3,1,0.125,0.199999960000008,0.0007758794587652036,0.399999920000016,0,0.0,0.3749999531250059,0.3749999531250059,4
18,0.0,0,0,1,726.92,726.92,1,3,2,0.25,1.9999980000020001,0.002751334393397713,0.9999990000010001,0,0.0,0.12499998437500197,0.7499998125000469,1
32,0.0,1,1,1,401.05,401.05,1,0,2,0.25,1.9999980000020001,0.0049869093504876965,0.0,0,0.0,0.0,0.0,0
55,0.0,1,1,3,581.8133333333334,1745.44,3,4,1,0.09090909090909091,0.33333322222225925,0.0005729214406837694,0.6666664444445185,0,0.0,0.2727272479338866,0.57142848979593,4
44,0.0,0,0,2,382.91499999999996,765.8299999999999,2,3,1,0.1111111111111111,0.499999750000125,0.0013057728199394477,0.499999750000125,0,0.0,0.22222219753086697,0.599999880000024,2
41,1.0,0,0,4,362.925,1451.7,4,4,0,0.0,0.0,0.0,0.49999987500003124,0,0.0,0.4999999375000079,0.4999999375000079,4
53,0.0,0,0,4,443.93,1775.72,4,4,1,0.125,0.24999993750001562,0.0005631518479472259,0.24999993750001562,0,0.0,0.4999999375000079,0.4999999375000079,4
35,0.0,0,1,3,413.65000000000003,1240.95,3,3,1,0.125,0.33333322222225925,0.0008058342392474843,0.9999996666667778,0,0.0,0.3749999531250059,0.49999991666668053,4
55,0.0,0,0,6,536.6357142857142,3756.45,7,6,0,0.0,0.0,0.0,0.4285713673469475,0,0.0,0.7499999062500118,0.4615384260355057,4
42,0.0,1,0,3,479.2775,1917.11,4,2,1,0.125,0.24999993750001562,0.0005216184775408722,0.9999997500000625,0,0.0,0.24999996875000394,0.33333327777778704,4
45,0.0,0,0,3,760.1066666666667,2280.32,3,2,3,0.375,0.9999996666667778,0.0013156048268157079,0.9999996666667778,0,0.0,0.12499998437500197,0.399999920000016,1
42,0.0,1,0,5,695.806,3479.03,5,5,1,0.125,0.199999960000008,0.00028743644053444884,0.199999960000008,0,0.0,0.6249999218750099,0.499999950000005,4
39,0.0,1,1,4,360.07,1440.28,4,3,1,0.125,0.24999993750001562,0.0006943094393490783,0.0,0,0.0,0.3749999531250059,0.4285713673469475,4
37,0.0,0,0,2,261.09000000000003,522.1800000000001,2,3,1,0.125,0.499999750000125,0.0019150484470583926,0.0,0,0.0,0.24999996875000394,0.599999880000024,2
48,0.0,0,0,2,189.205,378.41,2,1,0,0.0,0.0,0.0,0.499999750000125,0,0.0,0.12499998437500197,0.33333322222225925,2
40,1.0,0,0,3,474.51,1423.53,3,3,3,0.375,0.9999996666667778,0.0021074371442066993,0.6666664444445185,0,0.0,0.3749999531250059,0.49999991666668053,1
39,0.0,1,0,2,341.025,682.05,2,3,2,0.25,0.99999950000025,0.0029323363346787827,0.499999750000125,0,0.0,0.24999996875000394,0.599999880000024,1
33,0.0,0,0,1,418.13,418.13,1,4,1,0.1111111111111111,0.9999990000010001,0.00239160069262765,0.0,0,0.0,0.11111109876543349,0.799999840000032,2
65,0.0,1,0,3,407.7,1630.8,4,5,1,0.125,0.24999993750001562,0.0006131959770583787,1.249999687500078,0,0.0,0.4999999375000079,0.5555554938271674,4
35,0.0,0,1,2,339.64,679.28,2,1,4,0.5,1.9999990000005,0.005888587907948728,0.99999950000025,0,0.0,0.12499998437500197,0.33333322222225925,1
19,0.0,0,0,1,3277.6,6555.2,2,2,2,0.25,0.99999950000025,0.0003051012935829416,0.99999950000025,1,0.24999993750001562,0.24999996875000394,0.49999987500003124,7
48,0.0,1,1,4,410.4375,1641.75,4,2,1,0.125,0.24999993750001562,0.0006091061363733174,0.49999987500003124,0,0.0,0.24999996875000394,0.33333327777778704,4
26,0.0,0,0,2,482.375,964.75,2,2,3,0.375,1.499999250000375,0.003109613886385474,0.0,0,0.0,0.12499998437500197,0.49999987500003124,1
18,0.0,0,0,1,881.34,881.34,1,2,2,0.2222222222222222,1.9999980000020001,0.002269271788107573,0.0,0,0.0,0.0,0.6666664444445185,1
38,0.0,0,0,4,963.1775,3852.71,4,5,2,0.25,0.49999987500003124,0.000519115116237891,0.49999987500003124,0,0.0,0.4999999375000079,0.5555554938271674,4
59,0.0,0,0,2,506.47499999999997,1012.9499999999999,2,3,1,0.125,0.499999750000125,0.0009872155575426078,0.499999750000125,0,0.0,0.24999996875000394,0.599999880000024,2
36,0.0,1,0,3,514.4166666666666,1543.25,3,2,1,0.125,0.33333322222225925,0.0006479831520181544,0.6666664444445185,0,0.0,0.24999996875000394,0.399999920000016,2
42,0.0,0,0,4,393.4625,1573.85,4,3,0,0.0,0.0,0.0,0.49999987500003124,0,0.0,0.3749999531250059,0.4285713673469475,4
29,0.0,0,0,1,22.59,22.59,1,1,3,0.375,2.9999970000030003,0.13280211895519614,0.9999990000010001,0,0.0,0.12499998437500197,0.499999750000125,1
59,0.0,1,0,2,664.385,1328.77,2,2,1,0.1,0.499999750000125,0.0007525756897336817,0.99999950000025,0,0.0,0.19999998000000202,0.49999987500003124,2
42,0.0,1,0,2,231.51333333333332,694.54,3,3,1,0.125,0.33333322222225925,0.001439801881187834,0.33333322222225925,0,0.0,0.3749999531250059,0.49999991666668053,2
40,0.0,0,0,3,202.27666666666664,606.8299999999999,3,3,2,0.25,0.6666664444445185,0.003295815956205501,0.0,0,0.0,0.3749999531250059,0.49999991666668053,1
48,0.0,1,1,2,350.4,700.8,2,2,4,0.4444444444444444,1.9999990000005,0.0057077625489329875,0.99999950000025,0,0.0,0.11111109876543349,0.49999987500003124,1
53,0.0,0,1,4,385.262,1926.31,5,3,0,0.0,0.0,0.0,0.399999920000016,0,0.0,0.24999996875000394,0.3749999531250059,4
40,0.0,1,0,1,215.62,215.62,1,3,2,0.25,1.9999980000020001,0.009275577361675275,0.9999990000010001,0,0.0,0.12499998437500197,0.7499998125000469,1
23,1.0,0,1,2,664.805,1329.61,2,1,4,0.4444444444444444,1.9999990000005,0.003008400957417287,1.499999250000375,0,0.0,0.11111109876543349,0.33333322222225925,1
72,0.0,1,0,0,0.0,0.0,0,0,2,0.2222222222222222,2000000.0,2000000.0,0.0,0,0.0,0.0,0.0,3
57,0.0,0,0,2,347.91,695.82,2,4,2,0.25,0.99999950000025,0.0028743065694083144,0.0,0,0.0,0.24999996875000394,0.6666665555555741,1
31,0.0,1,1,2,523.895,1047.79,2,1,1,0.125,0.499999750000125,0.000954389714585566,1.499999250000375,0,0.0,0.12499998437500197,0.33333322222225925,2
33,0.0,0,1,2,611.3066666666667,1833.92,3,3,3,0.375,0.9999996666667778,0.001635840166618042,0.33333322222225925,0,0.0,0.3749999531250059,0.49999991666668053,1
38,0.0,0,0,5,327.188,1635.9399999999998,5,5,3,0.375,0.599999880000024,0.0018338080847501693,0.399999920000016,0,0.0,0.6249999218750099,0.499999950000005,4
18,0.0,0,1,0,0.0,0.0,0,0,0,0.0,0.0,0.0,0.0,0,0.0,0.0,0.0,0
44,0.0,0,0,2,154.885,309.77,2,1,0,0.0,0.0,0.0,0.0,0,0.0,0.12499998437500197,0.33333322222225925,2
49,1.0,0,0,0,0.0,0.0,0,0,2,0.25,2000000.0,2000000.0,0.0,0,0.0,0.0,0.0,3
39,0.0,1,0,3,279.975,1119.9,4,3,2,0.2222222222222222,0.49999987500003124,0.0017858737371319992,0.49999987500003124,0,0.0,0.33333329629630043,0.4285713673469475,4
46,0.0,0,0,3,260.16999999999996,1300.85,5,5,3,0.375,0.599999880000024,0.0023061844161077877,0.399999920000016,0,0.0,0.6249999218750099,0.499999950000005,4
32,0.0,0,0,1,747.21,747.21,1,1,2,0.25,1.9999980000020001,0.0026766237032740145,0.0,0,0.0,0.12499998437500197,0.499999750000125,1
65,0.0,1,0,2,511.95000000000005,1023.9000000000001,2,2,2,0.2,0.99999950000025,0.0019533157515838305,0.0,0,0.0,0.19999998000000202,0.49999987500003124,1
40,0.0,1,1,2,367.405,734.81,2,3,1,0.1111111111111111,0.499999750000125,0.0013608960120835374,0.99999950000025,0,0.0,0.22222219753086697,0.599999880000024,2
45,0.0,1,1,6,551.1316666666667,3306.79,6,8,0,0.0,0.0,0.0,0.16666663888889352,0,0.0,0.7499999062500118,0.5714285306122479,4
37,0.0,1,1,1,588.8,588.8,1,2,1,0.125,0.9999990000010001,0.0016983695623329323,0.0,0,0.0,0.12499998437500197,0.6666664444445185,2
38,0.0,0,1,0,0.0,0.0,0,0,2,0.25,2000000.0,2000000.0,0.0,0,0.0,0.0,0.0,3
31,0.0,0,0,2,508.41999999999996,1016.8399999999999,2,2,4,0.4,1.9999990000005,0.0039337555525611155,0.0,0,0.0,0.19999998000000202,0.49999987500003124,1
55,0.0,1,0,3,424.3833333333334,1273.15,3,2,2,0.25,0.6666664444445185,0.0015709068047198625,0.33333322222225925,0,0.0,0.24999996875000394,0.399999920000016,1
61,0.0,1,1,0,0.0,0.0,0,0,0,0.0,0.0,0.0,0.0,0,0.0,0.0,0.0,0
36,0.0,0,0,1,189.31,189.31,1,1,1,0.125,0.9999990000010001,0.0052823411056872795,0.0,0,0.0,0.12499998437500197,0.499999750000125,2
39,0.0,0,0,3,342.5833333333333,1027.75,3,3,2,0.25,0.6666664444445185,0.0019459985386076392,0.0,0,0.0,0.3749999531250059,0.49999991666668053,1
56,0.0,1,0,1,73.87,73.87,1,0,3,0.375,2.9999970000030003,0.04061188519545302,0.0,0,0.0,0.0,0.0,0
52,0.0,0,0,3,567.8866666666667,1703.66,3,3,0,0.0,0.0,0.0,0.9999996666667778,0,0.0,0.33333329629630043,0.49999991666668053,4
56,0.0,1,0,3,336.9766666666667,1010.9300000000001,3,3,3,0.375,0.9999996666667778,0.0029675645168631215,0.0,0,0.0,0.3749999531250059,0.49999991666668053,1
30,0.0,0,0,2,303.43,606.86,2,2,1,0.125,0.499999750000125,0.0016478265141089765,0.499999750000125,0,0.0,0.24999996875000394,0.49999987500003124,2
24,0.0,1,1,0,0.0,0.0,0,2,3,0.3333333333333333,3000000.0,3000000.0,0.0,0,0.0,0.0,0.99999950000025,6
51,0.0,1,1,1,378.92,378.92,1,1,4,0.4,3.9999960000040002,0.010556317928437881,0.9999990000010001,0,0.0,0.09999999000000101,0.499999750000125,1
45,0.0,0,0,3,269.62333333333333,808.87,3,3,1,0.125,0.33333322222225925,0.0012362926042055057,0.33333322222225925,0,0.0,0.3749999531250059,0.49999991666668053,4
52,0.0,1,1,3,433.12999999999994,1299.3899999999999,3,3,1,0.125,0.33333322222225925,0.0007695918848308885,0.6666664444445185,0,0.0,0.3749999531250059,0.49999991666668053,4
50,0.0,1,1,4,185.635,742.54,4,5,1,0.125,0.24999993750001562,0.0013467287939414325,0.24999993750001562,0,0.0,0.4999999375000079,0.5555554938271674,4
55,0.0,0,0,4,362.6825,1450.73,4,4,0,0.0,0.0,0.0,0.49999987500003124,0,0.0,0.3749999531250059,0.4999999375000079,4
47,0.0,1,1,1,584.21,584.21,1,1,1,0.125,0.9999990000010001,0.0017117132508657619,0.9999990000010001,0,0.0,0.12499998437500197,0.499999750000125,2
33,1.0,0,1,2,1470.895,2941.79,2,2,1,0.125,0.499999750000125,0.0003399290906761091,0.499999750000125,0,0.0,0.24999996875000394,0.49999987500003124,2
43,0.0,1,0,2,286.71500000000003,573.4300000000001,2,2,0,0.0,0.0,0.0,0.499999750000125,0,0.0,0.24999996875000394,0.49999987500003124,2
51,0.0,1,1,0,0.0,0.0,0,0,0,0.0,0.0,0.0,0.0,0,0.0,0.0,0.0,0
53,0.0,1,1,1,348.1,348.1,1,1,2,0.25,1.9999980000020001,0.005745475421587258,0.9999990000010001,0,0.0,0.12499998437500197,0.499999750000125,1
37,0.0,0,1,1,982.47,1964.94,2,1,2,0.25,0.99999950000025,0.0010178427834855808,0.99999950000025,1,0.33333322222225925,0.12499998437500197,0.33333322222225925,7
49,0.0,1,1,0,0.0,0.0,0,0,0,0.0,0.0,0.0,0.0,0,0.0,0.0,0.0,0
32,0.0,0,0,1,344.89,344.89,1,2,2,0.25,1.9999980000020001,0.005798950373165501,0.9999990000010001,0,0.0,0.12499998437500197,0.6666664444445185,1
46,0.0,0,0,1,673.96,673.96,1,2,0,0.0,0.0,0.0,0.0,0,0.0,0.12499998437500197,0.6666664444445185,2
37,0.0,0,0,2,299.385,598.77,2,0,1,0.125,0.499999750000125,0.0016700903490988355,0.499999750000125,0,0.0,0.0,0.0,0
34,0.0,0,1,1,555.29,1110.58,2,3,1,0.125,0.499999750000125,0.0009004304049231659,0.0,1,0.199999960000008,0.24999996875000394,0.599999880000024,7
46,0.0,0,0,0,0.0,0.0,0,0,1,0.125,1000000.0,1000000.0,0.0,0,0.0,0.0,0.0,0
47,0.0,0,0,3,537.9966666666667,1613.99,3,3,0,0.0,0.0,0.0,0.6666664444445185,0,0.0,0.24999996875000394,0.49999991666668053,2
62,0.0,0,0,1,1185.97,1185.97,1,2,1,0.125,0.9999990000010001,0.0008431916483189357,0.0,0,0.0,0.12499998437500197,0.6666664444445185,2
19,0.0,0,0,1,628.7,628.7,1,2,3,0.3333333333333333,2.9999970000030003,0.004771751225112531,0.9999990000010001,0,0.0,0.11111109876543349,0.6666664444445185,1
50,0.0,1,0,2,680.5133333333333,2041.54,3,2,0,0.0,0.0,0.0,0.6666664444445185,0,0.0,0.24999996875000394,0.399999920000016,2
28,0.0,0,0,0,0.0,0.0,0,0,2,0.25,2000000.0,2000000.0,0.0,0,0.0,0.0,0.0,3
50,0.0,0,0,2,409.58000000000004,819.1600000000001,2,3,3,0.375,1.499999250000375,0.0036622881931951162,0.499999750000125,0,0.0,0.24999996875000394,0.599999880000024,1
48,1.0,0,0,2,334.97,669.94,2,3,1,0.125,0.499999750000125,0.0014926709832333179,0.0,0,0.0,0.24999996875000394,0.599999880000024,2
19,0.0,0,0,2,101.71000000000001,203.42000000000002,2,3,3,0.3333333333333333,1.499999250000375,0.014747812335326849,0.499999750000125,0,0.0,0.22222219753086697,0.599999880000024,1
30,0.0,0,1,2,832.0133333333333,2496.04,3,2,5,0.625,1.6666661111112961,0.00200317302527076,0.9999996666667778,1,0.199999960000008,0.24999996875000394,0.399999920000016,7
59,0.0,1,0,2,218.32333333333335,654.97,3,3,0,0.0,0.0,0.0,0.6666664444445185,0,0.0,0.3749999531250059,0.49999991666668053,2
41,0.0,1,0,3,424.99333333333334,1274.98,3,3,1,0.125,0.33333322222225925,0.0007843260280284191,0.9999996666667778,0,0.0,0.3749999531250059,0.49999991666668053,4
57,0.0,1,1,4,715.525,2862.1,4,4,0,0.0,0.0,0.0,0.49999987500003124,0,0.0,0.4999999375000079,0.4999999375000079,4
43,0.0,0,0,3,717.5833333333334,2152.75,3,3,1,0.125,0.33333322222225925,0.0004645221226503207,0.0,0,0.0,0.3749999531250059,0.49999991666668053,4
27,0.0,0,0,0,0.0,0.0,0,1,1,0.125,1000000.0,1000000.0,0.0,0,0.0,0.0,0.9999990000010001,6
55,1.0,1,0,3,276.79,830.37,3,4,4,0.5,1.333332888889037,0.004817129707459169,1.333332888889037,0,0.0,0.3749999531250059,0.57142848979593,1
24,0.0,0,0,1,248.43,248.43,1,0,2,0.25,1.9999980000020001,0.008050557468701213,0.0,0,0.0,0.0,0.0,0
42,0.0,0,0,4,363.64500000000004,1454.5800000000002,4,5,1,0.1111111111111111,0.24999993750001562,0.0006874836717901498,0.7499998125000469,0,0.0,0.44444439506173394,0.5555554938271674,4
33,0.0,0,1,0,0.0,0.0,0,0,1,0.125,1000000.0,1000000.0,0.0,0,0.0,0.0,0.0,0
40,0.0,0,0,3,525.9033333333333,1577.71,3,3,1,0.125,0.33333322222225925,0.0006338300444100436,0.33333322222225925,0,0.0,0.3749999531250059,0.49999991666668053,4
68,0.0,0,0,1,235.62,235.62,1,2,1,0.1111111111111111,0.9999990000010001,0.004244121873168144,0.0,0,0.0,0.11111109876543349,0.6666664444445185,2
44,1.0,1,0,5,561.3916666666667,3368.35,6,5,4,0.5,0.6666665555555741,0.001187525049003956,0.6666665555555741,1,0.09090908264462885,0.6249999218750099,0.4545454132231443,7
40,0.0,0,0,4,418.94,1675.76,4,4,2,0.25,0.49999987500003124,0.001193488326971948,0.49999987500003124,0,0.0,0.4999999375000079,0.4999999375000079,4
46,0.0,1,0,3,746.6466666666666,2239.94,3,2,0,0.0,0.0,0.0,0.6666664444445185,0,0.0,0.24999996875000394,0.399999920000016,2
54,1.0,1,1,0,0.0,0.0,0,0,1,0.125,1000000.0,1000000.0,0.0,0,0.0,0.0,0.0,0
46,0.0,1,1,3,707.84,2831.36,4,3,2,0.25,0.49999987500003124,0.0007063743216311687,2.749999312500172,1,0.1428571224489825,0.3749999531250059,0.4285713673469475,7
47,0.0,1,0,0,0.0,0.0,0,0,1,0.125,1000000.0,1000000.0,0.0,0,0.0,0.0,0.0,0
44,0.0,0,0,3,447.0525,1788.21,4,2,3,0.3,0.7499998125000469,0.0016776553080020493,0.49999987500003124,0,0.0,0.19999998000000202,0.33333327777778704,1
38,1.0,1,0,2,522.3100000000001,1044.6200000000001,2,2,1,0.125,0.499999750000125,0.0009572859020913958,0.499999750000125,0,0.0,0.12499998437500197,0.49999987500003124,2
50,0.0,0,1,3,417.0133333333333,1251.04,3,3,0,0.0,0.0,0.0,0.0,0,0.0,0.33333329629630043,0.49999991666668053,4
38,1.0,0,0,1,376.91,376.91,1,1,4,0.5,3.9999960000040002,0.010612613062501358,0.9999990000010001,0,0.0,0.12499998437500197,0.499999750000125,1
66,0.0,1,0,2,689.59,1379.18,2,3,0,0.0,0.0,0.0,0.499999750000125,0,0.0,0.24999996875000394,0.599999880000024,2
42,0.0,0,1,1,4231.56,8463.12,2,3,4,0.5,1.9999990000005,0.0004726389321582774,0.99999950000025,1,0.199999960000008,0.24999996875000394,0.599999880000024,5
36,0.0,1,1,3,871.4075,3485.63,4,4,2,0.25,0.49999987500003124,0.0005737843659327628,0.7499998125000469,1,0.12499998437500197,0.3749999531250059,0.4999999375000079,7
57,0.0,1,1,3,592.3733333333333,1777.12,3,3,2,0.25,0.6666664444445185,0.0011254164034362247,0.6666664444445185,0,0.0,0.3749999531250059,0.49999991666668053,1
39,1.0,0,0,4,428.05999999999995,1712.2399999999998,4,3,1,0.125,0.24999993750001562,0.0005840302757884233,0.49999987500003124,0,0.0,0.3749999531250059,0.4285713673469475,4
40,1.0,0,0,3,289.4533333333333,868.36,3,3,0,0.0,0.0,0.0,0.6666664444445185,0,0.0,0.3749999531250059,0.49999991666668053,4
41,0.0,1,0,1,261.42,261.42,1,2,1,0.1111111111111111,0.9999990000010001,0.003825262015816456,0.0,0,0.0,0.11111109876543349,0.6666664444445185,2
29,0.0,0,0,4,542.8425,2171.37,4,2,3,0.375,0.7499998125000469,0.0013816162140116075,0.49999987500003124,0,0.0,0.24999996875000394,0.33333327777778704,1
50,0.0,0,0,4,331.352,1656.76,5,3,1,0.125,0.199999960000008,0.0006035877250756972,0.399999920000016,0,0.0,0.3749999531250059,0.3749999531250059,4
39,0.0,0,0,6,672.9983333333333,4037.9900000000002,6,6,2,0.2222222222222222,0.33333327777778704,0.0004952959268112858,0.6666665555555741,0,0.0,0.6666665925926009,0.4999999583333368,4
39,0.0,1,1,2,43.79,87.58,2,4,2,0.25,0.99999950000025,0.02283626372646422,0.499999750000125,0,0.0,0.24999996875000394,0.6666665555555741,1
40,0.0,0,0,5,468.16,2340.8,5,5,0,0.0,0.0,0.0,0.399999920000016,0,0.0,0.6249999218750099,0.499999950000005,4
39,0.0,1,0,3,254.74333333333334,764.23,3,3,3,0.375,0.9999996666667778,0.003925519799110844,1.333332888889037,0,0.0,0.3749999531250059,0.49999991666668053,1
78,0.0,0,0,0,0.0,0.0,0,2,0,0.0,0.0,0.0,0.0,0,0.0,0.0,0.99999950000025,2
45,1.0,0,1,2,398.69,797.38,2,3,2,0.25,0.99999950000025,0.0025082143990215276,0.0,0,0.0,0.24999996875000394,0.599999880000024,1
44,0.0,1,1,1,339.66,339.66,1,2,2,0.25,1.9999980000020001,0.005888241165023137,0.0,0,0.0,0.12499998437500197,0.6666664444445185,1
40,0.0,0,0,3,407.10999999999996,1221.33,3,3,2,0.25,0.6666664444445185,0.001637559053132602,0.6666664444445185,0,0.0,0.3749999531250059,0.49999991666668053,1
59,0.0,1,1,1,98.83,98.83,1,2,1,0.1111111111111111,0.9999990000010001,0.010118385003355409,0.9999990000010001,0,0.0,0.11111109876543349,0.6666664444445185,2
19,0.0,0,1,1,309.1,309.1,1,2,1,0.125,0.9999990000010001,0.003235198954269819,0.0,0,0.0,0.12499998437500197,0.6666664444445185,2
39,0.0,0,1,5,383.216,1916.08,5,4,1,0.125,0.199999960000008,0.0005218988766012386,0.399999920000016,0,0.0,0.4999999375000079,0.44444439506173394,4
43,0.0,1,0,2,240.945,481.89,2,2,2,0.25,0.99999950000025,0.0041503247543001,0.499999750000125,0,0.0,0.12499998437500197,0.49999987500003124,1
48,0.0,1,0,3,618.8866666666667,1856.66,3,4,0,0.0,0.0,0.0,0.33333322222225925,0,0.0,0.299999970000003,0.57142848979593,4
53,0.0,0,0,3,310.27000000000004,1241.0800000000002,4,4,1,0.125,0.24999993750001562,0.0008057498301433025,0.24999993750001562,1,0.12499998437500197,0.4999999375000079,0.4999999375000079,7
37,0.0,1,0,2,343.24333333333334,1029.73,3,2,2,0.25,0.6666664444445185,0.0019422567061829247,1.6666661111112961,0,0.0,0.24999996875000394,0.399999920000016,1
39,0.0,0,1,1,186.61,186.61,1,1,1,0.125,0.9999990000010001,0.005358769597777345,0.0,0,0.0,0.12499998437500197,0.499999750000125,2
44,0.0,0,0,3,248.01666666666665,744.05,3,3,1,0.1111111111111111,0.33333322222225925,0.0013439956974074382,0.33333322222225925,0,0.0,0.33333329629630043,0.49999991666668053,4
55,0.0,0,0,3,317.15333333333336,951.46,3,3,1,0.125,0.33333322222225925,0.0010510163316891762,0.0,0,0.0,0.3749999531250059,0.49999991666668053,4
31,0.0,0,1,1,226.18,226.18,1,1,1,0.125,0.9999990000010001,0.004421257386058637,0.0,0,0.0,0.12499998437500197,0.499999750000125,2
33,0.0,0,0,3,254.18999999999997,762.5699999999999,3,3,1,0.125,0.33333322222225925,0.0013113550214257643,0.6666664444445185,0,0.0,0.3749999531250059,0.49999991666668053,4
32,0.0,0,0,1,44.93,44.93,1,2,1,0.14285714285714285,0.9999990000010001,0.022256843484156612,0.0,0,0.0,0.1428571224489825,0.6666664444445185,2
53,0.0,1,1,0,0.0,0.0,0,0,2,0.2222222222222222,2000000.0,2000000.0,0.0,0,0.0,0.0,0.0,3
41,1.0,0,0,3,297.2325,1188.93,4,2,2,0.25,0.49999987500003124,0.0016821848202314812,0.49999987500003124,1,0.16666663888889352,0.24999996875000394,0.33333327777778704,7
24,0.0,0,0,1,411.04,411.04,1,1,1,0.125,0.9999990000010001,0.0024328532443731675,0.9999990000010001,0,0.0,0.12499998437500197,0.499999750000125,2
54,0.0,1,1,2,522.375,1044.75,2,4,2,0.25,0.99999950000025,0.0019143335707926931,0.99999950000025,0,0.0,0.24999996875000394,0.6666665555555741,1
55,0.0,1,0,3,207.66,622.98,3,3,2,0.2222222222222222,0.6666664444445185,0.003210375929868734,0.6666664444445185,0,0.0,0.33333329629630043,0.49999991666668053,1
48,0.0,0,0,2,355.005,710.01,2,4,3,0.3333333333333333,1.499999250000375,0.004225292595561622,0.99999950000025,0,0.0,0.22222219753086697,0.6666665555555741,1
43,0.0,0,0,4,390.3775,1561.51,4,2,1,0.125,0.24999993750001562,0.0006404057606801072,0.9999997500000625,0,0.0,0.24999996875000394,0.33333327777778704,4
67,0.0,0,0,5,304.83666666666664,1829.02,6,5,3,0.3333333333333333,0.49999991666668053,0.0016402226319885934,0.6666665555555741,0,0.0,0.5555554938271674,0.4545454132231443,4
44,0.0,0,0,3,713.0099999999999,2139.0299999999997,3,3,2,0.25,0.6666664444445185,0.0009350032486991754,0.0,0,0.0,0.3749999531250059,0.49999991666668053,4
45,0.0,0,0,1,1180.5,1180.5,1,1,3,0.375,2.9999970000030003,0.0025412960588383766,0.9999990000010001,0,0.0,0.12499998437500197,0.499999750000125,1
40,0.0,0,0,3,315.42333333333335,946.27,3,3,2,0.25,0.6666664444445185,0.0021135616662120095,0.33333322222225925,0,0.0,0.3749999531250059,0.49999991666668053,1
43,0.0,0,0,3,554.87,2219.48,4,4,3,0.3,0.7499998125000469,0.0013516679576514915,0.49999987500003124,0,0.0,0.39999996000000404,0.4999999375000079,4
39,0.0,1,0,2,293.65333333333336,880.96,3,3,2,0.25,0.6666664444445185,0.0022702506330931588,0.6666664444445185,0,0.0,0.24999996875000394,0.49999991666668053,1
37,0.0,1,1,1,90.64,90.64,1,3,2,0.25,1.9999980000020001,0.022065313084010225,0.9999990000010001,0,0.0,0.12499998437500197,0.7499998125000469,1
51,0.0,1,1,0,0.0,0.0,0,1,0,0.0,0.0,0.0,0.0,0,0.0,0.0,0.9999990000010001,2
24,0.0,0,0,0,0.0,0.0,0,2,4,0.5,4000000.0,4000000.0,0.0,0,0.0,0.0,0.99999950000025,6
40,0.0,0,0,3,751.65,2254.95,3,2,1,0.125,0.33333322222225925,0.00044346881285905733,0.9999996666667778,0,0.0,0.24999996875000394,0.399999920000016,2
51,0.0,1,1,5,327.476,1637.38,5,5,3,0.375,0.599999880000024,0.0018321953353331569,0.399999920000016,0,0.0,0.6249999218750099,0.499999950000005,4
24,0.0,0,0,0,0.0,0.0,0,1,2,0.2,2000000.0,2000000.0,0.0,0,0.0,0.0,0.9999990000010001,6
45,0.0,0,0,3,216.5,649.5,3,3,0,0.0,0.0,0.0,0.6666664444445185,0,0.0,0.33333329629630043,0.49999991666668053,4
49,0.0,1,0,1,374.73,374.73,1,1,1,0.125,0.9999990000010001,0.0026685880429413496,0.9999990000010001,0,0.0,0.12499998437500197,0.499999750000125,2
41,0.0,0,1,3,451.6433333333334,1354.93,3,3,1,0.125,0.33333322222225925,0.000738045507341305,0.33333322222225925,0,0.0,0.24999996875000394,0.49999991666668053,2
39,0.0,1,1,1,321.28,321.28,1,1,1,0.125,0.9999990000010001,0.003112549791108847,0.9999990000010001,0,0.0,0.12499998437500197,0.499999750000125,2
47,0.0,0,0,3,322.28333333333336,966.85,3,2,2,0.3333333333333333,0.6666664444445185,0.0020685731994946753,0.6666664444445185,0,0.0,0.33333327777778704,0.399999920000016,1
41,0.0,1,1,3,910.5566666666667,2731.67,3,4,2,0.25,0.6666664444445185,0.0007321528586058518,0.9999996666667778,0,0.0,0.3749999531250059,0.57142848979593,4
70,0.0,1,0,0,0.0,0.0,0,0,0,0.0,0.0,0.0,0.0,0,0.0,0.0,0.0,0
69,0.0,1,0,0,0.0,0.0,0,0,2,0.25,2000000.0,2000000.0,0.0,0,0.0,0.0,0.0,3
42,0.0,1,1,4,678.6474999999999,2714.5899999999997,4,3,0,0.0,0.0,0.0,0.49999987500003124,0,0.0,0.3749999531250059,0.4285713673469475,4
52,0.0,1,0,3,390.43,1171.29,3,3,0,0.0,0.0,0.0,0.6666664444445185,0,0.0,0.33333329629630043,0.49999991666668053,4
45,0.0,0,0,3,286.9433333333333,860.8299999999999,3,4,2,0.2222222222222222,0.6666664444445185,0.00232333910025982,0.6666664444445185,0,0.0,0.33333329629630043,0.57142848979593,4
26,0.0,0,0,0,0.0,0.0,0,0,2,0.25,2000000.0,2000000.0,0.0,0,0.0,0.0,0.0,3
45,1.0,1,1,1,116.725,233.45,2,2,1,0.125,0.499999750000125,0.004283572481115561,0.499999750000125,0,0.0,0.24999996875000394,0.49999987500003124,2
57,0.0,1,1,4,129.2375,516.95,4,4,3,0.375,0.7499998125000469,0.005803269163742588,0.7499998125000469,0,0.0,0.4999999375000079,0.4999999375000079,1
47,0.0,1,0,3,260.3066666666667,780.9200000000001,3,3,1,0.125,0.33333322222225925,0.001280540898836576,0.33333322222225925,0,0.0,0.3749999531250059,0.49999991666668053,4
34,1.0,0,1,1,66.68,66.68,1,3,5,0.625,4.999995000005001,0.07498500187485,0.0,0,0.0,0.12499998437500197,0.7499998125000469,1
55,0.0,0,0,2,389.06,778.12,2,1,1,0.1111111111111111,0.499999750000125,0.0012851488185817756,0.99999950000025,0,0.0,0.11111109876543349,0.33333322222225925,2
46,0.0,1,1,3,572.44,1717.3200000000002,3,3,1,0.125,0.33333322222225925,0.000582302657290253,0.33333322222225925,0,0.0,0.3749999531250059,0.49999991666668053,4
19,0.0,0,0,0,0.0,0.0,0,1,2,0.25,2000000.0,2000000.0,0.0,0,0.0,0.0,0.9999990000010001,6
40,0.0,0,0,4,345.656,1728.28,5,5,1,0.1111111111111111,0.199999960000008,0.0005786099471274273,0.799999840000032,0,0.0,0.5555554938271674,0.499999950000005,4
70,0.0,1,0,0,0.0,0.0,0,1,1,0.125,1000000.0,1000000.0,0.0,0,0.0,0.0,0.9999990000010001,6
39,0.0,0,1,5,319.07166666666666,1914.4299999999998,6,5,3,0.3333333333333333,0.49999991666668053,0.0015670460651123071,0.8333331944444675,0,0.0,0.5555554938271674,0.4545454132231443,4
18,0.0,0,0,1,426.81,853.62,2,3,3,0.375,1.499999250000375,0.003514444362228574,0.99999950000025,1,0.199999960000008,0.24999996875000394,0.599999880000024,7
30,0.0,0,0,2,452.675,905.35,2,3,1,0.125,0.499999750000125,0.0011045452022924336,0.0,0,0.0,0.24999996875000394,0.599999880000024,2
19,0.0,0,0,0,0.0,0.0,0,0,2,0.2222222222222222,2000000.0,2000000.0,0.0,0,0.0,0.0,0.0,3
50,1.0,1,1,1,610.81,610.81,1,1,2,0.2222222222222222,1.9999980000020001,0.0032743406242950503,0.9999990000010001,0,0.0,0.11111109876543349,0.499999750000125,1
39,0.0,0,1,2,2028.76,4057.52,2,1,1,0.125,0.499999750000125,0.0002464559631877462,0.99999950000025,0,0.0,0.12499998437500197,0.33333322222225925,2
48,0.0,1,0,1,519.03,1038.06,2,4,1,0.1111111111111111,0.499999750000125,0.0009633354517433139,1.9999990000005,1,0.16666663888889352,0.22222219753086697,0.6666665555555741,7
40,1.0,0,0,6,371.8671428571428,2603.0699999999997,7,7,1,0.125,0.1428571224489825,0.0003841617780604588,0.57142848979593,0,0.0,0.8749998906250137,0.49999996428571686,4
49,0.0,1,0,3,105.75999999999999,317.28,3,3,1,0.125,0.33333322222225925,0.0031517902069093857,0.33333322222225925,0,0.0,0.3749999531250059,0.49999991666668053,4
52,0.0,1,1,1,734.59,734.59,1,2,1,0.125,0.9999990000010001,0.00136130358245919,0.9999990000010001,0,0.0,0.12499998437500197,0.6666664444445185,2
50,0.0,0,0,2,402.975,805.95,2,1,1,0.125,0.499999750000125,0.001240771758495227,0.499999750000125,0,0.0,0.12499998437500197,0.33333322222225925,2
22,0.0,0,0,2,354.6,709.2,2,3,1,0.125,0.499999750000125,0.0014100394791172596,0.99999950000025,0,0.0,0.24999996875000394,0.599999880000024,2
35,1.0,0,0,1,8.17,8.17,1,1,0,0.0,0.0,0.0,0.0,0,0.0,0.12499998437500197,0.499999750000125,2
48,0.0,1,0,5,504.98400000000004,2524.92,5,5,1,0.1111111111111111,0.199999960000008,0.0003960521519905375,1.199999760000048,0,0.0,0.5555554938271674,0.499999950000005,4
51,0.0,0,0,4,354.4175,1417.67,4,5,1,0.125,0.24999993750001562,0.0007053827754658115,0.24999993750001562,0,0.0,0.4999999375000079,0.5555554938271674,4
51,0.0,0,0,2,104.63,209.26,2,2,2,0.2222222222222222,0.99999950000025,0.009557488246404051,0.99999950000025,0,0.0,0.22222219753086697,0.49999987500003124,1
62,0.0,1,1,1,942.71,1885.42,2,3,3,0.3333333333333333,1.499999250000375,0.001591157407054578,4.99999750000125,1,0.199999960000008,0.22222219753086697,0.599999880000024,7
53,0.0,1,1,3,217.15333333333334,651.46,3,3,0,0.0,0.0,0.0,0.9999996666667778,0,0.0,0.3749999531250059,0.49999991666668053,4
52,0.0,0,0,3,526.582,2632.91,5,5,1,0.125,0.199999960000008,0.0003798078930233818,0.399999920000016,1,0.09999999000000101,0.6249999218750099,0.499999950000005,7
48,0.0,1,0,5,436.44800000000004,2182.2400000000002,5,5,1,0.1111111111111111,0.199999960000008,0.000458244739140404,0.599999880000024,0,0.0,0.5555554938271674,0.499999950000005,4
37,0.0,0,0,3,312.0525,1248.21,4,4,3,0.3,0.7499998125000469,0.0024034417266297803,0.0,1,0.12499998437500197,0.39999996000000404,0.4999999375000079,7
49,0.0,1,1,2,271.78,543.56,2,3,1,0.125,0.499999750000125,0.001839723302230254,0.99999950000025,0,0.0,0.24999996875000394,0.599999880000024,2
48,0.0,0,1,0,0.0,0.0,0,2,1,0.1111111111111111,1000000.0,1000000.0,0.0,0,0.0,0.0,0.99999950000025,6
40,0.0,0,0,5,321.43,1607.15,5,5,0,0.0,0.0,0.0,0.799999840000032,0,0.0,0.7142856122449125,0.499999950000005,4
40,0.0,0,0,0,0.0,0.0,0,1,0,0.0,0.0,0.0,0.0,0,0.0,0.0,0.9999990000010001,2
36,0.0,1,0,2,812.43,1624.86,2,2,2,0.25,0.99999950000025,0.001230875274650816,0.499999750000125,0,0.0,0.24999996875000394,0.49999987500003124,1
77,0.0,1,0,0,0.0,0.0,0,1,1,0.1111111111111111,1000000.0,1000000.0,0.0,0,0.0,0.0,0.9999990000010001,6
73,0.0,1,0,1,3380.03,6760.06,2,2,1,0.125,0.499999750000125,0.00014792768109337377,1.9999990000005,1,0.24999993750001562,0.24999996875000394,0.49999987500003124,5
54,0.0,1,1,3,868.73,2606.19,4,6,3,0.3333333333333333,0.7499998125000469,0.001151105636522623,0.24999993750001562,1,0.09999999000000101,0.44444439506173394,0.599999940000006,7
45,0.0,1,1,0,0.0,0.0,0,1,1,0.125,1000000.0,1000000.0,0.0,0,0.0,0.0,0.9999990000010001,6
43,0.0,1,0,4,1342.9625,5371.85,4,2,0,0.0,0.0,0.0,0.24999993750001562,0,0.0,0.24999996875000394,0.33333327777778704,4
28,1.0,0,0,3,330.31,990.93,3,3,1,0.125,0.33333322222225925,0.00100915301685371,0.33333322222225925,0,0.0,0.3749999531250059,0.49999991666668053,4
58,0.0,0,1,3,460.2,1380.6,3,3,2,0.25,0.6666664444445185,0.0014486455153928397,0.0,0,0.0,0.3749999531250059,0.49999991666668053,1
37,1.0,0,0,4,298.5975,1194.39,4,6,2,0.25,0.49999987500003124,0.0016744949290646311,0.24999993750001562,0,0.0,0.4999999375000079,0.599999940000006,4
51,0.0,1,0,3,420.07,1260.21,3,4,1,0.1111111111111111,0.33333322222225925,0.0007935185399310284,0.6666664444445185,0,0.0,0.33333329629630043,0.57142848979593,4
50,0.0,0,0,3,590.1233333333333,1770.37,3,3,0,0.0,0.0,0.0,0.33333322222225925,0,0.0,0.3749999531250059,0.49999991666668053,4
49,1.0,0,0,3,442.95,1328.85,3,5,1,0.125,0.33333322222225925,0.0007525303828479283,0.6666664444445185,0,0.0,0.3749999531250059,0.6249999218750099,4
42,0.0,1,1,4,682.78,2731.12,4,3,2,0.2222222222222222,0.49999987500003124,0.0007323003014395925,1.4999996250000938,0,0.0,0.33333329629630043,0.4285713673469475,4
46,0.0,1,1,3,577.34,1732.02,3,3,1,0.125,0.33333322222225925,0.0005773605382285652,0.9999996666667778,0,0.0,0.3749999531250059,0.49999991666668053,4
50,0.0,0,0,3,468.18,1872.72,4,4,1,0.125,0.24999993750001562,0.0005339826559581877,0.49999987500003124,0,0.0,0.4999999375000079,0.4999999375000079,4
57,0.0,1,0,2,478.11,956.22,2,1,0,0.0,0.0,0.0,0.499999750000125,0,0.0,0.12499998437500197,0.33333322222225925,2
24,0.0,0,0,0,0.0,0.0,0,1,1,0.125,1000000.0,1000000.0,0.0,0,0.0,0.0,0.9999990000010001,6
32,0.0,1,1,2,195.555,391.11,2,2,2,0.25,0.99999950000025,0.005113650877978955,0.0,0,0.0,0.24999996875000394,0.49999987500003124,1
57,0.0,1,1,4,370.19,1480.76,4,4,0,0.0,0.0,0.0,0.24999993750001562,0,0.0,0.44444439506173394,0.4999999375000079,4
35,0.0,0,1,0,0.0,0.0,0,1,2,0.2222222222222222,2000000.0,2000000.0,0.0,0,0.0,0.0,0.9999990000010001,6
21,0.0,1,0,0,0.0,0.0,0,0,0,0.0,0.0,0.0,0.0,0,0.0,0.0,0.0,0
35,1.0,1,0,0,0.0,0.0,0,0,1,0.125,1000000.0,1000000.0,0.0,0,0.0,0.0,0.0,0
24,1.0,0,0,1,518.65,518.65,1,3,1,0.125,0.9999990000010001,0.0019280825182144367,0.0,0,0.0,0.12499998437500197,0.7499998125000469,2
45,0.0,1,1,2,395.755,791.51,2,1,2,0.25,0.99999950000025,0.0025268158298356108,0.99999950000025,0,0.0,0.12499998437500197,0.33333322222225925,1
20,0.0,0,1,0,0.0,0.0,0,0,1,0.125,1000000.0,1000000.0,0.0,0,0.0,0.0,0.0,0
45,0.0,0,1,4,785.2175,3140.87,4,4,0,0.0,0.0,0.0,0.7499998125000469,0,0.0,0.4999999375000079,0.4999999375000079,4
38,1.0,0,0,4,489.26000000000005,2446.3,5,6,1,0.125,0.199999960000008,0.00040878060728088104,0.599999880000024,0,0.0,0.6249999218750099,0.5454544958677732,4
46,0.0,0,0,3,390.64000000000004,1171.92,3,4,2,0.25,0.6666664444445185,0.0017066011317269085,0.6666664444445185,0,0.0,0.3749999531250059,0.57142848979593,4
56,0.0,0,0,5,556.3399999999999,2781.7,5,3,1,0.1111111111111111,0.199999960000008,0.0003594923966065743,0.599999880000024,0,0.0,0.33333329629630043,0.3749999531250059,4
34,1.0,1,1,3,2942.23,11768.92,4,2,2,0.25,0.49999987500003124,0.0001699391277899808,1.249999687500078,1,0.16666663888889352,0.24999996875000394,0.33333327777778704,5
19,0.0,0,0,0,0.0,0.0,0,0,1,0.125,1000000.0,1000000.0,0.0,0,0.0,0.0,0.0,0
41,0.0,0,0,6,667.8671428571428,4675.07,7,6,1,0.1111111111111111,0.1428571224489825,0.00021390054048091246,0.857142734693895,0,0.0,0.6666665925926009,0.4615384260355057,4
37,0.0,1,0,2,120.785,241.57,2,2,2,0.25,0.99999950000025,0.008279173704188543,0.99999950000025,0,0.0,0.12499998437500197,0.49999987500003124,1
40,0.0,1,0,3,195.02999999999997,780.1199999999999,4,4,0,0.0,0.0,0.0,0.49999987500003124,0,0.0,0.4999999375000079,0.4999999375000079,4
32,0.0,0,0,1,613.56,613.56,2,4,4,0.4444444444444444,1.9999990000005,0.00651932980226982,0.0,1,0.16666663888889352,0.22222219753086697,0.6666665555555741,7
55,0.0,0,0,6,330.36,2312.52,7,5,1,0.1111111111111111,0.1428571224489825,0.0004324286923216108,0.857142734693895,0,0.0,0.5555554938271674,0.41666663194444736,4
48,0.0,1,1,4,215.51,862.04,4,4,0,0.0,0.0,0.0,1.249999687500078,0,0.0,0.4999999375000079,0.4999999375000079,4
45,0.0,0,0,5,299.0,1794.0,6,6,3,0.375,0.49999991666668053,0.0016722408017434554,0.49999991666668053,0,0.0,0.7499999062500118,0.4999999583333368,4
44,0.0,1,0,2,601.645,1203.29,2,3,2,0.25,0.99999950000025,0.0016621097144810396,0.0,0,0.0,0.24999996875000394,0.599999880000024,1
40,0.0,1,0,4,379.205,1516.82,4,4,0,0.0,0.0,0.0,0.24999993750001562,0,0.0,0.4999999375000079,0.4999999375000079,4
65,0.0,1,1,1,517.22,517.22,1,1,2,0.2222222222222222,1.9999980000020001,0.003866826488018973,0.9999990000010001,0,0.0,0.11111109876543349,0.499999750000125,1
49,0.0,1,0,2,219.90666666666667,659.72,3,2,1,0.125,0.33333322222225925,0.0015157945772209503,0.6666664444445185,0,0.0,0.24999996875000394,0.399999920000016,2
44,0.0,1,1,2,750.04,1500.08,2,2,1,0.14285714285714285,0.499999750000125,0.0006666311125629092,0.99999950000025,0,0.0,0.285714244897965,0.49999987500003124,2
25,0.0,0,1,1,364.7,364.7,1,3,0,0.0,0.0,0.0,1.9999980000020001,0,0.0,0.12499998437500197,0.7499998125000469,2
54,0.0,1,0,2,363.23,726.46,2,3,1,0.125,0.499999750000125,0.0013765382796347516,0.499999750000125,0,0.0,0.24999996875000394,0.599999880000024,2
42,0.0,0,0,4,562.51,2250.04,4,5,0,0.0,0.0,0.0,0.7499998125000469,0,0.0,0.4999999375000079,0.5555554938271674,4
68,1.0,0,0,1,1028.11,1028.11,1,0,2,0.25,1.9999980000020001,0.001945317133433857,0.0,0,0.0,0.0,0.0,0
34,0.0,0,1,2,364.81499999999994,729.6299999999999,2,1,1,0.125,0.499999750000125,0.0013705576780415312,0.499999750000125,0,0.0,0.12499998437500197,0.33333322222225925,2
49,0.0,1,1,2,240.365,480.73,2,2,1,0.14285714285714285,0.499999750000125,0.0020801697375238287,0.499999750000125,0,0.0,0.285714244897965,0.49999987500003124,2
68,0.0,1,0,0,0.0,0.0,0,2,1,0.125,1000000.0,1000000.0,0.0,0,0.0,0.0,0.99999950000025,6
69,0.0,1,0,0,0.0,0.0,0,1,1,0.1111111111111111,1000000.0,1000000.0,0.0,0,0.0,0.0,0.9999990000010001,6
42,0.0,0,0,4,404.794,2023.97,5,4,0,0.0,0.0,0.0,0.399999920000016,0,0.0,0.4999999375000079,0.44444439506173394,4
37,0.0,0,0,2,302.09000000000003,604.1800000000001,2,2,0,0.0,0.0,0.0,0.499999750000125,0,0.0,0.22222219753086697,0.49999987500003124,2
49,0.0,1,1,2,293.49,586.98,2,2,2,0.25,0.99999950000025,0.0034072711107579964,0.499999750000125,0,0.0,0.24999996875000394,0.49999987500003124,1
48,0.0,1,1,1,618.12,1236.24,2,4,0,0.0,0.0,0.0,0.499999750000125,0,0.0,0.24999996875000394,0.6666665555555741,2
32,0.0,0,0,1,319.85,319.85,1,1,1,0.14285714285714285,0.9999990000010001,0.003126465520942737,0.0,0,0.0,0.1428571224489825,0.499999750000125,2
45,0.0,1,0,3,494.03000000000003,1482.0900000000001,3,3,2,0.25,0.6666664444445185,0.0013494457142619908,0.6666664444445185,0,0.0,0.3749999531250059,0.49999991666668053,1
24,1.0,0,1,1,347.94,347.94,1,3,0,0.0,0.0,0.0,0.0,0,0.0,0.12499998437500197,0.7499998125000469,2
44,0.0,1,0,2,66.08,132.16,2,3,4,0.4444444444444444,1.9999990000005,0.03026634359665297,0.499999750000125,0,0.0,0.22222219753086697,0.599999880000024,1
33,0.0,1,0,0,0.0,0.0,0,1,1,0.1111111111111111,1000000.0,1000000.0,0.0,0,0.0,0.0,0.9999990000010001,6
52,0.0,1,1,2,342.05499999999995,684.1099999999999,2,2,3,0.3333333333333333,1.499999250000375,0.004385259674050577,0.499999750000125,0,0.0,0.22222219753086697,0.49999987500003124,1
50,0.0,1,0,5,199.972,999.86,5,5,2,0.25,0.399999920000016,0.0020002800372049285,0.399999920000016,0,0.0,0.6249999218750099,0.499999950000005,4
18,0.0,0,0,0,0.0,0.0,0,0,0,0.0,0.0,0.0,0.0,0,0.0,0.0,0.0,0
44,0.0,0,1,4,595.112,2975.56,5,3,1,0.1111111111111111,0.199999960000008,0.0003360711932086494,0.399999920000016,0,0.0,0.33333329629630043,0.3749999531250059,4
39,0.0,0,0,4,695.684,3478.42,5,4,4,0.5,0.799999840000032,0.001149947389576317,0.799999840000032,1,0.11111109876543349,0.4999999375000079,0.44444439506173394,7
57,0.0,1,0,2,241.60666666666665,724.8199999999999,3,2,1,0.125,0.33333322222225925,0.0013796528774321173,0.33333322222225925,0,0.0,0.24999996875000394,0.399999920000016,2
72,0.0,1,0,0,0.0,0.0,0,0,2,0.25,2000000.0,2000000.0,0.0,0,0.0,0.0,0.0,3
19,0.0,0,1,0,0.0,0.0,0,1,0,0.0,0.0,0.0,0.0,0,0.0,0.0,0.9999990000010001,2
58,0.0,1,1,3,343.34,1030.02,3,3,3,0.375,0.9999996666667778,0.0029125648017392235,0.6666664444445185,0,0.0,0.3749999531250059,0.49999991666668053,1
39,1.0,1,0,4,316.855,1267.42,4,3,2,0.2222222222222222,0.49999987500003124,0.0015780088671647843,0.9999997500000625,0,0.0,0.33333329629630043,0.4285713673469475,4
52,0.0,1,1,1,282.67,282.67,1,2,0,0.0,0.0,0.0,0.0,0,0.0,0.0,0.6666664444445185,2
48,0.0,0,1,2,196.14499999999998,392.28999999999996,2,2,2,0.2222222222222222,0.99999950000025,0.005098269124631602,0.499999750000125,0,0.0,0.11111109876543349,0.49999987500003124,1
40,1.0,1,0,1,590.05,590.05,1,2,3,0.3333333333333333,2.9999970000030003,0.0050843148799520135,0.0,0,0.0,0.11111109876543349,0.6666664444445185,1
32,0.0,1,0,0,0.0,0.0,0,0,1,0.125,1000000.0,1000000.0,0.0,0,0.0,0.0,0.0,0
50,0.0,0,1,3,240.9475,963.79,4,2,2,0.2222222222222222,0.49999987500003124,0.0020751408480321016,0.49999987500003124,1,0.16666663888889352,0.22222219753086697,0.33333327777778704,7
52,0.0,1,1,3,317.935,1271.74,4,3,0,0.0,0.0,0.0,0.7499998125000469,0,0.0,0.33333329629630043,0.4285713673469475,4
66,0.0,1,1,0,0.0,0.0,0,1,2,0.25,2000000.0,2000000.0,0.0,0,0.0,0.0,0.9999990000010001,6
37,0.0,0,0,1,467.68,467.68,1,1,1,0.125,0.9999990000010001,0.0021382141589586594,0.9999990000010001,0,0.0,0.12499998437500197,0.499999750000125,2
52,0.0,0,1,4,185.85250000000002,743.4100000000001,4,3,2,0.25,0.49999987500003124,0.0026903054805688573,0.24999993750001562,0,0.0,0.3749999531250059,0.4285713673469475,4
52,0.0,0,0,3,452.94000000000005,1358.8200000000002,3,3,2,0.25,0.6666664444445185,0.0014718652938050178,0.9999996666667778,0,0.0,0.3749999531250059,0.49999991666668053,1
30,0.0,0,1,3,385.83666666666664,1157.51,3,2,2,0.25,0.6666664444445185,0.0017278468421630508,0.33333322222225925,0,0.0,0.24999996875000394,0.399999920000016,1
42,1.0,1,0,4,2564.446,12822.23,5,3,2,0.25,0.399999920000016,0.00015597910814608854,0.399999920000016,1,0.12499998437500197,0.3749999531250059,0.3749999531250059,5
39,0.0,0,0,4,308.47749999999996,1233.9099999999999,4,4,1,0.125,0.24999993750001562,0.0008104318784915984,0.24999993750001562,0,0.0,0.4999999375000079,0.4999999375000079,4
46,1.0,1,0,1,509.57,509.57,1,0,1,0.125,0.9999990000010001,0.001962438915237477,0.0,0,0.0,0.0,0.0,0
34,0.0,0,1,0,0.0,0.0,0,0,1,0.125,1000000.0,1000000.0,0.0,0,0.0,0.0,0.0,0
39,0.0,0,0,4,368.4225,1473.69,4,4,2,0.2222222222222222,0.49999987500003124,0.0013571375246102385,0.7499998125000469,0,0.0,0.44444439506173394,0.4999999375000079,4
53,0.0,1,0,7,613.3728571428572,4293.610000000001,7,6,0,0.0,0.0,0.0,0.7142856122449125,0,0.0,0.7499999062500118,0.4615384260355057,4
39,0.0,0,0,4,735.085,2940.34,4,5,1,0.1111111111111111,0.24999993750001562,0.00034009672339249995,0.24999993750001562,0,0.0,0.44444439506173394,0.5555554938271674,4
43,0.0,0,1,2,274.245,548.49,2,2,0,0.0,0.0,0.0,0.499999750000125,0,0.0,0.24999996875000394,0.49999987500003124,2
44,0.0,1,0,2,501.22499999999997,1002.4499999999999,2,2,1,0.125,0.499999750000125,0.000997555986834699,1.499999250000375,0,0.0,0.24999996875000394,0.49999987500003124,2
25,1.0,1,1,2,8713.963333333333,26141.89,3,3,4,0.4444444444444444,1.333332888889037,0.00015301112505052193,5.666664777778407,1,0.16666663888889352,0.33333329629630043,0.49999991666668053,5
55,0.0,1,0,2,2404.813333333333,7214.44,3,2,2,0.2222222222222222,0.6666664444445185,0.00027722179403013653,0.6666664444445185,1,0.199999960000008,0.22222219753086697,0.399999920000016,7
47,1.0,0,0,2,389.97,779.94,2,3,1,0.125,0.499999750000125,0.001282149907323448,0.0,0,0.0,0.24999996875000394,0.599999880000024,2
42,0.0,0,0,2,238.91,477.82,2,2,3,0.3,1.499999250000375,0.006278514908797214,0.499999750000125,0,0.0,0.19999998000000202,0.49999987500003124,1
28,0.0,0,0,5,1769.6000000000001,10617.6,6,5,2,0.25,0.33333327777778704,0.00018836648581709928,0.8333331944444675,1,0.09090908264462885,0.6249999218750099,0.4545454132231443,7
19,0.0,0,0,0,0.0,0.0,0,1,0,0.0,0.0,0.0,0.0,0,0.0,0.0,0.9999990000010001,2
43,0.0,0,0,3,260.84666666666664,782.54,3,3,0,0.0,0.0,0.0,0.6666664444445185,0,0.0,0.3749999531250059,0.49999991666668053,4
48,0.0,1,1,1,1200.2,2400.4,2,1,2,0.25,0.99999950000025,0.0008331944672416287,2.99999850000075,1,0.33333322222225925,0.12499998437500197,0.33333322222225925,7
39,0.0,1,0,5,357.62199999999996,1788.11,5,5,4,0.4444444444444444,0.799999840000032,0.0022369988411020583,0.399999920000016,0,0.0,0.5555554938271674,0.499999950000005,4
28,0.0,1,0,2,606.76,1213.52,2,3,1,0.125,0.499999750000125,0.0008240490467202443,0.499999750000125,0,0.0,0.24999996875000394,0.599999880000024,2
47,0.0,1,0,1,616.02,616.02,1,2,0,0.0,0.0,0.0,0.9999990000010001,0,0.0,0.12499998437500197,0.6666664444445185,2
19,0.0,0,0,1,191.33,191.33,1,0,1,0.1111111111111111,0.9999990000010001,0.005226571864179313,0.0,0,0.0,0.0,0.0,0
40,0.0,1,0,4,485.1525,1940.61,4,3,1,0.125,0.24999993750001562,0.0005153018893464932,0.24999993750001562,0,0.0,0.3749999531250059,0.4285713673469475,4
44,1.0,1,0,2,442.53,885.06,2,2,2,0.25,0.99999950000025,0.002259733800804766,0.0,0,0.0,0.24999996875000394,0.49999987500003124,1
61,1.0,1,0,1,363.17,363.17,1,1,2,0.2222222222222222,1.9999980000020001,0.005507062792887455,0.9999990000010001,0,0.0,0.11111109876543349,0.499999750000125,1
55,0.0,1,0,3,504.45,1513.35,3,3,1,0.125,0.33333322222225925,0.0006607856737299464,0.6666664444445185,0,0.0,0.3749999531250059,0.49999991666668053,4
51,1.0,1,0,1,617.12,617.12,1,1,0,0.0,0.0,0.0,0.9999990000010001,0,0.0,0.12499998437500197,0.499999750000125,2
38,0.0,0,1,1,313.91,313.91,1,1,0,0.0,0.0,0.0,0.0,0,0.0,0.12499998437500197,0.499999750000125,2
50,0.0,1,0,2,194.445,388.89,2,2,3,0.3333333333333333,1.499999250000375,0.007714263653695741,0.99999950000025,0,0.0,0.22222219753086697,0.49999987500003124,1
66,0.0,1,0,2,1561.665,3123.33,2,3,0,0.0,0.0,0.0,0.499999750000125,0,0.0,0.12499998437500197,0.599999880000024,2
41,0.0,0,0,4,470.2425,1880.97,4,4,0,0.0,0.0,0.0,0.24999993750001562,0,0.0,0.4999999375000079,0.4999999375000079,4
30,0.0,0,0,2,364.96000000000004,729.9200000000001,2,4,0,0.0,0.0,0.0,0.99999950000025,0,0.0,0.24999996875000394,0.6666665555555741,2
47,0.0,0,1,0,0.0,0.0,0,0,2,0.25,2000000.0,2000000.0,0.0,0,0.0,0.0,0.0,3
20,0.0,0,0,1,274.62,274.62,1,2,1,0.1111111111111111,0.9999990000010001,0.0036413953694508943,0.0,0,0.0,0.11111109876543349,0.6666664444445185,2
40,0.0,0,0,3,420.16333333333336,1260.49,3,3,4,0.4,1.333332888889037,0.0031733690841074746,0.6666664444445185,0,0.0,0.299999970000003,0.49999991666668053,1
55,0.0,0,0,3,464.525,1858.1,4,4,1,0.125,0.24999993750001562,0.0005381841663321758,0.24999993750001562,0,0.0,0.4999999375000079,0.4999999375000079,4
39,1.0,0,0,4,445.65,1782.6,4,3,0,0.0,0.0,0.0,0.7499998125000469,0,0.0,0.3749999531250059,0.4285713673469475,4
55,0.0,0,1,3,576.2199999999999,1728.6599999999999,3,5,3,0.42857142857142855,0.9999996666667778,0.0017354482652832551,0.6666664444445185,0,0.0,0.4285713673469475,0.6249999218750099,1
67,1.0,0,0,0,0.0,0.0,0,0,1,0.125,1000000.0,1000000.0,0.0,0,0.0,0.0,0.0,0
55,0.0,1,1,3,440.40200000000004,2202.01,5,2,1,0.125,0.199999960000008,0.00045413054416004896,0.99999980000004,0,0.0,0.24999996875000394,0.285714244897965,4
44,0.0,1,0,4,305.0525,1220.21,4,3,1,0.125,0.24999993750001562,0.000819531063653362,0.9999997500000625,0,0.0,0.3749999531250059,0.4285713673469475,4
44,0.0,0,0,2,1031.3066666666666,3093.92,3,3,2,0.25,0.6666664444445185,0.0006464291253017437,0.33333322222225925,1,0.16666663888889352,0.3749999531250059,0.49999991666668053,7
68,0.0,1,0,0,0.0,0.0,0,0,0,0.0,0.0,0.0,0.0,0,0.0,0.0,0.0,0
27,0.0,0,0,1,100.34,100.34,1,2,2,0.25,1.9999980000020001,0.019932230217936713,0.9999990000010001,0,0.0,0.0,0.6666664444445185,1
54,0.0,1,1,2,370.02500000000003,740.0500000000001,2,1,2,0.2222222222222222,0.99999950000025,0.002702520096341436,0.499999750000125,0,0.0,0.11111109876543349,0.33333322222225925,1
78,0.0,0,0,0,0.0,0.0,0,1,1,0.125,1000000.0,1000000.0,0.0,0,0.0,0.0,0.9999990000010001,6
48,0.0,1,0,3,442.21666666666664,1326.6499999999999,3,4,0,0.0,0.0,0.0,0.33333322222225925,0,0.0,0.3749999531250059,0.57142848979593,4
40,0.0,1,1,2,282.21500000000003,564.4300000000001,2,3,1,0.1,0.499999750000125,0.0017716988789190883,0.499999750000125,0,0.0,0.19999998000000202,0.599999880000024,2
40,0.0,0,1,2,294.24,588.48,2,2,2,0.25,0.99999950000025,0.0033985861823705374,0.499999750000125,0,0.0,0.24999996875000394,0.49999987500003124,1
23,0.0,0,0,0,0.0,0.0,0,1,1,0.125,1000000.0,1000000.0,0.0,0,0.0,0.0,0.9999990000010001,6
47,1.0,1,0,1,248.08,248.08,1,1,1,0.125,0.9999990000010001,0.004030957739314101,0.9999990000010001,0,0.0,0.12499998437500197,0.499999750000125,2
28,0.0,0,1,0,0.0,0.0,0,0,1,0.125,1000000.0,1000000.0,0.0,0,0.0,0.0,0.0,0
40,0.0,0,0,3,952.9200000000001,3811.6800000000003,4,4,2,0.25,0.49999987500003124,0.0005247030179541034,0.7499998125000469,0,0.0,0.4999999375000079,0.4999999375000079,4
43,0.0,1,0,1,818.81,818.81,1,1,3,0.375,2.9999970000030003,0.0036638536367852694,0.9999990000010001,0,0.0,0.12499998437500197,0.499999750000125,1
43,0.0,0,0,6,379.04857142857145,2653.34,7,6,2,0.25,0.285714244897965,0.0007537669500502133,0.7142856122449125,1,0.07692307100591762,0.7499999062500118,0.4615384260355057,7
30,0.0,0,0,3,543.22,1629.66,3,3,1,0.125,0.33333322222225925,0.0006136249275225353,0.33333322222225925,0,0.0,0.3749999531250059,0.49999991666668053,4
54,0.0,0,0,4,308.90999999999997,1235.6399999999999,4,5,0,0.0,0.0,0.0,0.7499998125000469,0,0.0,0.3749999531250059,0.5555554938271674,4
20,0.0,0,0,3,450.67,1352.01,3,2,1,0.125,0.33333322222225925,0.0007396394991607757,0.33333322222225925,0,0.0,0.24999996875000394,0.399999920000016,2
21,1.0,0,1,1,794.63,794.63,1,1,3,0.375,2.9999970000030003,0.00377534197831023,0.9999990000010001,0,0.0,0.12499998437500197,0.499999750000125,1
69,0.0,1,0,1,1091.79,1091.79,1,1,0,0.0,0.0,0.0,0.0,0,0.0,0.0,0.499999750000125,2
19,0.0,0,0,1,726.225,1452.45,2,0,0,0.0,0.0,0.0,0.0,0,0.0,0.0,0.0,0
31,0.0,1,1,1,104.12,104.12,1,1,2,0.25,1.9999980000020001,0.01920860527075869,0.9999990000010001,0,0.0,0.12499998437500197,0.499999750000125,1
38,0.0,0,1,4,392.02750000000003,1568.1100000000001,4,4,2,0.2222222222222222,0.49999987500003124,0.001275420728599766,0.0,0,0.0,0.44444439506173394,0.4999999375000079,4
27,1.0,0,1,0,0.0,0.0,0,0,1,0.125,1000000.0,1000000.0,0.0,0,0.0,0.0,0.0,0
44,0.0,1,1,2,409.025,818.05,2,2,1,0.125,0.499999750000125,0.0012224191660382383,0.99999950000025,0,0.0,0.24999996875000394,0.49999987500003124,2
23,0.0,0,0,0,0.0,0.0,0,3,4,0.5,4000000.0,4000000.0,0.0,0,0.0,0.0,0.9999996666667778,6
55,0.0,1,1,4,344.555,1378.22,4,6,1,0.1,0.24999993750001562,0.00072557356537739,0.9999997500000625,0,0.0,0.39999996000000404,0.599999940000006,4
19,0.0,0,1,2,359.91499999999996,719.8299999999999,2,3,4,0.4444444444444444,1.9999990000005,0.005556867586017716,0.0,0,0.0,0.22222219753086697,0.599999880000024,1
40,0.0,0,0,2,459.085,918.17,2,5,3,0.375,1.499999250000375,0.003267368784356526,0.0,0,0.0,0.24999996875000394,0.7142856122449125,1
49,0.0,0,0,4,361.2425,1444.97,4,3,2,0.2222222222222222,0.49999987500003124,0.00138411177990954,0.24999993750001562,0,0.0,0.33333329629630043,0.4285713673469475,4
47,0.0,0,1,3,242.88,728.64,3,4,2,0.25,0.6666664444445185,0.002744839697594368,0.6666664444445185,0,0.0,0.3749999531250059,0.57142848979593,4
69,0.0,1,0,1,3920.67,7841.34,2,4,1,0.125,0.499999750000125,0.0001275292233052604,0.99999950000025,1,0.16666663888889352,0.24999996875000394,0.6666665555555741,5
40,1.0,1,0,3,405.5,1216.5,3,1,1,0.125,0.33333322222225925,0.0008220304144496255,0.6666664444445185,0,0.0,0.12499998437500197,0.24999993750001562,2
27,0.0,0,0,0,0.0,0.0,0,2,0,0.0,0.0,0.0,0.0,0,0.0,0.0,0.99999950000025,2
39,1.0,0,0,5,442.7816666666667,2656.69,6,6,3,0.375,0.49999991666668053,0.0011292247115285469,0.16666663888889352,0,0.0,0.7499999062500118,0.4999999583333368,4
54,1.0,1,1,3,251.95000000000002,755.85,3,3,0,0.0,0.0,0.0,0.6666664444445185,0,0.0,0.3749999531250059,0.49999991666668053,2
50,0.0,0,0,2,317.265,634.53,2,2,2,0.25,0.99999950000025,0.0031519392256442735,0.499999750000125,0,0.0,0.24999996875000394,0.49999987500003124,1
55,0.0,1,1,5,213.53000000000003,1067.65,5,4,1,0.1111111111111111,0.199999960000008,0.0009366365373140666,0.199999960000008,0,0.0,0.44444439506173394,0.44444439506173394,4
24,0.0,0,0,0,0.0,0.0,0,0,2,0.25,2000000.0,2000000.0,0.0,0,0.0,0.0,0.0,3
49,0.0,1,0,1,411.88,411.88,1,2,5,0.625,4.999995000005001,0.012139458065117369,0.9999990000010001,0,0.0,0.12499998437500197,0.6666664444445185,1
46,0.0,1,1,4,1320.8400000000001,5283.360000000001,4,3,2,0.2222222222222222,0.49999987500003124,0.0003785469851801605,0.49999987500003124,0,0.0,0.22222219753086697,0.4285713673469475,4
70,0.0,1,0,1,472.44,472.44,1,0,2,0.25,1.9999980000020001,0.004233341791056342,0.9999990000010001,0,0.0,0.0,0.0,0
71,1.0,1,0,1,467.35,467.35,1,1,1,0.125,0.9999990000010001,0.002139723971028728,0.9999990000010001,0,0.0,0.12499998437500197,0.499999750000125,2
53,0.0,1,0,3,422.5775,1690.31,4,3,3,0.375,0.7499998125000469,0.0017748223688111514,0.49999987500003124,1,0.1428571224489825,0.3749999531250059,0.4285713673469475,7
42,0.0,1,0,2,402.865,805.73,2,3,0,0.0,0.0,0.0,1.499999250000375,0,0.0,0.24999996875000394,0.599999880000024,2
48,0.0,1,0,5,547.7816666666666,3286.69,6,5,2,0.2222222222222222,0.33333327777778704,0.0006085149495058814,0.49999991666668053,1,0.09090908264462885,0.5555554938271674,0.4545454132231443,7
38,0.0,0,0,1,333.55,333.55,1,1,0,0.0,0.0,0.0,0.0,0,0.0,0.12499998437500197,0.499999750000125,2
37,0.0,0,0,5,328.81399999999996,1644.07,5,5,0,0.0,0.0,0.0,0.399999920000016,0,0.0,0.6249999218750099,0.499999950000005,4
51,0.0,1,1,2,186.15,558.45,3,4,1,0.1111111111111111,0.33333322222225925,0.001790670602935499,0.9999996666667778,0,0.0,0.33333329629630043,0.57142848979593,4
37,1.0,0,1,1,509.54,509.54,1,1,2,0.25,1.9999980000020001,0.003925108914069339,0.0,0,0.0,0.12499998437500197,0.499999750000125,1
40,1.0,0,0,5,348.132,1740.66,5,5,1,0.1111111111111111,0.199999960000008,0.0005744947315532644,0.399999920000016,0,0.0,0.5555554938271674,0.499999950000005,4
42,0.0,1,0,1,271.98,271.98,1,3,1,0.1111111111111111,0.9999990000010001,0.0036767409233151665,0.9999990000010001,0,0.0,0.11111109876543349,0.7499998125000469,2
38,0.0,0,0,1,323.87,323.87,1,2,1,0.125,0.9999990000010001,0.0030876586189284017,1.9999980000020001,0,0.0,0.12499998437500197,0.6666664444445185,2
48,0.0,1,0,3,158.32000000000002,474.96000000000004,3,3,0,0.0,0.0,0.0,0.0,0,0.0,0.299999970000003,0.49999991666668053,2
57,0.0,0,0,4,328.9266666666667,1973.56,6,7,0,0.0,0.0,0.0,0.49999991666668053,0,0.0,0.6249999218750099,0.5384614970414233,4
46,0.0,1,0,0,0.0,0.0,0,0,3,0.3333333333333333,3000000.0,3000000.0,0.0,0,0.0,0.0,0.0,3
54,0.0,1,0,2,396.115,792.23,2,1,2,0.25,0.99999950000025,0.00252451939143365,0.0,0,0.0,0.12499998437500197,0.33333322222225925,1
54,0.0,1,0,3,310.2366666666666,930.7099999999999,3,2,0,0.0,0.0,0.0,0.6666664444445185,0,0.0,0.24999996875000394,0.399999920000016,2
52,0.0,0,0,5,513.435,3080.6099999999997,6,5,1,0.1111111111111111,0.16666663888889352,0.00032461103472214566,0.6666665555555741,0,0.0,0.5555554938271674,0.4545454132231443,4
46,1.0,0,0,1,504.02,504.02,1,1,2,0.25,1.9999980000020001,0.003968096496234085,0.9999990000010001,0,0.0,0.12499998437500197,0.499999750000125,1
21,0.0,0,0,1,1024.61,1024.61,1,1,2,0.25,1.9999980000020001,0.001951962208106536,0.0,0,0.0,0.12499998437500197,0.499999750000125,1
37,0.0,0,0,3,551.4366666666666,1654.31,3,3,1,0.125,0.33333322222225925,0.000604481626415556,0.6666664444445185,0,0.0,0.3749999531250059,0.49999991666668053,4
55,0.0,1,1,2,239.82666666666668,719.48,3,3,0,0.0,0.0,0.0,0.33333322222225925,0,0.0,0.33333329629630043,0.49999991666668053,2
19,0.0,0,1,0,0.0,0.0,0,0,1,0.125,1000000.0,1000000.0,0.0,0,0.0,0.0,0.0,0
39,0.0,1,0,3,303.86999999999995,911.6099999999999,3,4,0,0.0,0.0,0.0,0.6666664444445185,0,0.0,0.3749999531250059,0.57142848979593,4
55,0.0,1,1,2,289.8,579.6,2,2,1,0.125,0.499999750000125,0.001725327809307578,0.99999950000025,0,0.0,0.24999996875000394,0.49999987500003124,2
32,0.0,0,0,2,890.215,1780.43,2,1,1,0.125,0.499999750000125,0.0005616620700832596,1.9999990000005,0,0.0,0.12499998437500197,0.33333322222225925,2
31,0.0,1,0,2,275.7775,1103.11,4,4,3,0.375,0.7499998125000469,0.002719583719919515,0.9999997500000625,0,0.0,0.4999999375000079,0.4999999375000079,1
44,0.0,1,0,4,725.5450000000001,2902.1800000000003,4,2,1,0.125,0.24999993750001562,0.0003445685655801609,0.24999993750001562,0,0.0,0.24999996875000394,0.33333327777778704,4
48,0.0,0,0,4,341.08,1364.32,4,4,3,0.375,0.7499998125000469,0.0021988976177151273,0.7499998125000469,0,0.0,0.4999999375000079,0.4999999375000079,4
83,1.0,1,0,2,225.18,450.36,2,2,0,0.0,0.0,0.0,0.99999950000025,0,0.0,0.24999996875000394,0.49999987500003124,2
45,0.0,0,0,1,271.28,271.28,1,1,2,0.2857142857142857,1.9999980000020001,0.007372456475330079,0.0,0,0.0,0.1428571224489825,0.499999750000125,1
50,0.0,1,1,2,405.39,810.78,2,1,2,0.25,0.99999950000025,0.0024667604005195486,0.499999750000125,0,0.0,0.12499998437500197,0.33333322222225925,1
27,0.0,1,1,1,114.12,114.12,1,1,3,0.375,2.9999970000030003,0.02628811754041257,0.9999990000010001,0,0.0,0.12499998437500197,0.499999750000125,1
37,0.0,0,0,4,413.21,1652.84,4,4,2,0.25,0.49999987500003124,0.0012100384784915427,0.49999987500003124,0,0.0,0.4999999375000079,0.4999999375000079,4
40,0.0,0,1,5,781.3866666666667,4688.32,6,6,2,0.25,0.33333327777778704,0.0004265920414078834,0.33333327777778704,1,0.08333332638888948,0.7499999062500118,0.4999999583333368,7
61,0.0,1,1,3,1314.6966666666667,3944.09,3,3,0,0.0,0.0,0.0,0.9999996666667778,0,0.0,0.3749999531250059,0.49999991666668053,4
34,0.0,0,0,1,851.82,851.82,1,1,1,0.125,0.9999990000010001,0.001173956937881293,1.9999980000020001,0,0.0,0.12499998437500197,0.499999750000125,2
49,1.0,1,0,3,550.1966666666666,1650.59,3,4,2,0.2857142857142857,0.6666664444445185,0.0012116879411533524,0.0,0,0.0,0.4285713673469475,0.57142848979593,4
35,0.0,0,0,1,336.32,336.32,1,1,0,0.0,0.0,0.0,1.9999980000020001,0,0.0,0.12499998437500197,0.499999750000125,2
56,0.0,1,0,2,157.6375,630.55,4,4,0,0.0,0.0,0.0,0.7499998125000469,0,0.0,0.4999999375000079,0.4999999375000079,4
48,0.0,1,0,3,338.22666666666663,1014.68,3,2,1,0.125,0.33333322222225925,0.0009855323836228838,0.33333322222225925,0,0.0,0.24999996875000394,0.399999920000016,2
50,0.0,1,0,3,256.42333333333335,769.27,3,4,2,0.2222222222222222,0.6666664444445185,0.0025998674033826,0.6666664444445185,0,0.0,0.33333329629630043,0.57142848979593,4
28,0.0,0,1,1,234.08,234.08,1,1,2,0.2222222222222222,1.9999980000020001,0.008544087454955197,0.0,0,0.0,0.11111109876543349,0.499999750000125,1
49,0.0,1,0,2,634.8,1269.6,2,3,0,0.0,0.0,0.0,0.0,0,0.0,0.24999996875000394,0.599999880000024,2
21,0.0,0,1,2,189.93666666666664,569.81,3,2,2,0.25,0.6666664444445185,0.003509941904301536,0.6666664444445185,1,0.199999960000008,0.24999996875000394,0.399999920000016,7
29,0.0,1,0,1,509.26,509.26,1,1,3,0.3333333333333333,2.9999970000030003,0.005890900510758943,0.0,0,0.0,0.11111109876543349,0.499999750000125,1
38,0.0,0,0,3,364.0833333333333,1092.25,3,5,1,0.1111111111111111,0.33333322222225925,0.0009155413129635693,0.6666664444445185,0,0.0,0.33333329629630043,0.6249999218750099,4
63,0.0,1,1,2,3643.5975,14574.39,4,4,2,0.25,0.49999987500003124,0.00013722701257910436,1.4999996250000938,1,0.12499998437500197,0.4999999375000079,0.4999999375000079,5
48,0.0,0,1,1,389.94,389.94,1,2,0,0.0,0.0,0.0,0.0,0,0.0,0.12499998437500197,0.6666664444445185,2
45,0.0,1,0,2,269.81,539.62,2,4,0,0.0,0.0,0.0,0.0,0,0.0,0.24999996875000394,0.6666665555555741,2
36,1.0,0,0,2,286.625,573.25,2,2,0,0.0,0.0,0.0,0.0,0,0.0,0.24999996875000394,0.49999987500003124,2
42,0.0,0,1,4,332.3625,1329.45,4,4,2,0.25,0.49999987500003124,0.0015043815100196458,0.24999993750001562,0,0.0,0.4999999375000079,0.4999999375000079,4
21,0.0,0,0,0,0.0,0.0,0,1,0,0.0,0.0,0.0,0.0,0,0.0,0.0,0.9999990000010001,2
55,0.0,1,1,2,377.70500000000004,755.4100000000001,2,3,0,0.0,0.0,0.0,0.99999950000025,0,0.0,0.11111109876543349,0.599999880000024,2
31,0.0,0,0,2,534.43,1068.86,2,1,1,0.1111111111111111,0.499999750000125,0.0009355762205194542,0.499999750000125,0,0.0,0.11111109876543349,0.33333322222225925,2
26,0.0,0,0,1,1030.89,1030.89,1,1,1,0.125,0.9999990000010001,0.000970035599365562,0.9999990000010001,0,0.0,0.12499998437500197,0.499999750000125,2
46,0.0,0,0,4,356.34000000000003,1781.7,5,3,2,0.25,0.399999920000016,0.0011225234320466277,0.399999920000016,0,0.0,0.3749999531250059,0.3749999531250059,4
33,0.0,0,0,3,656.87,1970.6100000000001,3,3,2,0.2222222222222222,0.6666664444445185,0.0010149141631195851,0.6666664444445185,0,0.0,0.33333329629630043,0.49999991666668053,1
37,0.0,0,0,4,241.9425,967.77,4,4,1,0.125,0.24999993750001562,0.001033303366467959,0.24999993750001562,0,0.0,0.4999999375000079,0.4999999375000079,4
37,0.0,0,0,2,557.2733333333333,1671.82,3,4,2,0.25,0.6666664444445185,0.0011963010364774312,0.0,1,0.1428571224489825,0.3749999531250059,0.57142848979593,7
47,0.0,1,0,3,130.3425,521.37,4,3,2,0.2222222222222222,0.49999987500003124,0.003836047329466507,0.7499998125000469,1,0.1428571224489825,0.33333329629630043,0.4285713673469475,7
57,0.0,1,1,2,645.9200000000001,1291.8400000000001,2,2,1,0.125,0.499999750000125,0.0007740896699482213,0.99999950000025,0,0.0,0.12499998437500197,0.49999987500003124,2
40,0.0,0,1,2,427.295,1709.18,4,4,1,0.1111111111111111,0.24999993750001562,0.0005850758839998853,0.7499998125000469,0,0.0,0.44444439506173394,0.4999999375000079,4
27,0.0,0,0,3,358.04333333333335,1074.13,3,2,1,0.125,0.33333322222225925,0.0009309860064135755,0.33333322222225925,0,0.0,0.24999996875000394,0.399999920000016,2
55,0.0,1,1,4,471.7775,1887.11,4,3,3,0.375,0.7499998125000469,0.0015897324471865803,0.49999987500003124,0,0.0,0.3749999531250059,0.4285713673469475,1
41,0.0,0,0,3,152.6125,610.45,4,4,2,0.2857142857142857,0.49999987500003124,0.003276271597548904,0.49999987500003124,0,0.0,0.57142848979593,0.4999999375000079,4
34,0.0,1,1,1,312.88,312.88,1,2,2,0.25,1.9999980000020001,0.0063922270314746,0.9999990000010001,0,0.0,0.12499998437500197,0.6666664444445185,1
37,0.0,0,1,3,223.70666666666668,671.12,3,4,1,0.125,0.33333322222225925,0.0014900464872302324,0.0,0,0.0,0.3749999531250059,0.57142848979593,4
56,0.0,1,1,4,275.43,1101.72,4,3,1,0.125,0.24999993750001562,0.0009076716398833898,0.24999993750001562,0,0.0,0.3749999531250059,0.4285713673469475,4
36,0.0,1,1,1,593.66,593.66,1,2,3,0.375,2.9999970000030003,0.005053397559119029,0.9999990000010001,0,0.0,0.12499998437500197,0.6666664444445185,1
23,1.0,0,0,0,0.0,0.0,0,0,1,0.125,1000000.0,1000000.0,0.0,0,0.0,0.0,0.0,0
32,0.0,0,0,2,294.72,589.44,2,2,2,0.25,0.99999950000025,0.003393051025731116,0.499999750000125,0,0.0,0.24999996875000394,0.49999987500003124,1
42,0.0,0,0,2,508.61,1017.22,2,2,1,0.125,0.499999750000125,0.0009830715076551075,0.0,0,0.0,0.24999996875000394,0.49999987500003124,2
53,0.0,1,0,3,89.33666666666666,268.01,3,3,0,0.0,0.0,0.0,0.33333322222225925,0,0.0,0.3749999531250059,0.49999991666668053,4
47,0.0,0,0,3,325.99,977.97,3,3,2,0.25,0.6666664444445185,0.00204505250463199,0.6666664444445185,0,0.0,0.3749999531250059,0.49999991666668053,1
61,0.0,1,0,0,0.0,0.0,0,1,1,0.125,1000000.0,1000000.0,0.0,0,0.0,0.0,0.9999990000010001,6
79,0.0,1,0,1,550.93,550.93,1,2,0,0.0,0.0,0.0,0.9999990000010001,0,0.0,0.12499998437500197,0.6666664444445185,2
64,0.0,1,1,1,504.17,504.17,1,1,0,0.0,0.0,0.0,0.0,0,0.0,0.0,0.499999750000125,2
46,0.0,1,1,3,616.8566666666667,1850.57,3,4,2,0.25,0.6666664444445185,0.0010807480932465412,1.333332888889037,0,0.0,0.3749999531250059,0.57142848979593,4
25,0.0,0,0,2,197.6,395.2,2,2,3,0.375,1.499999250000375,0.007591093098200676,0.99999950000025,0,0.0,0.24999996875000394,0.49999987500003124,1
58,0.0,1,1,3,290.4766666666667,871.4300000000001,3,3,1,0.09090909090909091,0.33333322222225925,0.001147539101078068,0.6666664444445185,0,0.0,0.2727272479338866,0.49999991666668053,2
55,1.0,0,0,5,374.696,1873.48,5,5,1,0.125,0.199999960000008,0.0005337660393845858,0.199999960000008,0,0.0,0.6249999218750099,0.499999950000005,4
46,0.0,1,0,4,393.995,1575.98,4,4,2,0.2857142857142857,0.49999987500003124,0.0012690516369058924,0.24999993750001562,0,0.0,0.57142848979593,0.4999999375000079,4
38,0.0,0,1,3,464.22333333333336,1392.67,3,1,2,0.25,0.6666664444445185,0.001436090386497813,0.6666664444445185,0,0.0,0.12499998437500197,0.24999993750001562,1
47,1.0,1,0,2,386.8,773.6,2,2,1,0.1111111111111111,0.499999750000125,0.0012926577025689533,0.499999750000125,0,0.0,0.11111109876543349,0.49999987500003124,2
48,0.0,0,0,2,700.1733333333333,2100.52,3,2,2,0.25,0.6666664444445185,0.0009521451826442286,0.6666664444445185,0,0.0,0.12499998437500197,0.399999920000016,1
19,0.0,0,0,1,222.33,222.33,1,1,1,0.1111111111111111,0.9999990000010001,0.004497818537768998,0.9999990000010001,0,0.0,0.11111109876543349,0.499999750000125,2
43,1.0,0,0,2,508.66999999999996,1017.3399999999999,2,3,0,0.0,0.0,0.0,0.499999750000125,0,0.0,0.24999996875000394,0.599999880000024,2
51,0.0,1,1,3,1696.7333333333333,5090.2,3,3,0,0.0,0.0,0.0,0.33333322222225925,0,0.0,0.24999996875000394,0.49999991666668053,4
45,0.0,1,1,2,414.0133333333333,1242.04,3,3,3,0.375,0.9999996666667778,0.002415381145200331,0.6666664444445185,0,0.0,0.3749999531250059,0.49999991666668053,1
45,0.0,0,0,5,220.92600000000002,1104.63,5,6,0,0.0,0.0,0.0,0.599999880000024,0,0.0,0.6249999218750099,0.5454544958677732,4
50,0.0,1,1,0,0.0,0.0,0,0,1,0.125,1000000.0,1000000.0,0.0,0,0.0,0.0,0.0,0
49,0.0,0,0,5,291.1466666666667,1746.88,6,6,2,0.25,0.33333327777778704,0.0011448983323726308,0.6666665555555741,1,0.08333332638888948,0.7499999062500118,0.4999999583333368,7
35,0.0,0,0,1,233.1,233.1,1,1,1,0.125,0.9999990000010001,0.004290004271600153,0.9999990000010001,0,0.0,0.12499998437500197,0.499999750000125,2
72,0.0,1,0,0,0.0,0.0,0,1,1,0.1111111111111111,1000000.0,1000000.0,0.0,0,0.0,0.0,0.9999990000010001,6
24,0.0,1,0,0,0.0,0.0,0,0,1,0.125,1000000.0,1000000.0,0.0,0,0.0,0.0,0.0,0
42,0.0,0,0,1,674.92,674.92,1,2,2,0.25,1.9999980000020001,0.0029633141661777485,0.0,0,0.0,0.12499998437500197,0.6666664444445185,1
39,0.0,0,1,0,0.0,0.0,0,1,3,0.375,3000000.0,3000000.0,0.0,0,0.0,0.0,0.9999990000010001,6
46,0.0,1,0,1,429.92,429.92,1,2,1,0.1111111111111111,0.9999990000010001,0.0023260141367556423,0.9999990000010001,0,0.0,0.11111109876543349,0.6666664444445185,2
41,0.0,1,1,1,628.5,628.5,1,2,1,0.125,0.9999990000010001,0.0015910898940475896,0.9999990000010001,0,0.0,0.12499998437500197,0.6666664444445185,2
54,0.0,1,0,4,332.935,1331.74,4,3,1,0.125,0.24999993750001562,0.0007508973217363018,0.9999997500000625,0,0.0,0.3749999531250059,0.4285713673469475,4
19,0.0,0,1,1,638.91,638.91,1,0,1,0.125,0.9999990000010001,0.001565165670336721,0.0,0,0.0,0.0,0.0,0
30,0.0,0,1,0,0.0,0.0,0,1,1,0.125,1000000.0,1000000.0,0.0,0,0.0,0.0,0.9999990000010001,6
36,0.0,0,0,3,597.25,1791.75,3,3,1,0.125,0.33333322222225925,0.0005581135758012481,0.0,0,0.0,0.3749999531250059,0.49999991666668053,4
51,0.0,1,1,2,664.8,1329.6,2,2,3,0.375,1.499999250000375,0.002256317687833696,0.499999750000125,0,0.0,0.24999996875000394,0.49999987500003124,1
34,0.0,0,0,4,368.39,1841.95,5,3,1,0.125,0.199999960000008,0.0005429029015212665,0.199999960000008,0,0.0,0.3749999531250059,0.3749999531250059,4
53,0.0,0,0,3,485.4775,1941.91,4,4,1,0.125,0.24999993750001562,0.000514956923588139,0.24999993750001562,1,0.12499998437500197,0.4999999375000079,0.4999999375000079,7
40,0.0,0,1,1,222.37,222.37,1,1,1,0.125,0.9999990000010001,0.0044970094684669264,0.0,0,0.0,0.12499998437500197,0.499999750000125,2
51,1.0,1,1,2,463.605,927.21,2,4,3,0.375,1.499999250000375,0.0032355129870951425,0.499999750000125,0,0.0,0.24999996875000394,0.6666665555555741,1
29,0.0,0,1,2,380.99,1142.97,3,3,0,0.0,0.0,0.0,0.6666664444445185,0,0.0,0.3749999531250059,0.49999991666668053,2
56,0.0,1,0,3,624.96,1874.88,3,3,2,0.25,0.6666664444445185,0.0010667349371337178,0.0,0,0.0,0.3749999531250059,0.49999991666668053,1
36,0.0,1,0,2,923.47,1846.94,2,2,1,0.125,0.499999750000125,0.000541436104832081,0.499999750000125,0,0.0,0.24999996875000394,0.49999987500003124,2
39,0.0,0,0,2,464.66999999999996,929.3399999999999,2,3,1,0.125,0.499999750000125,0.001076032451980941,0.0,0,0.0,0.24999996875000394,0.599999880000024,2
51,0.0,0,0,3,357.6066666666666,1072.82,3,1,2,0.25,0.6666664444445185,0.0018642456312668986,0.6666664444445185,0,0.0,0.12499998437500197,0.24999993750001562,1
58,0.0,1,0,3,1377.4924999999998,5509.969999999999,4,5,1,0.125,0.24999993750001562,0.0001814891913782672,0.7499998125000469,1,0.11111109876543349,0.4999999375000079,0.5555554938271674,7
44,1.0,0,0,3,361.45,1084.35,3,5,1,0.125,0.33333322222225925,0.0009222114622380122,0.6666664444445185,0,0.0,0.3749999531250059,0.6249999218750099,4
85,0.0,1,0,0,0.0,0.0,0,1,2,0.25,2000000.0,2000000.0,0.0,0,0.0,0.0,0.9999990000010001,6
32,0.0,0,1,0,0.0,0.0,0,1,2,0.25,2000000.0,2000000.0,0.0,0,0.0,0.0,0.9999990000010001,6
19,0.0,0,1,0,0.0,0.0,0,0,1,0.125,1000000.0,1000000.0,0.0,0,0.0,0.0,0.0,0
38,0.0,1,1,3,383.89000000000004,1151.67,3,3,1,0.125,0.33333322222225925,0.0008683042878009287,0.33333322222225925,0,0.0,0.3749999531250059,0.49999991666668053,4
49,0.0,1,0,1,420.84,420.84,1,2,1,0.1111111111111111,0.9999990000010001,0.002376199975344074,0.0,0,0.0,0.11111109876543349,0.6666664444445185,2
32,0.0,0,1,2,164.18,328.36,2,2,3,0.375,1.499999250000375,0.00913631377410064,0.0,0,0.0,0.24999996875000394,0.49999987500003124,1
41,0.0,0,0,2,326.15,652.3,2,2,4,0.4444444444444444,1.9999990000005,0.006132147775360804,0.499999750000125,0,0.0,0.22222219753086697,0.49999987500003124,1
48,0.0,1,1,2,361.25,722.5,2,2,1,0.14285714285714285,0.499999750000125,0.001384083043067013,0.99999950000025,0,0.0,0.285714244897965,0.49999987500003124,2
40,0.0,0,0,2,253.845,507.69,2,3,1,0.125,0.499999750000125,0.0019697059190259686,0.499999750000125,0,0.0,0.12499998437500197,0.599999880000024,2
28,0.0,0,1,2,668.15,1336.3,2,2,1,0.125,0.499999750000125,0.00074833495416573,0.499999750000125,0,0.0,0.24999996875000394,0.49999987500003124,2
51,0.0,0,0,3,476.195,1904.78,4,4,2,0.25,0.49999987500003124,0.001049990024543522,0.49999987500003124,0,0.0,0.3749999531250059,0.4999999375000079,4
35,0.0,0,1,3,966.9166666666666,2900.75,3,2,1,0.125,0.33333322222225925,0.00034473842959760806,0.9999996666667778,0,0.0,0.24999996875000394,0.399999920000016,2
55,0.0,1,0,1,1587.2,1587.2,1,2,4,0.5,3.9999960000040002,0.0025201612887347773,0.9999990000010001,0,0.0,0.12499998437500197,0.6666664444445185,1
34,0.0,0,1,2,237.79000000000002,475.58000000000004,2,2,2,0.25,0.99999950000025,0.004205391302818892,0.0,0,0.0,0.24999996875000394,0.49999987500003124,1
40,0.0,0,1,3,427.95,1283.85,3,3,1,0.125,0.33333322222225925,0.0007789071926012328,0.33333322222225925,0,0.0,0.3749999531250059,0.49999991666668053,4
47,0.0,1,1,4,272.39,1089.56,4,4,3,0.375,0.7499998125000469,0.002753405041710961,0.49999987500003124,0,0.0,0.4999999375000079,0.4999999375000079,1
52,0.0,0,0,3,502.41,1507.23,3,3,0,0.0,0.0,0.0,0.33333322222225925,0,0.0,0.33333329629630043,0.49999991666668053,4
57,0.0,1,0,4,158.9275,635.71,4,5,1,0.125,0.24999993750001562,0.0015730443101838192,0.9999997500000625,0,0.0,0.4999999375000079,0.5555554938271674,4
49,0.0,0,1,2,587.89,1175.78,2,1,2,0.2222222222222222,0.99999950000025,0.0017009984846646493,0.499999750000125,0,0.0,0.11111109876543349,0.33333322222225925,1
21,1.0,0,0,0,0.0,0.0,0,1,0,0.0,0.0,0.0,0.0,0,0.0,0.0,0.9999990000010001,2
46,0.0,1,0,2,495.75,991.5,2,2,0,0.0,0.0,0.0,0.499999750000125,0,0.0,0.24999996875000394,0.49999987500003124,2
46,1.0,1,0,2,386.305,772.61,2,3,1,0.1111111111111111,0.499999750000125,0.0012943140765789803,0.499999750000125,0,0.0,0.11111109876543349,0.599999880000024,2
38,0.0,1,0,4,396.0575,1584.23,4,5,2,0.25,0.49999987500003124,0.0012624429525621638,0.7499998125000469,0,0.0,0.4999999375000079,0.5555554938271674,4
28,0.0,1,1,1,340.75,340.75,1,1,1,0.125,0.9999990000010001,0.002934702852722809,1.9999980000020001,0,0.0,0.12499998437500197,0.499999750000125,2
32,0.0,0,0,4,561.3616666666667,3368.17,6,7,0,0.0,0.0,0.0,0.33333327777778704,0,0.0,0.7499999062500118,0.5384614970414233,4
28,0.0,0,1,2,544.345,1088.69,2,3,1,0.125,0.499999750000125,0.0009185351193466136,0.99999950000025,0,0.0,0.24999996875000394,0.599999880000024,2
48,0.0,0,0,1,361.38,361.38,1,1,1,0.1111111111111111,0.9999990000010001,0.0027671702840025175,0.9999990000010001,0,0.0,0.11111109876543349,0.499999750000125,2
32,0.0,0,0,3,540.0566666666667,1620.17,3,4,1,0.125,0.33333322222225925,0.0006172191803223,0.33333322222225925,0,0.0,0.3749999531250059,0.57142848979593,4
60,0.0,1,1,0,0.0,0.0,0,0,0,0.0,0.0,0.0,0.0,0,0.0,0.0,0.0,0
25,1.0,0,1,1,482.88,482.88,1,1,0,0.0,0.0,0.0,0.0,0,0.0,0.12499998437500197,0.499999750000125,2
65,0.0,1,1,0,0.0,0.0,0,2,1,0.1,1000000.0,1000000.0,0.0,0,0.0,0.0,0.99999950000025,6
47,1.0,0,0,3,223.82666666666668,671.48,3,3,0,0.0,0.0,0.0,0.6666664444445185,0,0.0,0.3749999531250059,0.49999991666668053,4
70,0.0,0,0,0,0.0,0.0,0,1,0,0.0,0.0,0.0,0.0,0,0.0,0.0,0.9999990000010001,2
46,0.0,0,1,4,137.942,689.71,5,4,4,0.4444444444444444,0.799999840000032,0.0057995389282458724,0.599999880000024,0,0.0,0.44444439506173394,0.44444439506173394,1
21,0.0,0,1,1,207.24,207.24,1,1,1,0.1111111111111111,0.9999990000010001,0.004825323273377131,0.0,0,0.0,0.11111109876543349,0.499999750000125,2
34,0.0,0,0,1,2554.9,5109.8,2,3,1,0.1111111111111111,0.499999750000125,0.0001957023757885431,0.99999950000025,1,0.199999960000008,0.22222219753086697,0.599999880000024,7
59,0.0,1,0,2,415.625,831.25,2,1,2,0.25,0.99999950000025,0.0024060150346995306,0.99999950000025,0,0.0,0.12499998437500197,0.33333322222225925,1
51,0.0,0,1,2,451.645,903.29,2,2,0,0.0,0.0,0.0,0.499999750000125,0,0.0,0.12499998437500197,0.49999987500003124,2
25,0.0,0,0,0,0.0,0.0,0,0,1,0.125,1000000.0,1000000.0,0.0,0,0.0,0.0,0.0,0
52,0.0,1,0,1,67.83,67.83,1,2,3,0.375,2.9999970000030003,0.04422821695078554,0.0,0,0.0,0.12499998437500197,0.6666664444445185,1
34,0.0,0,1,1,295.76,295.76,1,1,2,0.2222222222222222,1.9999980000020001,0.006762239630909388,0.0,0,0.0,0.11111109876543349,0.499999750000125,1
36,0.0,0,0,2,396.355,792.71,2,2,2,0.25,0.99999950000025,0.002522990750056148,0.499999750000125,0,0.0,0.24999996875000394,0.49999987500003124,1
49,0.0,1,0,4,427.745,1710.98,4,3,0,0.0,0.0,0.0,1.249999687500078,0,0.0,0.3749999531250059,0.4285713673469475,4
36,1.0,0,0,2,608.9266666666667,1826.7800000000002,3,4,1,0.125,0.33333322222225925,0.0005474112917004722,0.33333322222225925,1,0.1428571224489825,0.3749999531250059,0.57142848979593,7
53,1.0,1,1,3,350.93666666666667,1052.81,3,3,1,0.125,0.33333322222225925,0.0009498390013869178,1.333332888889037,0,0.0,0.24999996875000394,0.49999991666668053,2
26,1.0,1,1,1,173.81,173.81,1,1,1,0.125,0.9999990000010001,0.005753408861668438,0.9999990000010001,0,0.0,0.12499998437500197,0.499999750000125,2
45,0.0,0,0,3,451.13000000000005,1353.39,3,3,3,0.3333333333333333,0.9999996666667778,0.0022166559511917062,1.333332888889037,0,0.0,0.33333329629630043,0.49999991666668053,1
49,1.0,1,0,2,489.32,978.64,2,2,0,0.0,0.0,0.0,0.499999750000125,0,0.0,0.24999996875000394,0.49999987500003124,2
27,1.0,1,1,0,0.0,0.0,0,0,0,0.0,0.0,0.0,0.0,0,0.0,0.0,0.0,0
34,0.0,0,1,3,510.0033333333334,1530.0100000000002,3,3,2,0.2222222222222222,0.6666664444445185,0.0013071809979626398,0.6666664444445185,0,0.0,0.33333329629630043,0.49999991666668053,1
73,0.0,1,0,0,0.0,0.0,0,0,0,0.0,0.0,0.0,0.0,0,0.0,0.0,0.0,0
43,1.0,0,0,2,531.4275,2125.71,4,3,2,0.25,0.49999987500003124,0.0009408621115105719,0.24999993750001562,0,0.0,0.3749999531250059,0.4285713673469475,1
42,0.0,1,1,2,386.96500000000003,773.9300000000001,2,2,2,0.25,0.99999950000025,0.002584213039184147,0.0,0,0.0,0.24999996875000394,0.49999987500003124,1
56,0.0,0,0,3,124.83666666666666,374.51,3,3,1,0.125,0.33333322222225925,0.002670155662945834,0.33333322222225925,0,0.0,0.3749999531250059,0.49999991666668053,4
48,1.0,0,1,3,218.82666666666668,656.48,3,3,2,0.25,0.6666664444445185,0.0030465512992832204,0.33333322222225925,0,0.0,0.3749999531250059,0.49999991666668053,1
52,0.0,0,0,5,230.34500000000003,1382.0700000000002,6,6,1,0.125,0.16666663888889352,0.0007235523521069464,0.49999991666668053,0,0.0,0.7499999062500118,0.4999999583333368,4
54,0.0,1,1,2,207.995,415.99,2,2,1,0.125,0.499999750000125,0.0024039039342198033,0.99999950000025,0,0.0,0.24999996875000394,0.49999987500003124,2
26,0.0,1,1,0,0.0,0.0,0,0,2,0.2222222222222222,2000000.0,2000000.0,0.0,0,0.0,0.0,0.0,3
34,0.0,0,0,4,378.2875,1513.15,4,4,1,0.125,0.24999993750001562,0.0006608730128137507,0.49999987500003124,0,0.0,0.4999999375000079,0.4999999375000079,4
40,0.0,0,0,2,386.54499999999996,773.0899999999999,2,3,2,0.25,0.99999950000025,0.002587020912717768,0.0,0,0.0,0.24999996875000394,0.599999880000024,1
64,0.0,0,1,0,0.0,0.0,0,1,1,0.125,1000000.0,1000000.0,0.0,0,0.0,0.0,0.9999990000010001,6
33,0.0,1,0,5,266.43666666666667,1598.62,6,3,2,0.2222222222222222,0.33333327777778704,0.0012510790549029294,0.8333331944444675,1,0.11111109876543349,0.33333329629630043,0.33333329629630043,7
53,0.0,1,1,3,150.93,603.72,4,5,4,0.5,0.9999997500000625,0.006625588009962254,0.24999993750001562,1,0.11111109876543349,0.4999999375000079,0.5555554938271674,7
30,0.0,1,1,1,1171.92,1171.92,1,2,0,0.0,0.0,0.0,0.0,0,0.0,0.0,0.6666664444445185,2
42,0.0,1,1,1,232.88,232.88,1,2,0,0.0,0.0,0.0,0.9999990000010001,0,0.0,0.12499998437500197,0.6666664444445185,2
45,0.0,1,0,2,219.20499999999998,438.40999999999997,2,2,1,0.125,0.499999750000125,0.0022809698631852155,0.0,0,0.0,0.24999996875000394,0.49999987500003124,2
46,1.0,1,0,3,383.0357142857143,2681.25,7,7,2,0.25,0.285714244897965,0.0007459207456425471,0.4285713673469475,1,0.07142856632653098,0.8749998906250137,0.49999996428571686,7
42,0.0,1,1,3,312.78,938.3399999999999,3,3,1,0.125,0.33333322222225925,0.0010657117877680674,0.33333322222225925,0,0.0,0.3749999531250059,0.49999991666668053,4
56,0.0,0,1,2,330.89000000000004,661.7800000000001,2,3,2,0.25,0.99999950000025,0.0030221523723561418,0.99999950000025,0,0.0,0.24999996875000394,0.599999880000024,1
19,0.0,0,1,1,3317.47,6634.94,2,2,2,0.2222222222222222,0.99999950000025,0.00030143452686815035,0.99999950000025,1,0.24999993750001562,0.11111109876543349,0.49999987500003124,7
39,0.0,0,1,5,450.184,2250.92,5,3,3,0.375,0.599999880000024,0.0013327883703850923,0.399999920000016,0,0.0,0.3749999531250059,0.3749999531250059,4
58,0.0,0,1,3,524.1266666666667,1572.3799999999999,3,4,1,0.1111111111111111,0.33333322222225925,0.0006359785798369487,0.0,0,0.0,0.33333329629630043,0.57142848979593,4
44,0.0,0,0,3,429.6275,1718.51,4,4,2,0.2222222222222222,0.49999987500003124,0.0011637988716016788,0.0,0,0.0,0.44444439506173394,0.4999999375000079,4
43,0.0,0,1,2,252.8,505.6,2,1,2,0.25,0.99999950000025,0.003955696194707879,0.0,0,0.0,0.12499998437500197,0.33333322222225925,1
43,0.0,0,0,4,668.948,3344.74,5,4,3,0.375,0.599999880000024,0.0008969307028657144,0.0,0,0.0,0.4999999375000079,0.44444439506173394,4
29,0.0,0,0,2,501.16,1002.32,2,3,1,0.125,0.499999750000125,0.000997685368946359,0.499999750000125,0,0.0,0.24999996875000394,0.599999880000024,2
40,0.0,0,0,3,357.26666666666665,1071.8,3,4,0,0.0,0.0,0.0,0.9999996666667778,0,0.0,0.3749999531250059,0.57142848979593,4
44,0.0,1,0,2,924.2400000000001,2772.7200000000003,3,4,1,0.1111111111111111,0.33333322222225925,0.00036065668355958887,0.6666664444445185,0,0.0,0.33333329629630043,0.57142848979593,4
48,0.0,1,0,3,2044.5933333333332,6133.78,3,3,1,0.1111111111111111,0.33333322222225925,0.0001630316052804255,0.6666664444445185,0,0.0,0.33333329629630043,0.49999991666668053,4
19,0.0,0,0,0,0.0,0.0,0,0,2,0.25,2000000.0,2000000.0,0.0,0,0.0,0.0,0.0,3
43,0.0,1,0,2,356.105,712.21,2,2,0,0.0,0.0,0.0,0.99999950000025,0,0.0,0.24999996875000394,0.49999987500003124,2
41,0.0,0,0,6,313.2566666666667,1879.5400000000002,6,6,2,0.2222222222222222,0.33333327777778704,0.0010640901491513399,0.16666663888889352,0,0.0,0.6666665925926009,0.4999999583333368,4
46,1.0,0,0,4,219.095,876.38,4,4,1,0.125,0.24999993750001562,0.0011410575308187572,0.49999987500003124,0,0.0,0.4999999375000079,0.4999999375000079,4
60,0.0,1,1,0,0.0,0.0,0,0,0,0.0,0.0,0.0,0.0,0,0.0,0.0,0.0,0
39,0.0,0,0,2,474.105,948.21,2,2,2,0.25,0.99999950000025,0.002109237402991703,0.499999750000125,0,0.0,0.24999996875000394,0.49999987500003124,1
55,0.0,1,0,2,549.54,1099.08,2,2,2,0.25,0.99999950000025,0.0018197037505734762,0.99999950000025,0,0.0,0.24999996875000394,0.49999987500003124,1
32,0.0,0,0,3,282.4433333333334,847.3300000000002,3,3,1,0.1111111111111111,0.33333322222225925,0.0011801777333740361,0.6666664444445185,0,0.0,0.33333329629630043,0.49999991666668053,4
40,1.0,0,1,3,447.5466666666667,1342.64,3,3,1,0.125,0.33333322222225925,0.0007448012864618949,0.6666664444445185,0,0.0,0.3749999531250059,0.49999991666668053,4
23,0.0,0,1,1,3288.0,6576.0,2,1,3,0.375,1.499999250000375,0.00045620437949266964,0.99999950000025,1,0.33333322222225925,0.12499998437500197,0.33333322222225925,7
36,0.0,0,1,1,51.23,51.23,1,1,2,0.25,1.9999980000020001,0.03903962445755174,0.0,0,0.0,0.12499998437500197,0.499999750000125,1
39,0.0,0,1,2,261.29,522.58,2,2,0,0.0,0.0,0.0,0.0,0,0.0,0.1818181652892577,0.49999987500003124,2
53,0.0,1,0,4,192.0275,768.11,4,3,3,0.375,0.7499998125000469,0.0039056905861065594,0.49999987500003124,0,0.0,0.3749999531250059,0.4285713673469475,1
28,0.0,0,1,1,185.18,185.18,1,1,1,0.125,0.9999990000010001,0.005400151175072086,0.9999990000010001,0,0.0,0.12499998437500197,0.499999750000125,2
44,0.0,0,0,2,257.015,514.03,2,3,2,0.25,0.99999950000025,0.003890823485222996,0.499999750000125,0,0.0,0.24999996875000394,0.599999880000024,1
48,0.0,1,1,3,237.93999999999997,713.8199999999999,3,4,1,0.1111111111111111,0.33333322222225925,0.00140091339357133,0.9999996666667778,0,0.0,0.33333329629630043,0.57142848979593,4
26,0.0,0,1,1,701.13,701.13,1,2,1,0.125,0.9999990000010001,0.001426269020828849,0.0,0,0.0,0.12499998437500197,0.6666664444445185,2
53,0.0,0,0,3,305.42333333333335,916.27,3,3,2,0.25,0.6666664444445185,0.0021827627203959937,0.6666664444445185,0,0.0,0.3749999531250059,0.49999991666668053,1
55,0.0,1,0,5,230.05,1150.25,5,4,0,0.0,0.0,0.0,0.399999920000016,0,0.0,0.299999970000003,0.44444439506173394,4
45,0.0,1,1,3,457.02666666666664,1371.08,3,1,2,0.25,0.6666664444445185,0.0014587040862249438,0.6666664444445185,0,0.0,0.12499998437500197,0.24999993750001562,1
37,0.0,0,0,1,488.46,488.46,1,2,0,0.0,0.0,0.0,0.9999990000010001,0,0.0,0.12499998437500197,0.6666664444445185,2
51,0.0,0,0,3,518.6166666666667,1555.85,3,3,1,0.125,0.33333322222225925,0.0006427354817991867,0.9999996666667778,0,0.0,0.3749999531250059,0.49999991666668053,4
44,0.0,0,1,5,393.276,1966.38,5,5,2,0.25,0.399999920000016,0.0010170974069014648,0.599999880000024,0,0.0,0.6249999218750099,0.499999950000005,4
43,0.0,1,0,2,377.03999999999996,754.0799999999999,2,2,1,0.125,0.499999750000125,0.0013261192428838861,0.499999750000125,0,0.0,0.24999996875000394,0.49999987500003124,2
40,0.0,0,1,3,481.49750000000006,1925.9900000000002,4,4,1,0.125,0.24999993750001562,0.0005192134951275896,0.24999993750001562,0,0.0,0.4999999375000079,0.4999999375000079,4
57,1.0,1,0,4,358.54,1434.16,4,4,0,0.0,0.0,0.0,0.49999987500003124,0,0.0,0.4999999375000079,0.4999999375000079,4
44,0.0,1,0,3,186.00333333333333,558.01,3,4,1,0.125,0.33333322222225925,0.001792082575953688,0.0,0,0.0,0.3749999531250059,0.57142848979593,4
43,0.0,1,1,4,581.515,2326.06,4,5,1,0.125,0.24999993750001562,0.00042991152402349403,0.24999993750001562,0,0.0,0.4999999375000079,0.5555554938271674,4
40,0.0,0,0,2,242.2,484.4,2,2,2,0.25,0.99999950000025,0.004128819149197318,0.0,0,0.0,0.24999996875000394,0.49999987500003124,1
38,1.0,1,0,3,439.3966666666667,1318.19,3,3,2,0.25,0.6666664444445185,0.001517231960857515,0.9999996666667778,0,0.0,0.3749999531250059,0.49999991666668053,1
43,0.0,0,0,1,311.82,311.82,1,2,2,0.25,1.9999980000020001,0.00641395674936195,1.9999980000020001,0,0.0,0.12499998437500197,0.6666664444445185,1
53,0.0,0,0,3,260.37333333333333,781.12,3,3,2,0.25,0.6666664444445185,0.002560426051617644,0.33333322222225925,0,0.0,0.3749999531250059,0.49999991666668053,1
49,0.0,1,1,4,232.6825,930.73,4,2,2,0.25,0.49999987500003124,0.002148850899671386,0.9999997500000625,0,0.0,0.12499998437500197,0.33333327777778704,1
18,0.0,0,1,0,0.0,0.0,0,2,3,0.375,3000000.0,3000000.0,0.0,0,0.0,0.0,0.99999950000025,6
27,0.0,0,0,2,594.55,1189.1,2,2,2,0.25,0.99999950000025,0.0016819443262282867,0.0,0,0.0,0.24999996875000394,0.49999987500003124,1
51,0.0,1,0,3,265.6,796.8000000000001,3,4,0,0.0,0.0,0.0,0.9999996666667778,0,0.0,0.3749999531250059,0.57142848979593,4
50,0.0,0,1,3,149.77,449.31,3,3,0,0.0,0.0,0.0,0.0,0,0.0,0.3749999531250059,0.49999991666668053,4
45,0.0,1,0,4,296.864,1484.32,5,3,2,0.2222222222222222,0.399999920000016,0.0013474183455404372,0.599999880000024,1,0.12499998437500197,0.33333329629630043,0.3749999531250059,7
32,0.0,0,0,1,142.46,142.46,1,1,1,0.125,0.9999990000010001,0.007019514200340347,0.9999990000010001,0,0.0,0.12499998437500197,0.499999750000125,2
41,0.0,1,0,2,136.89,273.78,2,2,3,0.375,1.499999250000375,0.010957703225371821,0.499999750000125,0,0.0,0.24999996875000394,0.49999987500003124,1
39,0.0,0,0,2,333.8,667.6,2,1,3,0.375,1.499999250000375,0.004493708800938123,0.0,0,0.0,0.12499998437500197,0.33333322222225925,1
53,1.0,1,1,1,1621.3625,6485.45,4,3,1,0.125,0.24999993750001562,0.0001541913051285275,1.999999500000125,1,0.1428571224489825,0.3749999531250059,0.4285713673469475,7
48,0.0,1,0,5,388.54,1942.7,5,6,0,0.0,0.0,0.0,0.799999840000032,0,0.0,0.6249999218750099,0.5454544958677732,4
37,0.0,1,0,0,0.0,0.0,0,0,2,0.2222222222222222,2000000.0,2000000.0,0.0,0,0.0,0.0,0.0,3
39,0.0,0,0,2,703.1366666666667,2109.41,3,2,2,0.25,0.6666664444445185,0.0009481324157237654,0.33333322222225925,0,0.0,0.24999996875000394,0.399999920000016,1
56,1.0,0,1,3,480.9725,1923.89,4,4,1,0.125,0.24999993750001562,0.0005197802366456604,1.249999687500078,0,0.0,0.3749999531250059,0.4999999375000079,4
49,0.0,0,0,3,640.8266666666667,1922.48,3,2,2,0.25,0.6666664444445185,0.0010403229156920627,0.9999996666667778,0,0.0,0.24999996875000394,0.399999920000016,1
34,0.0,0,0,2,320.28,640.56,2,2,1,0.125,0.499999750000125,0.0015611340053060855,0.99999950000025,0,0.0,0.24999996875000394,0.49999987500003124,2
42,0.0,1,0,4,544.48,2177.92,4,4,2,0.25,0.49999987500003124,0.0009183073754231985,0.7499998125000469,0,0.0,0.4999999375000079,0.4999999375000079,4
49,0.0,1,0,4,346.43,1385.72,4,4,1,0.1111111111111111,0.24999993750001562,0.0007216465081534173,0.7499998125000469,0,0.0,0.44444439506173394,0.4999999375000079,4
53,0.0,1,1,4,275.868,1379.34,5,5,3,0.375,0.599999880000024,0.0021749532369285647,0.99999980000004,1,0.09999999000000101,0.6249999218750099,0.499999950000005,7
35,0.0,0,1,4,249.7675,999.07,4,4,4,0.5,0.9999997500000625,0.004003723458812973,0.7499998125000469,0,0.0,0.3749999531250059,0.4999999375000079,1
37,0.0,0,0,1,376.12,376.12,1,1,1,0.125,0.9999990000010001,0.0026587259314614325,0.0,0,0.0,0.12499998437500197,0.499999750000125,2
32,0.0,0,1,0,0.0,0.0,0,0,1,0.125,1000000.0,1000000.0,0.0,0,0.0,0.0,0.0,0
26,0.0,0,0,0,0.0,0.0,0,0,0,0.0,0.0,0.0,0.0,0,0.0,0.0,0.0,0
59,0.0,1,0,1,384.54499999999996,769.0899999999999,2,2,1,0.125,0.499999750000125,0.0013002379418530499,0.99999950000025,0,0.0,0.24999996875000394,0.49999987500003124,2
44,0.0,1,0,2,315.91,631.82,2,2,2,0.25,0.99999950000025,0.003165458511656075,0.0,0,0.0,0.24999996875000394,0.49999987500003124,1
43,0.0,0,0,2,254.63666666666668,763.9100000000001,3,3,3,0.375,0.9999996666667778,0.003927164189594109,0.0,1,0.16666663888889352,0.3749999531250059,0.49999991666668053,7
43,0.0,0,0,2,306.6133333333333,919.8399999999999,3,2,1,0.125,0.33333322222225925,0.0010871455893555993,0.6666664444445185,0,0.0,0.24999996875000394,0.399999920000016,2
26,1.0,0,0,4,618.3625,2473.45,4,4,0,0.0,0.0,0.0,0.49999987500003124,0,0.0,0.4999999375000079,0.4999999375000079,4
42,0.0,1,0,3,1080.8,3242.3999999999996,3,3,2,0.25,0.6666664444445185,0.0006168270415072703,0.33333322222225925,0,0.0,0.3749999531250059,0.49999991666668053,4
42,0.0,0,0,2,76.255,152.51,2,2,0,0.0,0.0,0.0,0.499999750000125,0,0.0,0.24999996875000394,0.49999987500003124,2
30,0.0,0,0,1,108.89,108.89,1,2,1,0.125,0.9999990000010001,0.009183579675052074,0.9999990000010001,0,0.0,0.12499998437500197,0.6666664444445185,2
41,0.0,0,0,4,907.2725,3629.09,4,2,1,0.125,0.24999993750001562,0.0002755511711543249,0.49999987500003124,0,0.0,0.24999996875000394,0.33333327777778704,4
59,0.0,1,1,0,0.0,0.0,0,1,1,0.125,1000000.0,1000000.0,0.0,0,0.0,0.0,0.9999990000010001,6
71,0.0,0,0,0,0.0,0.0,0,0,1,0.125,1000000.0,1000000.0,0.0,0,0.0,0.0,0.0,0
41,0.0,1,0,2,403.01,806.02,2,3,1,0.125,0.499999750000125,0.001240664001835359,0.499999750000125,0,0.0,0.24999996875000394,0.599999880000024,2
51,0.0,1,0,3,170.6966666666667,512.09,3,2,2,0.25,0.6666664444445185,0.003905563467543667,0.0,0,0.0,0.24999996875000394,0.399999920000016,1
51,0.0,1,1,2,236.44,472.88,2,2,2,0.2222222222222222,0.99999950000025,0.004229402799379541,0.0,0,0.0,0.22222219753086697,0.49999987500003124,1
43,0.0,0,0,2,714.8199999999999,1429.6399999999999,2,2,1,0.125,0.499999750000125,0.0006994767908707949,0.499999750000125,0,0.0,0.24999996875000394,0.49999987500003124,2
21,0.0,0,1,1,93.77,93.77,1,2,1,0.125,0.9999990000010001,0.010664391482730176,0.0,0,0.0,0.12499998437500197,0.6666664444445185,2
55,0.0,1,1,4,625.336,3126.68,5,5,1,0.1111111111111111,0.199999960000008,0.00031982806033242035,0.399999920000016,0,0.0,0.5555554938271674,0.499999950000005,4
53,1.0,0,1,3,386.9575,1547.83,4,3,2,0.2222222222222222,0.49999987500003124,0.0012921315640011296,0.9999997500000625,1,0.1428571224489825,0.33333329629630043,0.4285713673469475,7
51,0.0,1,0,3,404.3833333333334,1213.15,3,3,1,0.125,0.33333322222225925,0.0008243003743771994,0.0,0,0.0,0.3749999531250059,0.49999991666668053,4
40,0.0,1,0,2,694.0550000000001,1388.1100000000001,2,4,2,0.2222222222222222,0.99999950000025,0.0014408080040913124,0.99999950000025,0,0.0,0.22222219753086697,0.6666665555555741,1
19,0.0,0,0,0,0.0,0.0,0,1,1,0.125,1000000.0,1000000.0,0.0,0,0.0,0.0,0.9999990000010001,6
38,1.0,1,1,5,2528.148333333333,15168.89,6,5,3,0.375,0.49999991666668053,0.00019777320554122463,1.4999997500000417,1,0.09090908264462885,0.6249999218750099,0.4545454132231443,5
43,0.0,1,1,1,1034.78,2069.56,2,3,2,0.25,0.99999950000025,0.000966388990429662,0.499999750000125,0,0.0,0.24999996875000394,0.599999880000024,1
40,0.0,0,0,3,402.0775,1608.31,4,4,1,0.1111111111111111,0.24999993750001562,0.0006217706781517427,0.9999997500000625,0,0.0,0.44444439506173394,0.4999999375000079,4
42,0.0,0,0,0,0.0,0.0,0,1,0,0.0,0.0,0.0,0.0,0,0.0,0.0,0.9999990000010001,2
54,0.0,0,1,1,1426.54,1426.54,1,1,1,0.1111111111111111,0.9999990000010001,0.0007009968169830521,0.0,0,0.0,0.11111109876543349,0.499999750000125,2
24,0.0,1,1,1,409.1,818.2,2,4,4,0.5,1.9999990000005,0.004888780243352749,0.0,1,0.16666663888889352,0.24999996875000394,0.6666665555555741,7
50,0.0,0,0,1,105.77,105.77,1,1,2,0.25,1.9999980000020001,0.018908953210655638,0.0,0,0.0,0.12499998437500197,0.499999750000125,1
48,0.0,1,0,3,206.97000000000003,620.9100000000001,3,3,2,0.25,0.6666664444445185,0.0032210787340821068,0.33333322222225925,0,0.0,0.3749999531250059,0.49999991666668053,1
52,0.0,1,0,4,417.36,1669.44,4,4,1,0.125,0.24999993750001562,0.0005990032582189217,0.49999987500003124,0,0.0,0.4999999375000079,0.4999999375000079,4
69,0.0,1,0,0,0.0,0.0,0,1,4,0.4,4000000.0,4000000.0,0.0,0,0.0,0.0,0.9999990000010001,6
45,0.0,0,0,5,411.294,2056.47,5,6,1,0.125,0.199999960000008,0.0004862701617401324,0.399999920000016,0,0.0,0.6249999218750099,0.5454544958677732,4
44,1.0,1,1,4,238.56,954.24,4,3,1,0.125,0.24999993750001562,0.001047954391926607,0.49999987500003124,0,0.0,0.3749999531250059,0.4285713673469475,4
42,0.0,0,0,3,348.27,1044.81,3,4,2,0.2222222222222222,0.6666664444445185,0.0019142236369155887,0.33333322222225925,0,0.0,0.33333329629630043,0.57142848979593,4
41,0.0,0,0,4,543.635,2174.54,4,5,0,0.0,0.0,0.0,0.9999997500000625,0,0.0,0.4999999375000079,0.5555554938271674,4
61,0.0,1,0,0,0.0,0.0,0,0,2,0.2222222222222222,2000000.0,2000000.0,0.0,0,0.0,0.0,0.0,3
45,0.0,1,1,4,493.71000000000004,2468.55,5,3,4,0.5,0.799999840000032,0.0016203844355510788,1.599999680000064,1,0.12499998437500197,0.3749999531250059,0.3749999531250059,7
43,0.0,0,0,4,364.9225,1459.69,4,4,0,0.0,0.0,0.0,1.4999996250000938,0,0.0,0.4999999375000079,0.4999999375000079,4
52,0.0,1,1,6,1161.905,6971.43,6,5,2,0.2222222222222222,0.33333327777778704,0.0002868851870725396,0.33333327777778704,0,0.0,0.5555554938271674,0.4545454132231443,4
31,0.0,0,1,3,242.57333333333335,727.72,3,2,1,0.125,0.33333322222225925,0.0013741548928514332,0.33333322222225925,0,0.0,0.24999996875000394,0.399999920000016,2
43,0.0,1,0,3,371.1433333333334,1113.43,3,5,1,0.1111111111111111,0.33333322222225925,0.0008981256110414433,0.6666664444445185,0,0.0,0.33333329629630043,0.6249999218750099,4
46,0.0,1,0,3,614.1,1842.3000000000002,3,3,0,0.0,0.0,0.0,0.0,0,0.0,0.33333329629630043,0.49999991666668053,4
45,1.0,0,0,2,498.745,997.49,2,3,2,0.25,0.99999950000025,0.0020050326298960064,0.499999750000125,0,0.0,0.24999996875000394,0.599999880000024,1
48,0.0,1,1,2,537.655,1075.31,2,4,0,0.0,0.0,0.0,0.99999950000025,0,0.0,0.24999996875000394,0.6666665555555741,2
54,0.0,0,0,2,608.5733333333334,1825.72,3,3,1,0.125,0.33333322222225925,0.0005477291147888344,0.6666664444445185,0,0.0,0.3749999531250059,0.49999991666668053,4
76,0.0,1,0,0,0.0,0.0,0,0,1,0.1111111111111111,1000000.0,1000000.0,0.0,0,0.0,0.0,0.0,0
29,0.0,0,0,2,253.57,507.14,2,3,3,0.375,1.499999250000375,0.005915526272990641,0.99999950000025,0,0.0,0.24999996875000394,0.599999880000024,1
59,0.0,1,1,1,284.81,284.81,1,1,3,0.375,2.9999970000030003,0.010533337977833158,0.0,0,0.0,0.12499998437500197,0.499999750000125,1
27,1.0,0,0,0,0.0,0.0,0,1,1,0.125,1000000.0,1000000.0,0.0,0,0.0,0.0,0.9999990000010001,6
43,1.0,1,1,3,224.30666666666664,672.92,4,5,2,0.25,0.49999987500003124,0.0029721214959101804,0.9999997500000625,1,0.11111109876543349,0.4999999375000079,0.5555554938271674,7
36,0.0,0,0,4,805.824,4029.12,5,5,3,0.375,0.599999880000024,0.000744579461335334,1.199999760000048,0,0.0,0.6249999218750099,0.499999950000005,4
32,1.0,0,0,2,557.4300000000001,1114.8600000000001,2,1,4,0.5,1.9999990000005,0.0035878944409272057,0.0,0,0.0,0.12499998437500197,0.33333322222225925,1
37,0.0,0,0,2,385.525,771.05,2,2,2,0.25,0.99999950000025,0.0025938655047093376,0.0,0,0.0,0.24999996875000394,0.49999987500003124,1
34,0.0,0,0,2,394.13,788.26,2,1,2,0.25,0.99999950000025,0.002537233904375163,0.99999950000025,0,0.0,0.12499998437500197,0.33333322222225925,1
35,0.0,0,0,1,627.07,627.07,1,1,1,0.125,0.9999990000010001,0.0015947182904704127,0.9999990000010001,0,0.0,0.12499998437500197,0.499999750000125,2
36,0.0,1,0,5,196.804,984.02,5,5,0,0.0,0.0,0.0,0.399999920000016,0,0.0,0.6249999218750099,0.499999950000005,4
42,0.0,0,1,2,302.095,604.19,2,2,1,0.125,0.499999750000125,0.00165510848962229,0.499999750000125,0,0.0,0.24999996875000394,0.49999987500003124,2
39,0.0,0,0,3,379.1000000000001,1137.3000000000002,3,2,0,0.0,0.0,0.0,0.33333322222225925,0,0.0,0.24999996875000394,0.399999920000016,2
52,0.0,0,1,1,452.435,904.87,2,2,2,0.25,0.99999950000025,0.00221026224517305,0.99999950000025,0,0.0,0.24999996875000394,0.49999987500003124,1
45,0.0,0,0,2,233.69,467.38,2,3,3,0.3333333333333333,1.499999250000375,0.00641875988185468,0.499999750000125,0,0.0,0.22222219753086697,0.599999880000024,1
65,0.0,0,0,2,1075.61,3226.83,3,2,2,0.2,0.6666664444445185,0.0006198033362092818,0.33333322222225925,1,0.199999960000008,0.19999998000000202,0.399999920000016,7
35,0.0,0,0,1,237.17,711.51,3,4,1,0.14285714285714285,0.33333322222225925,0.0014054616218950378,0.0,1,0.1428571224489825,0.4285713673469475,0.57142848979593,7
38,0.0,0,0,3,153.80599999999998,769.03,5,3,2,0.2222222222222222,0.399999920000016,0.002600678773779074,0.599999880000024,0,0.0,0.33333329629630043,0.3749999531250059,4
58,0.0,1,0,2,673.735,1347.47,2,2,1,0.125,0.499999750000125,0.000742131549687836,0.0,0,0.0,0.24999996875000394,0.49999987500003124,2
41,0.0,1,0,1,321.28,321.28,1,2,1,0.125,0.9999990000010001,0.003112549791108847,0.0,0,0.0,0.12499998437500197,0.6666664444445185,2
46,0.0,0,0,3,395.32,1581.28,4,5,2,0.25,0.49999987500003124,0.0012647981374172834,0.49999987500003124,0,0.0,0.4999999375000079,0.5555554938271674,4
57,0.0,1,0,2,661.6,1323.2,2,2,3,0.375,1.499999250000375,0.0022672309535465302,0.99999950000025,0,0.0,0.24999996875000394,0.49999987500003124,1
48,0.0,1,0,3,183.87666666666667,551.63,3,3,1,0.125,0.33333322222225925,0.0018128093073023416,0.6666664444445185,0,0.0,0.3749999531250059,0.49999991666668053,4
50,0.0,1,0,4,651.635,2606.54,4,3,2,0.25,0.49999987500003124,0.0007673007125279871,1.249999687500078,0,0.0,0.3749999531250059,0.4285713673469475,4
60,0.0,1,1,2,413.43,1240.29,3,2,2,0.25,0.6666664444445185,0.0016125261014661681,0.9999996666667778,0,0.0,0.24999996875000394,0.399999920000016,1
19,0.0,0,0,1,1382.4,1382.4,1,1,2,0.25,1.9999980000020001,0.0014467592582127029,1.9999980000020001,0,0.0,0.12499998437500197,0.499999750000125,1
36,0.0,0,0,4,1102.524,5512.62,5,4,1,0.125,0.199999960000008,0.00018140194677278645,0.599999880000024,1,0.11111109876543349,0.3749999531250059,0.44444439506173394,7
56,0.0,1,0,4,309.8625,1239.45,4,4,2,0.25,0.49999987500003124,0.001613618942584518,0.49999987500003124,0,0.0,0.4999999375000079,0.4999999375000079,4
51,0.0,1,0,2,250.615,501.23,2,3,1,0.125,0.499999750000125,0.0019950920695187995,1.499999250000375,0,0.0,0.24999996875000394,0.599999880000024,2
31,0.0,0,1,2,140.935,281.87,2,2,4,0.5,1.9999990000005,0.014190939035048289,0.499999750000125,0,0.0,0.24999996875000394,0.49999987500003124,1
34,0.0,0,0,4,503.52,2014.08,4,4,0,0.0,0.0,0.0,0.49999987500003124,0,0.0,0.4999999375000079,0.4999999375000079,4
43,0.0,0,0,3,502.93666666666667,1508.81,3,3,4,0.5,1.333332888889037,0.002651095895009248,0.33333322222225925,0,0.0,0.3749999531250059,0.49999991666668053,1
53,1.0,1,1,2,107.655,215.31,2,2,3,0.375,1.499999250000375,0.013933398291145798,0.499999750000125,0,0.0,0.24999996875000394,0.49999987500003124,1
60,0.0,1,0,0,0.0,0.0,0,2,1,0.1111111111111111,1000000.0,1000000.0,0.0,0,0.0,0.0,0.99999950000025,6
29,0.0,0,0,2,616.87,1233.74,2,3,1,0.125,0.499999750000125,0.0008105435498479877,0.99999950000025,0,0.0,0.24999996875000394,0.599999880000024,2
51,0.0,1,0,4,400.935,1603.74,4,5,2,0.2222222222222222,0.49999987500003124,0.0012470849381775817,0.0,0,0.0,0.44444439506173394,0.5555554938271674,4
35,1.0,0,0,0,0.0,0.0,0,0,2,0.25,2000000.0,2000000.0,0.0,0,0.0,0.0,0.0,3
40,1.0,1,0,3,238.5633333333333,715.6899999999999,3,4,1,0.1111111111111111,0.33333322222225925,0.001397252998648503,0.33333322222225925,0,0.0,0.33333329629630043,0.57142848979593,4
49,0.0,1,0,4,285.3325,1141.33,4,3,1,0.125,0.24999993750001562,0.0008761707824413878,0.7499998125000469,0,0.0,0.3749999531250059,0.4285713673469475,4
22,0.0,0,0,1,236.02,236.02,1,1,2,0.25,1.9999980000020001,0.008473858111711472,0.0,0,0.0,0.12499998437500197,0.499999750000125,1
46,1.0,0,0,4,350.9725,1403.89,4,4,1,0.125,0.24999993750001562,0.0007123065192341945,0.7499998125000469,0,0.0,0.4999999375000079,0.4999999375000079,4
40,0.0,0,0,6,388.0442857142857,2716.31,7,6,0,0.0,0.0,0.0,0.285714244897965,0,0.0,0.7499999062500118,0.4615384260355057,4
41,1.0,0,0,2,106.16499999999999,212.32999999999998,2,3,2,0.2222222222222222,0.99999950000025,0.009419300101637546,0.499999750000125,0,0.0,0.22222219753086697,0.599999880000024,1
48,0.0,0,0,3,268.13666666666666,804.41,3,2,0,0.0,0.0,0.0,0.6666664444445185,0,0.0,0.24999996875000394,0.399999920000016,2
25,0.0,0,0,1,301.52,301.52,1,2,0,0.0,0.0,0.0,0.0,0,0.0,0.11111109876543349,0.6666664444445185,2
44,0.0,1,1,6,425.575,2553.45,6,5,0,0.0,0.0,0.0,0.16666663888889352,0,0.0,0.6249999218750099,0.4545454132231443,4
19,0.0,0,0,2,1837.5199999999998,5512.5599999999995,3,3,3,0.375,0.9999996666667778,0.0005442117635827616,0.6666664444445185,1,0.16666663888889352,0.3749999531250059,0.49999991666668053,7
42,1.0,0,0,5,312.652,1563.26,5,5,0,0.0,0.0,0.0,0.399999920000016,0,0.0,0.6249999218750099,0.499999950000005,4
46,0.0,1,1,4,277.09,1108.36,4,4,3,0.3333333333333333,0.7499998125000469,0.002706701791198977,0.49999987500003124,0,0.0,0.44444439506173394,0.4999999375000079,1
34,0.0,0,0,2,485.07666666666665,1455.23,3,1,1,0.1111111111111111,0.33333322222225925,0.0006871765970415833,0.9999996666667778,0,0.0,0.11111109876543349,0.24999993750001562,2
53,0.0,0,1,2,784.8000000000001,1569.6000000000001,2,2,3,0.375,1.499999250000375,0.0019113149834917714,0.99999950000025,0,0.0,0.24999996875000394,0.49999987500003124,1
46,1.0,1,1,2,363.625,727.25,2,2,0,0.0,0.0,0.0,0.99999950000025,0,0.0,0.24999996875000394,0.49999987500003124,2
35,0.0,0,1,1,217.55,217.55,1,1,1,0.1111111111111111,0.9999990000010001,0.004596644428422687,0.0,0,0.0,0.11111109876543349,0.499999750000125,2
50,0.0,1,1,1,858.59,858.59,1,1,1,0.125,0.9999990000010001,0.0011647002630304332,0.0,0,0.0,0.12499998437500197,0.499999750000125,2
43,0.0,0,0,3,444.1066666666666,1332.32,3,5,3,0.375,0.9999996666667778,0.002251711298898379,0.33333322222225925,0,0.0,0.3749999531250059,0.6249999218750099,1
29,0.0,1,1,2,409.955,819.91,2,3,2,0.25,0.99999950000025,0.0024392921144524497,0.499999750000125,0,0.0,0.24999996875000394,0.599999880000024,1
54,0.0,1,0,3,514.9933333333333,1544.98,3,3,2,0.25,0.6666664444445185,0.00129451513851667,0.6666664444445185,0,0.0,0.3749999531250059,0.49999991666668053,1
29,0.0,0,0,4,310.78000000000003,1243.1200000000001,4,4,1,0.125,0.24999993750001562,0.0008044275686945526,0.49999987500003124,0,0.0,0.4999999375000079,0.4999999375000079,4
26,1.0,1,0,1,201.0,201.0,1,2,2,0.25,1.9999980000020001,0.009950248706715181,0.0,0,0.0,0.12499998437500197,0.6666664444445185,1
52,1.0,1,1,1,318.84,318.84,1,2,1,0.1,0.9999990000010001,0.003136369329016531,0.9999990000010001,0,0.0,0.09999999000000101,0.6666664444445185,2
34,0.0,1,1,4,720.2725,2881.09,4,4,1,0.1111111111111111,0.24999993750001562,0.00034709085785341974,0.7499998125000469,0,0.0,0.44444439506173394,0.4999999375000079,4
33,0.0,1,0,2,467.35,934.7,2,4,3,0.375,1.499999250000375,0.0032095859599769057,0.0,0,0.0,0.24999996875000394,0.6666665555555741,1
68,0.0,1,0,0,0.0,0.0,0,0,1,0.125,1000000.0,1000000.0,0.0,0,0.0,0.0,0.0,0
48,0.0,0,1,3,323.78333333333336,971.35,3,5,1,0.125,0.33333322222225925,0.0010294950316266072,0.0,0,0.0,0.3749999531250059,0.6249999218750099,4
52,0.0,1,0,3,513.3425,2053.37,4,3,0,0.0,0.0,0.0,0.49999987500003124,0,0.0,0.3749999531250059,0.4285713673469475,4
41,0.0,1,1,2,407.895,815.79,2,2,3,0.2727272727272727,1.499999250000375,0.003677416977803826,0.0,0,0.0,0.1818181652892577,0.49999987500003124,1
24,0.0,0,1,3,1346.2975000000001,5385.1900000000005,4,3,2,0.25,0.49999987500003124,0.0003713889388542671,0.7499998125000469,1,0.1428571224489825,0.24999996875000394,0.4285713673469475,7
45,0.0,1,1,2,387.595,775.19,2,2,2,0.25,0.99999950000025,0.0025800126387337135,0.499999750000125,0,0.0,0.24999996875000394,0.49999987500003124,1
40,1.0,0,1,3,192.544,962.72,5,5,1,0.125,0.199999960000008,0.001038723615341196,0.599999880000024,1,0.09999999000000101,0.6249999218750099,0.499999950000005,7
52,0.0,1,0,3,228.47000000000003,685.4100000000001,3,2,0,0.0,0.0,0.0,0.6666664444445185,0,0.0,0.24999996875000394,0.399999920000016,2
19,0.0,0,1,0,0.0,0.0,0,0,1,0.125,1000000.0,1000000.0,0.0,0,0.0,0.0,0.0,0
33,0.0,0,1,2,568.2566666666667,1704.77,3,3,2,0.25,0.6666664444445185,0.0011731787858930067,1.6666661111112961,1,0.16666663888889352,0.3749999531250059,0.49999991666668053,7
39,0.0,0,0,3,126.54,379.62,3,3,3,0.375,0.9999996666667778,0.007902639460769613,0.6666664444445185,0,0.0,0.24999996875000394,0.49999991666668053,1
42,1.0,1,1,3,292.84666666666664,878.54,3,2,3,0.375,0.9999996666667778,0.0034147562963385207,0.9999996666667778,0,0.0,0.24999996875000394,0.399999920000016,1
26,0.0,0,1,0,0.0,0.0,0,0,4,0.4444444444444444,4000000.0,4000000.0,0.0,0,0.0,0.0,0.0,3
48,0.0,1,0,0,0.0,0.0,0,1,1,0.125,1000000.0,1000000.0,0.0,0,0.0,0.0,0.9999990000010001,6
52,0.0,1,1,4,500.64,2002.56,4,4,1,0.125,0.24999993750001562,0.0004993608179034032,0.7499998125000469,0,0.0,0.4999999375000079,0.4999999375000079,4
42,1.0,0,0,4,539.998,2699.9900000000002,5,6,2,0.25,0.399999920000016,0.0007407434839607763,0.599999880000024,1,0.09090908264462885,0.6249999218750099,0.5454544958677732,7
31,0.0,0,0,2,298.975,597.95,2,4,2,0.2222222222222222,0.99999950000025,0.0033447612620708064,0.99999950000025,0,0.0,0.22222219753086697,0.6666665555555741,1
32,0.0,0,0,2,378.655,757.31,2,2,4,0.5,1.9999990000005,0.005281852867013703,0.0,0,0.0,0.24999996875000394,0.49999987500003124,1
43,0.0,0,1,3,448.5233333333333,1345.57,3,4,0,0.0,0.0,0.0,0.33333322222225925,0,0.0,0.3749999531250059,0.57142848979593,4
48,0.0,0,0,2,1526.89,3053.78,2,2,0,0.0,0.0,0.0,1.499999250000375,0,0.0,0.24999996875000394,0.49999987500003124,2
47,0.0,0,0,3,465.01,1395.03,3,2,1,0.125,0.33333322222225925,0.0007168304619134853,0.9999996666667778,0,0.0,0.24999996875000394,0.399999920000016,2
36,0.0,0,0,2,114.905,229.81,2,2,3,0.375,1.499999250000375,0.013054262159809137,0.0,0,0.0,0.24999996875000394,0.49999987500003124,1
48,0.0,0,0,4,119.0325,476.13,4,3,1,0.125,0.24999993750001562,0.002100266729464082,0.49999987500003124,0,0.0,0.24999996875000394,0.4285713673469475,4
35,0.0,0,0,3,250.6,751.8,3,3,0,0.0,0.0,0.0,0.6666664444445185,0,0.0,0.3749999531250059,0.49999991666668053,4
39,0.0,0,1,2,742.105,1484.21,2,2,1,0.125,0.499999750000125,0.0006737591037159437,0.0,0,0.0,0.24999996875000394,0.49999987500003124,2
52,0.0,0,0,3,263.91333333333336,791.74,3,2,0,0.0,0.0,0.0,0.6666664444445185,0,0.0,0.24999996875000394,0.399999920000016,2
24,0.0,0,0,0,0.0,0.0,0,1,1,0.125,1000000.0,1000000.0,0.0,0,0.0,0.0,0.9999990000010001,6
45,1.0,0,0,3,164.46,493.38000000000005,3,2,3,0.375,0.9999996666667778,0.0060805058857665364,0.33333322222225925,0,0.0,0.24999996875000394,0.399999920000016,1
33,0.0,1,0,1,2390.41,4780.82,2,2,4,0.4444444444444444,1.9999990000005,0.000836676553219599,0.0,1,0.24999993750001562,0.22222219753086697,0.49999987500003124,7
45,1.0,0,1,4,129.57750000000001,518.3100000000001,4,4,1,0.125,0.24999993750001562,0.0019293472980854171,0.24999993750001562,0,0.0,0.4999999375000079,0.4999999375000079,4
26,1.0,0,0,1,462.04499999999996,924.0899999999999,2,3,3,0.375,1.499999250000375,0.003246437031840582,0.499999750000125,0,0.0,0.24999996875000394,0.599999880000024,1
56,1.0,1,1,4,536.0980000000001,2680.4900000000002,5,5,0,0.0,0.0,0.0,0.399999920000016,0,0.0,0.6249999218750099,0.499999950000005,4
36,1.0,1,0,3,297.15333333333336,891.46,3,3,1,0.125,0.33333322222225925,0.0011217553214706714,0.6666664444445185,0,0.0,0.3749999531250059,0.49999991666668053,4
48,0.0,1,0,1,570.93,570.93,1,2,2,0.2222222222222222,1.9999980000020001,0.0035030564105878897,0.0,0,0.0,0.11111109876543349,0.6666664444445185,1
38,0.0,0,1,6,603.6233333333333,3621.7400000000002,6,5,2,0.25,0.33333327777778704,0.0005522207556168525,0.49999991666668053,0,0.0,0.6249999218750099,0.4545454132231443,4
66,1.0,1,0,3,537.83,1613.49,3,3,1,0.125,0.33333322222225925,0.0006197745256433107,1.333332888889037,0,0.0,0.24999996875000394,0.49999991666668053,4
49,0.0,1,0,5,301.11199999999997,1505.56,5,4,1,0.125,0.199999960000008,0.000664204680873426,0.799999840000032,0,0.0,0.4999999375000079,0.44444439506173394,4
52,0.0,1,0,6,496.365,2978.19,6,4,1,0.1,0.16666663888889352,0.0003357744132054119,0.0,0,0.0,0.39999996000000404,0.39999996000000404,4
42,0.0,0,0,2,334.51,669.02,2,4,2,0.25,0.99999950000025,0.0029894472467348553,0.499999750000125,0,0.0,0.24999996875000394,0.6666665555555741,1
34,0.0,0,1,1,188.13,188.13,1,1,1,0.125,0.9999990000010001,0.0053154733146469286,0.0,0,0.0,0.12499998437500197,0.499999750000125,2
39,0.0,0,0,3,463.68333333333334,1391.05,3,5,0,0.0,0.0,0.0,0.33333322222225925,0,0.0,0.3749999531250059,0.6249999218750099,4
20,0.0,0,0,3,1053.5033333333333,3160.51,3,3,0,0.0,0.0,0.0,0.0,0,0.0,0.3749999531250059,0.49999991666668053,4
42,1.0,1,1,1,552.2049999999999,1104.4099999999999,2,2,2,0.25,0.99999950000025,0.0018109216669435068,0.99999950000025,0,0.0,0.24999996875000394,0.49999987500003124,1
46,0.0,1,0,2,322.18,644.36,2,3,1,0.125,0.499999750000125,0.0015519274915390038,0.99999950000025,0,0.0,0.24999996875000394,0.599999880000024,2
30,0.0,0,0,0,0.0,0.0,0,1,1,0.125,1000000.0,1000000.0,0.0,0,0.0,0.0,0.9999990000010001,6
32,0.0,0,0,1,620.07,620.07,1,1,0,0.0,0.0,0.0,2.9999970000030003,0,0.0,0.12499998437500197,0.499999750000125,2
40,0.0,0,0,3,301.6166666666666,904.8499999999999,3,3,0,0.0,0.0,0.0,0.0,0,0.0,0.3749999531250059,0.49999991666668053,4
35,0.0,0,0,3,424.85999999999996,1274.58,3,3,1,0.125,0.33333322222225925,0.0007845721721786218,0.6666664444445185,0,0.0,0.24999996875000394,0.49999991666668053,4
37,0.0,0,0,2,298.655,597.31,2,2,3,0.375,1.499999250000375,0.005022517612257425,0.499999750000125,0,0.0,0.24999996875000394,0.49999987500003124,1
43,0.0,0,1,2,423.495,846.99,2,3,3,0.375,1.499999250000375,0.0035419544462839533,0.499999750000125,0,0.0,0.24999996875000394,0.599999880000024,1
46,0.0,1,1,3,377.98,1133.94,3,3,1,0.1,0.33333322222225925,0.0008818808747536192,0.6666664444445185,0,0.0,0.19999998000000202,0.49999991666668053,2
41,0.0,0,0,2,915.655,1831.31,2,2,2,0.25,0.99999950000025,0.0010921143874646486,0.0,0,0.0,0.24999996875000394,0.49999987500003124,1
50,0.0,0,0,2,451.975,903.95,2,3,0,0.0,0.0,0.0,0.0,0,0.0,0.24999996875000394,0.599999880000024,2
45,0.0,1,0,3,563.0975000000001,2252.3900000000003,4,3,2,0.2222222222222222,0.49999987500003124,0.0008879456928471775,0.7499998125000469,0,0.0,0.22222219753086697,0.4285713673469475,1
41,1.0,0,0,3,440.7975,1763.19,4,4,2,0.25,0.49999987500003124,0.0011343077030074422,0.7499998125000469,1,0.12499998437500197,0.4999999375000079,0.4999999375000079,7
50,0.0,1,0,0,0.0,0.0,0,2,1,0.125,1000000.0,1000000.0,0.0,0,0.0,0.0,0.99999950000025,6
30,0.0,0,0,3,440.5725,1762.29,4,4,0,0.0,0.0,0.0,0.7499998125000469,0,0.0,0.3749999531250059,0.4999999375000079,4
55,0.0,1,1,1,565.09,565.09,1,1,1,0.125,0.9999990000010001,0.001769629613389673,1.9999980000020001,0,0.0,0.12499998437500197,0.499999750000125,2
34,0.0,0,1,1,807.06,807.06,1,0,1,0.125,0.9999990000010001,0.001239065247640739,0.9999990000010001,0,0.0,0.0,0.0,0
43,0.0,0,1,1,1483.3049999999998,2966.6099999999997,2,2,0,0.0,0.0,0.0,0.99999950000025,0,0.0,0.24999996875000394,0.49999987500003124,2
40,1.0,1,1,0,0.0,0.0,0,0,0,0.0,0.0,0.0,0.0,0,0.0,0.0,0.0,0
37,0.0,0,0,1,800.95,800.95,1,1,4,0.5,3.9999960000040002,0.004994069536183195,0.9999990000010001,0,0.0,0.12499998437500197,0.499999750000125,1
47,0.0,0,0,7,367.50857142857143,2572.56,7,5,1,0.125,0.1428571224489825,0.0003887178528824526,0.857142734693895,0,0.0,0.6249999218750099,0.41666663194444736,4
45,0.0,0,1,2,227.595,455.19,2,2,3,0.375,1.499999250000375,0.006590654437508173,0.499999750000125,0,0.0,0.24999996875000394,0.49999987500003124,1
77,0.0,1,0,0,0.0,0.0,0,1,2,0.2222222222222222,2000000.0,2000000.0,0.0,0,0.0,0.0,0.9999990000010001,6
57,0.0,1,0,2,655.7650000000001,1311.5300000000002,2,2,1,0.125,0.499999750000125,0.0007624682616772254,1.499999250000375,0,0.0,0.24999996875000394,0.49999987500003124,2
45,0.0,0,0,5,388.3933333333334,2330.36,6,5,1,0.125,0.16666663888889352,0.000429118247640228,0.33333327777778704,0,0.0,0.6249999218750099,0.4545454132231443,4
39,0.0,0,0,4,231.542,1157.71,5,4,0,0.0,0.0,0.0,0.599999880000024,0,0.0,0.4999999375000079,0.44444439506173394,4
37,0.0,1,0,2,600.7,1201.4,2,3,0,0.0,0.0,0.0,0.0,0,0.0,0.22222219753086697,0.599999880000024,2
36,0.0,0,0,1,187.19,187.19,1,1,1,0.14285714285714285,0.9999990000010001,0.005342165685441713,0.0,0,0.0,0.1428571224489825,0.499999750000125,2
70,0.0,0,0,0,0.0,0.0,0,0,0,0.0,0.0,0.0,0.0,0,0.0,0.0,0.0,0
37,0.0,1,1,1,274.75,274.75,1,2,1,0.125,0.9999990000010001,0.0036396724162341314,0.0,0,0.0,0.12499998437500197,0.6666664444445185,2
33,0.0,0,0,1,551.81,551.81,1,4,2,0.25,1.9999980000020001,0.0036244359405874565,0.9999990000010001,0,0.0,0.12499998437500197,0.799999840000032,1
37,0.0,0,1,2,456.745,913.49,2,2,1,0.125,0.499999750000125,0.0010947027322743513,0.99999950000025,0,0.0,0.24999996875000394,0.49999987500003124,2
42,1.0,0,0,3,285.9266666666667,857.78,3,2,2,0.25,0.6666664444445185,0.002331600174483434,0.33333322222225925,0,0.0,0.24999996875000394,0.399999920000016,1
50,0.0,0,1,4,314.1825,1256.73,4,4,2,0.25,0.49999987500003124,0.0015914317302909678,0.24999993750001562,0,0.0,0.4999999375000079,0.4999999375000079,4
43,0.0,1,1,3,334.19,1002.5699999999999,3,2,2,0.25,0.6666664444445185,0.00199487317394808,0.6666664444445185,0,0.0,0.24999996875000394,0.399999920000016,1
51,0.0,0,1,2,302.25,1209.0,4,4,1,0.125,0.24999993750001562,0.00082712985870378,0.7499998125000469,0,0.0,0.4999999375000079,0.4999999375000079,4
34,0.0,1,0,3,435.85999999999996,1307.58,3,4,1,0.125,0.33333322222225925,0.0007647715621493357,0.6666664444445185,0,0.0,0.3749999531250059,0.57142848979593,4
44,0.0,0,0,4,449.8525,1799.41,4,4,2,0.25,0.49999987500003124,0.0011114754274392854,0.49999987500003124,0,0.0,0.4999999375000079,0.4999999375000079,4
39,0.0,0,0,2,357.13,714.26,2,3,1,0.125,0.499999750000125,0.0014000503998543243,0.0,0,0.0,0.24999996875000394,0.599999880000024,2
40,0.0,1,0,3,603.5966666666667,1810.79,3,3,2,0.25,0.6666664444445185,0.0011044903047263954,0.33333322222225925,0,0.0,0.3749999531250059,0.49999991666668053,1
53,0.0,1,0,0,0.0,0.0,0,1,0,0.0,0.0,0.0,0.0,0,0.0,0.0,0.9999990000010001,2
36,0.0,0,0,2,83.02,166.04,2,3,0,0.0,0.0,0.0,0.499999750000125,0,0.0,0.24999996875000394,0.599999880000024,2
61,0.0,1,0,1,1927.85,3855.7,2,2,2,0.25,0.99999950000025,0.0005187125553028731,0.0,1,0.24999993750001562,0.24999996875000394,0.49999987500003124,7
40,0.0,0,1,3,518.2033333333333,1554.61,3,3,1,0.125,0.33333322222225925,0.0006432481454234514,0.33333322222225925,0,0.0,0.3749999531250059,0.49999991666668053,4
30,0.0,0,0,3,185.67666666666665,557.03,3,2,0,0.0,0.0,0.0,0.6666664444445185,0,0.0,0.24999996875000394,0.399999920000016,2
40,0.0,1,1,3,148.135,592.54,4,4,2,0.2222222222222222,0.49999987500003124,0.0033752995521394344,0.9999997500000625,0,0.0,0.44444439506173394,0.4999999375000079,4
41,0.0,0,0,3,443.16333333333336,1329.49,3,2,2,0.2,0.6666664444445185,0.0015043362481069159,0.33333322222225925,0,0.0,0.19999998000000202,0.399999920000016,1
33,0.0,0,0,3,442.26,1326.78,3,3,2,0.25,0.6666664444445185,0.0015074089136801812,1.333332888889037,0,0.0,0.3749999531250059,0.49999991666668053,1
55,0.0,1,1,3,214.29666666666665,642.89,3,4,1,0.125,0.33333322222225925,0.0015554760510266515,0.9999996666667778,0,0.0,0.3749999531250059,0.57142848979593,4
59,0.0,0,0,3,318.17333333333335,954.52,3,3,1,0.125,0.33333322222225925,0.0010476469837744134,0.9999996666667778,0,0.0,0.3749999531250059,0.49999991666668053,4
51,0.0,1,0,3,110.25,330.75,3,2,2,0.25,0.6666664444445185,0.006046863171438055,0.33333322222225925,0,0.0,0.24999996875000394,0.399999920000016,1
41,0.0,0,0,4,272.23,1088.92,4,4,1,0.1111111111111111,0.24999993750001562,0.0009183411077780358,0.49999987500003124,0,0.0,0.44444439506173394,0.4999999375000079,4
43,0.0,0,0,4,492.49,1969.96,4,3,1,0.125,0.24999993750001562,0.0005076245200371456,0.7499998125000469,0,0.0,0.24999996875000394,0.4285713673469475,4
72,0.0,1,0,1,275.64,275.64,1,0,1,0.1111111111111111,0.9999990000010001,0.0036279204628213596,0.9999990000010001,0,0.0,0.0,0.0,0
49,0.0,0,0,2,379.04333333333335,1137.13,3,5,2,0.25,0.6666664444445185,0.0017588138543888437,0.33333322222225925,0,0.0,0.3749999531250059,0.6249999218750099,4
39,1.0,0,1,2,355.885,711.77,2,1,1,0.125,0.499999750000125,0.0014049482256839312,0.0,0,0.0,0.0,0.33333322222225925,2
55,0.0,1,1,3,216.54999999999998,649.65,3,3,3,0.375,0.9999996666667778,0.004617871154286353,0.6666664444445185,0,0.0,0.3749999531250059,0.49999991666668053,1
30,0.0,0,0,1,377.7,377.7,1,2,1,0.125,0.9999990000010001,0.002647603911443993,0.9999990000010001,0,0.0,0.12499998437500197,0.6666664444445185,2
29,0.0,0,0,1,1790.06,1790.06,1,1,0,0.0,0.0,0.0,0.9999990000010001,0,0.0,0.09999999000000101,0.499999750000125,2
60,1.0,0,1,2,198.32500000000002,396.65000000000003,2,2,1,0.125,0.499999750000125,0.002521114326178963,0.499999750000125,0,0.0,0.12499998437500197,0.49999987500003124,2
47,1.0,1,0,3,340.71666666666664,1022.15,3,2,3,0.375,0.9999996666667778,0.0029349899692462066,0.0,0,0.0,0.24999996875000394,0.399999920000016,1
47,0.0,1,1,2,625.1600000000001,1250.3200000000002,2,5,1,0.125,0.499999750000125,0.0007997952517757091,0.0,0,0.0,0.24999996875000394,0.7142856122449125,2
45,0.0,1,1,1,130.66,130.66,1,2,2,0.25,1.9999980000020001,0.015306903296288817,0.9999990000010001,0,0.0,0.12499998437500197,0.6666664444445185,1
37,0.0,1,0,2,859.9100000000001,1719.8200000000002,2,2,1,0.125,0.499999750000125,0.0005814561985664451,0.99999950000025,0,0.0,0.24999996875000394,0.49999987500003124,2
55,1.0,1,0,4,550.355,2201.42,4,4,2,0.25,0.49999987500003124,0.0009085045103122056,0.24999993750001562,0,0.0,0.4999999375000079,0.4999999375000079,4
44,0.0,1,1,2,455.06000000000006,910.1200000000001,2,2,2,0.25,0.99999950000025,0.0021975124135306195,0.99999950000025,0,0.0,0.24999996875000394,0.49999987500003124,1
44,1.0,0,0,2,189.28000000000003,378.56000000000006,2,4,2,0.25,0.99999950000025,0.0052831783461454495,0.499999750000125,0,0.0,0.24999996875000394,0.6666665555555741,1
60,0.0,1,1,1,156.24,156.24,1,1,2,0.25,1.9999980000020001,0.012800819170501668,0.0,0,0.0,0.12499998437500197,0.499999750000125,1
44,0.0,0,0,3,385.8666666666666,1157.6,3,3,2,0.2222222222222222,0.6666664444445185,0.0017277125071460673,0.6666664444445185,0,0.0,0.33333329629630043,0.49999991666668053,1
45,0.0,1,1,2,2995.0533333333333,8985.16,3,3,1,0.125,0.33333322222225925,0.00011129462356693764,2.9999990000003334,1,0.16666663888889352,0.24999996875000394,0.49999991666668053,5
43,0.0,0,0,4,444.11999999999995,2664.72,6,6,1,0.1111111111111111,0.16666663888889352,0.00037527394984265746,0.16666663888889352,0,0.0,0.6666665925926009,0.4999999583333368,4
76,0.0,1,0,0,0.0,0.0,0,1,2,0.25,2000000.0,2000000.0,0.0,0,0.0,0.0,0.9999990000010001,6
56,0.0,1,1,3,1123.0466666666669,3369.1400000000003,3,4,1,0.1111111111111111,0.33333322222225925,0.0002968116491755131,0.6666664444445185,0,0.0,0.33333329629630043,0.57142848979593,4
26,0.0,0,0,2,724.905,1449.81,2,1,1,0.125,0.499999750000125,0.0006897455523897989,0.499999750000125,0,0.0,0.12499998437500197,0.33333322222225925,2
29,0.0,0,0,3,462.33000000000004,1849.3200000000002,4,5,2,0.25,0.49999987500003124,0.0010814785969537565,0.49999987500003124,0,0.0,0.4999999375000079,0.5555554938271674,4
58,0.0,1,0,1,223.11333333333334,669.34,3,4,2,0.25,0.6666664444445185,0.0029880180431648817,0.0,1,0.1428571224489825,0.3749999531250059,0.57142848979593,7
37,0.0,0,1,1,455.43,455.43,1,3,2,0.25,1.9999980000020001,0.0043914542204258515,0.9999990000010001,0,0.0,0.12499998437500197,0.7499998125000469,1
43,0.0,1,1,1,470.9,470.9,1,1,1,0.125,0.9999990000010001,0.002123593115048645,0.0,0,0.0,0.12499998437500197,0.499999750000125,2
39,0.0,0,0,2,357.78499999999997,715.5699999999999,2,3,0,0.0,0.0,0.0,0.0,0,0.0,0.12499998437500197,0.599999880000024,2
54,0.0,1,1,2,673.595,1347.19,2,2,1,0.125,0.499999750000125,0.0007422857943257551,0.0,0,0.0,0.24999996875000394,0.49999987500003124,2
44,0.0,1,0,2,384.15,768.3,2,5,0,0.0,0.0,0.0,0.0,0,0.0,0.24999996875000394,0.7142856122449125,2
23,0.0,0,0,2,255.135,510.27,2,2,3,0.3,1.499999250000375,0.005879240390618221,0.99999950000025,0,0.0,0.19999998000000202,0.49999987500003124,1
49,0.0,1,0,3,167.78333333333333,503.35,3,3,1,0.125,0.33333322222225925,0.0019866891785304676,0.6666664444445185,0,0.0,0.3749999531250059,0.49999991666668053,4
44,1.0,1,0,3,343.99,1031.97,3,4,1,0.125,0.33333322222225925,0.000969020416321191,0.6666664444445185,0,0.0,0.3749999531250059,0.57142848979593,4
44,0.0,0,1,4,522.04,2088.16,4,3,1,0.125,0.24999993750001562,0.0004788905062452636,0.24999993750001562,0,0.0,0.24999996875000394,0.4285713673469475,4
27,1.0,0,1,1,713.0,713.0,1,2,0,0.0,0.0,0.0,0.9999990000010001,0,0.0,0.12499998437500197,0.6666664444445185,2
42,0.0,1,1,2,774.165,1548.33,2,2,3,0.375,1.499999250000375,0.0019375714466957487,0.0,0,0.0,0.12499998437500197,0.49999987500003124,1
19,0.0,0,0,3,433.42,1300.26,3,2,0,0.0,0.0,0.0,0.33333322222225925,0,0.0,0.24999996875000394,0.399999920000016,2
52,0.0,1,0,4,562.8075,2251.23,4,4,0,0.0,0.0,0.0,0.7499998125000469,0,0.0,0.4999999375000079,0.4999999375000079,4
25,0.0,0,0,0,0.0,0.0,0,1,3,0.375,3000000.0,3000000.0,0.0,0,0.0,0.0,0.9999990000010001,6
38,1.0,0,1,4,412.2025,1648.81,4,3,2,0.25,0.49999987500003124,0.001212996038832251,0.49999987500003124,0,0.0,0.3749999531250059,0.4285713673469475,4
23,0.0,1,0,2,633.905,1267.81,2,2,1,0.125,0.499999750000125,0.0007887617223489626,1.9999990000005,0,0.0,0.24999996875000394,0.49999987500003124,2
53,0.0,0,0,4,490.61249999999995,1962.4499999999998,4,4,0,0.0,0.0,0.0,0.49999987500003124,0,0.0,0.3749999531250059,0.4999999375000079,4
47,0.0,0,0,4,574.1725,2296.69,4,4,1,0.125,0.24999993750001562,0.00043540921916522947,0.24999993750001562,0,0.0,0.4999999375000079,0.4999999375000079,4
43,0.0,1,0,3,169.58666666666667,508.76,3,4,1,0.125,0.33333322222225925,0.0019655633265870678,0.6666664444445185,0,0.0,0.3749999531250059,0.57142848979593,4
38,0.0,1,0,4,439.295,1757.18,4,3,2,0.25,0.49999987500003124,0.0011381873222218626,0.7499998125000469,0,0.0,0.3749999531250059,0.4285713673469475,4
33,0.0,0,0,2,426.76,853.52,2,2,1,0.125,0.499999750000125,0.0011716187070348455,0.99999950000025,0,0.0,0.12499998437500197,0.49999987500003124,2
43,0.0,0,0,4,391.9375,1567.75,4,4,0,0.0,0.0,0.0,0.0,0,0.0,0.4999999375000079,0.4999999375000079,4
57,0.0,1,0,4,378.702,1893.51,5,6,1,0.125,0.199999960000008,0.0005281197350274782,0.799999840000032,0,0.0,0.6249999218750099,0.5454544958677732,4
59,0.0,1,0,3,641.3833333333333,1924.15,3,3,1,0.1111111111111111,0.33333322222225925,0.0005197100015488865,0.9999996666667778,0,0.0,0.22222219753086697,0.49999991666668053,4
43,0.0,0,0,3,495.6166666666666,1486.85,3,3,3,0.375,0.9999996666667778,0.0020176884002974823,0.6666664444445185,0,0.0,0.3749999531250059,0.49999991666668053,1
73,0.0,1,0,0,0.0,0.0,0,1,0,0.0,0.0,0.0,0.0,0,0.0,0.0,0.9999990000010001,2
56,0.0,1,0,2,289.78,579.56,2,3,1,0.125,0.499999750000125,0.0017254468877675362,0.499999750000125,0,0.0,0.24999996875000394,0.599999880000024,2
37,0.0,0,0,4,527.79,2111.16,4,3,2,0.2,0.49999987500003124,0.0009473464820537779,0.0,0,0.0,0.299999970000003,0.4285713673469475,4
45,0.0,0,0,0,0.0,0.0,0,0,2,0.25,2000000.0,2000000.0,0.0,0,0.0,0.0,0.0,3
56,1.0,0,0,4,620.605,2482.42,4,5,1,0.125,0.24999993750001562,0.0004028327195225495,0.49999987500003124,0,0.0,0.3749999531250059,0.5555554938271674,4
41,0.0,0,0,4,1135.84,4543.36,4,4,2,0.25,0.49999987500003124,0.00044020284537430387,0.7499998125000469,0,0.0,0.4999999375000079,0.4999999375000079,4
25,1.0,0,0,1,93.57499999999999,187.14999999999998,2,2,2,0.25,0.99999950000025,0.010686614957592227,0.99999950000025,0,0.0,0.12499998437500197,0.49999987500003124,1
43,1.0,0,1,3,311.97,1247.88,4,4,1,0.125,0.24999993750001562,0.000801359104399975,0.0,0,0.0,0.4999999375000079,0.4999999375000079,4
40,0.0,1,1,2,858.5333333333333,2575.6,3,2,0,0.0,0.0,0.0,0.6666664444445185,0,0.0,0.24999996875000394,0.399999920000016,2
22,0.0,0,0,0,0.0,0.0,0,0,0,0.0,0.0,0.0,0.0,0,0.0,0.0,0.0,0
58,0.0,0,0,5,538.756,2693.7799999999997,5,5,2,0.25,0.399999920000016,0.0007424511278788725,0.99999980000004,0,0.0,0.6249999218750099,0.499999950000005,4
36,0.0,0,0,2,1875.4633333333331,5626.389999999999,3,3,2,0.25,0.6666664444445185,0.0003554677154702273,0.6666664444445185,1,0.16666663888889352,0.3749999531250059,0.49999991666668053,7
56,0.0,1,0,3,113.2,339.6,3,3,2,0.2857142857142857,0.6666664444445185,0.005889281490314247,0.6666664444445185,0,0.0,0.4285713673469475,0.49999991666668053,1
34,0.0,0,0,1,433.815,867.63,2,2,1,0.14285714285714285,0.499999750000125,0.001152565032153608,0.499999750000125,0,0.0,0.285714244897965,0.49999987500003124,2
34,0.0,0,0,1,188.57,188.57,1,1,0,0.0,0.0,0.0,0.0,0,0.0,0.0,0.499999750000125,2
47,0.0,1,1,4,296.3275,1185.31,4,4,4,0.5,0.9999997500000625,0.0033746446048926906,0.24999993750001562,0,0.0,0.4999999375000079,0.4999999375000079,1
38,0.0,0,0,2,546.15,1092.3,2,3,2,0.25,0.99999950000025,0.0018309988081744951,0.499999750000125,0,0.0,0.24999996875000394,0.599999880000024,1
51,0.0,1,1,2,105.17,210.34,2,3,2,0.2222222222222222,0.99999950000025,0.00950841490202332,0.99999950000025,0,0.0,0.22222219753086697,0.599999880000024,1
34,1.0,0,1,1,67.26,67.26,1,2,1,0.125,0.9999990000010001,0.014867677447700305,0.9999990000010001,0,0.0,0.12499998437500197,0.6666664444445185,2
52,0.0,1,0,2,1166.855,2333.71,2,2,0,0.0,0.0,0.0,0.499999750000125,0,0.0,0.24999996875000394,0.49999987500003124,2
26,0.0,0,1,0,0.0,0.0,0,0,2,0.25,2000000.0,2000000.0,0.0,0,0.0,0.0,0.0,3
35,0.0,0,1,2,675.4749999999999,1350.9499999999998,2,2,0,0.0,0.0,0.0,0.499999750000125,0,0.0,0.24999996875000394,0.49999987500003124,2
38,0.0,0,1,3,1603.565,6414.26,4,3,1,0.1111111111111111,0.24999993750001562,0.00015590262942944273,0.24999993750001562,1,0.1428571224489825,0.33333329629630043,0.4285713673469475,7
49,0.0,1,0,4,458.01599999999996,2290.08,5,6,1,0.1111111111111111,0.199999960000008,0.0004366659678104407,0.199999960000008,0,0.0,0.5555554938271674,0.5454544958677732,4
35,0.0,0,0,1,87.04,87.04,1,1,1,0.125,0.9999990000010001,0.01148897045623885,0.0,0,0.0,0.12499998437500197,0.499999750000125,2
50,0.0,0,0,3,485.23333333333335,1455.7,3,3,1,0.125,0.33333322222225925,0.000686954729211407,0.6666664444445185,0,0.0,0.3749999531250059,0.49999991666668053,4
54,0.0,1,0,4,325.8275,1303.31,4,5,2,0.2222222222222222,0.49999987500003124,0.0015345543258821351,0.7499998125000469,0,0.0,0.44444439506173394,0.5555554938271674,4
76,0.0,1,0,2,289.06,578.12,2,1,1,0.1111111111111111,0.499999750000125,0.001729744686691786,0.0,0,0.0,0.11111109876543349,0.33333322222225925,2
53,0.0,1,1,2,413.1366666666666,1239.4099999999999,3,2,2,0.25,0.6666664444445185,0.0016136710195870042,0.6666664444445185,1,0.199999960000008,0.24999996875000394,0.399999920000016,7
52,1.0,1,0,2,525.53,1051.06,2,3,1,0.125,0.499999750000125,0.0009514204698576479,0.499999750000125,0,0.0,0.24999996875000394,0.599999880000024,2
24,0.0,0,0,1,4293.85,4293.85,1,0,2,0.25,1.9999980000020001,0.0004657824561953066,0.9999990000010001,0,0.0,0.0,0.0,1
56,0.0,0,0,2,509.82500000000005,1019.6500000000001,2,3,1,0.1111111111111111,0.499999750000125,0.000980728680448459,1.499999250000375,0,0.0,0.22222219753086697,0.599999880000024,2
46,0.0,1,1,2,479.395,958.79,2,3,4,0.4444444444444444,1.9999990000005,0.004171925026155963,0.0,0,0.0,0.22222219753086697,0.599999880000024,1
34,0.0,0,0,2,462.755,925.51,2,0,1,0.125,0.499999750000125,0.0010804853528535777,0.499999750000125,0,0.0,0.0,0.0,0
38,0.0,1,0,4,654.434,3272.17,5,3,1,0.125,0.199999960000008,0.0003056075936440932,0.599999880000024,0,0.0,0.3749999531250059,0.3749999531250059,4
54,0.0,1,0,3,143.71,431.13,3,3,2,0.25,0.6666664444445185,0.004638971993043926,0.33333322222225925,0,0.0,0.3749999531250059,0.49999991666668053,1
32,0.0,0,0,3,410.03,1230.09,3,3,1,0.1,0.33333322222225925,0.0008129486453731445,0.0,0,0.0,0.299999970000003,0.49999991666668053,4
51,1.0,1,0,2,370.8533333333333,1112.56,3,3,1,0.125,0.33333322222225925,0.000898827927573499,0.0,0,0.0,0.3749999531250059,0.49999991666668053,4
39,0.0,0,0,3,357.3766666666667,1072.13,3,3,2,0.25,0.6666664444445185,0.00186544541999063,0.9999996666667778,0,0.0,0.3749999531250059,0.49999991666668053,1
35,0.0,0,0,2,515.84,1031.68,2,2,0,0.0,0.0,0.0,0.0,0,0.0,0.12499998437500197,0.49999987500003124,2
31,0.0,0,0,2,62.375,124.75,2,2,0,0.0,0.0,0.0,0.499999750000125,0,0.0,0.22222219753086697,0.49999987500003124,2
39,0.0,1,1,1,775.34,775.34,1,1,2,0.25,1.9999980000020001,0.002579513500426247,0.0,0,0.0,0.12499998437500197,0.499999750000125,1
47,0.0,0,0,4,292.045,1168.18,4,5,0,0.0,0.0,0.0,0.9999997500000625,0,0.0,0.39999996000000404,0.5555554938271674,4
49,0.0,1,0,2,494.03499999999997,988.0699999999999,2,2,0,0.0,0.0,0.0,0.99999950000025,0,0.0,0.24999996875000394,0.49999987500003124,2
53,1.0,1,1,3,226.2733333333333,678.8199999999999,3,3,3,0.375,0.9999996666667778,0.004419433716715133,0.6666664444445185,0,0.0,0.3749999531250059,0.49999991666668053,1
47,0.0,1,0,1,286.09,286.09,1,0,2,0.25,1.9999980000020001,0.006990807064242697,0.9999990000010001,0,0.0,0.0,0.0,0
73,0.0,0,0,1,332.5,332.5,1,1,6,0.6666666666666666,5.999994000006001,0.01804511272768387,0.9999990000010001,0,0.0,0.11111109876543349,0.499999750000125,1
37,1.0,0,1,2,549.785,1099.57,2,2,3,0.3333333333333333,1.499999250000375,0.002728339257411225,0.99999950000025,0,0.0,0.22222219753086697,0.49999987500003124,1
32,0.0,0,1,0,0.0,0.0,0,0,1,0.1111111111111111,1000000.0,1000000.0,0.0,0,0.0,0.0,0.0,0
38,0.0,1,1,2,380.145,760.29,2,3,2,0.25,0.99999950000025,0.002630575171802108,0.499999750000125,0,0.0,0.24999996875000394,0.599999880000024,1
32,0.0,0,1,3,434.50333333333333,1303.51,3,3,1,0.125,0.33333322222225925,0.000767159438157621,0.33333322222225925,0,0.0,0.3749999531250059,0.49999991666668053,4
29,0.0,1,1,2,1252.88,3758.6400000000003,3,2,3,0.375,0.9999996666667778,0.0007981610367584656,1.9999993333335555,1,0.199999960000008,0.24999996875000394,0.399999920000016,7
45,0.0,1,1,2,200.47,400.94,2,2,2,0.25,0.99999950000025,0.004988277535321301,0.499999750000125,0,0.0,0.24999996875000394,0.49999987500003124,1
35,0.0,1,1,0,0.0,0.0,0,1,3,0.3333333333333333,3000000.0,3000000.0,0.0,0,0.0,0.0,0.9999990000010001,6
51,0.0,1,1,2,529.595,1059.19,2,3,2,0.25,0.99999950000025,0.0018882353478712642,0.499999750000125,0,0.0,0.24999996875000394,0.599999880000024,1
33,0.0,0,0,3,419.1366666666666,1257.4099999999999,3,4,0,0.0,0.0,0.0,0.33333322222225925,0,0.0,0.33333329629630043,0.57142848979593,4
42,0.0,1,1,0,0.0,0.0,0,0,0,0.0,0.0,0.0,0.0,0,0.0,0.0,0.0,0
41,0.0,0,0,0,0.0,0.0,0,0,3,0.375,3000000.0,3000000.0,0.0,0,0.0,0.0,0.0,3
42,0.0,0,0,3,136.13,408.39,3,3,1,0.1,0.33333322222225925,0.002448639774606039,0.33333322222225925,0,0.0,0.299999970000003,0.49999991666668053,4
52,1.0,0,0,2,324.36333333333334,973.09,3,3,1,0.125,0.33333322222225925,0.0010276541727613539,0.33333322222225925,0,0.0,0.3749999531250059,0.49999991666668053,4
22,0.0,1,0,0,0.0,0.0,0,1,2,0.2222222222222222,2000000.0,2000000.0,0.0,0,0.0,0.0,0.9999990000010001,6
32,0.0,0,0,3,694.4133333333333,2083.24,3,1,2,0.25,0.6666664444445185,0.0009600430094660036,0.33333322222225925,0,0.0,0.12499998437500197,0.24999993750001562,1
44,0.0,0,0,4,763.5675,3054.27,4,3,3,0.375,0.7499998125000469,0.000982231433048738,0.24999993750001562,0,0.0,0.3749999531250059,0.4285713673469475,1
45,0.0,0,0,4,480.39,1921.56,4,4,2,0.2222222222222222,0.49999987500003124,0.0010408209990628338,0.7499998125000469,0,0.0,0.44444439506173394,0.4999999375000079,4
27,0.0,1,1,0,0.0,0.0,0,1,1,0.125,1000000.0,1000000.0,0.0,0,0.0,0.0,0.9999990000010001,6
51,0.0,1,0,2,286.1175,1144.47,4,4,4,0.5,0.9999997500000625,0.0034950675828155668,0.7499998125000469,1,0.12499998437500197,0.4999999375000079,0.4999999375000079,7
50,0.0,1,0,2,681.1333333333333,2043.4,3,3,1,0.125,0.33333322222225925,0.0004893804441179502,0.9999996666667778,1,0.16666663888889352,0.24999996875000394,0.49999991666668053,7
54,0.0,1,0,1,628.0,628.0,1,2,3,0.375,2.9999970000030003,0.0047770700560874685,0.9999990000010001,0,0.0,0.12499998437500197,0.6666664444445185,1
41,0.0,1,0,3,362.64333333333326,1087.9299999999998,3,3,2,0.2222222222222222,0.6666664444445185,0.0018383535688524506,0.0,0,0.0,0.33333329629630043,0.49999991666668053,1
50,0.0,1,0,3,506.14000000000004,1518.42,3,3,2,0.25,0.6666664444445185,0.001317158624545805,0.33333322222225925,0,0.0,0.3749999531250059,0.49999991666668053,1
39,0.0,0,0,4,686.83,2747.32,4,4,1,0.125,0.24999993750001562,0.00036399108936563954,0.49999987500003124,0,0.0,0.4999999375000079,0.4999999375000079,4
58,0.0,1,1,1,956.27,956.27,1,4,3,0.3333333333333333,2.9999970000030003,0.0031371892842636607,0.0,0,0.0,0.11111109876543349,0.799999840000032,1
44,0.0,1,0,3,865.9875,3463.95,4,4,2,0.2222222222222222,0.49999987500003124,0.0005773755393185885,0.24999993750001562,0,0.0,0.44444439506173394,0.4999999375000079,4
38,0.0,0,1,3,352.8225,1411.29,4,5,2,0.25,0.49999987500003124,0.001417143180057151,0.49999987500003124,0,0.0,0.4999999375000079,0.5555554938271674,4
37,0.0,0,0,1,234.54,234.54,1,1,3,0.375,2.9999970000030003,0.012790995084885329,0.0,0,0.0,0.12499998437500197,0.499999750000125,1
59,0.0,1,0,2,443.31500000000005,886.6300000000001,2,2,1,0.1111111111111111,0.499999750000125,0.0011278661886831415,0.499999750000125,0,0.0,0.22222219753086697,0.49999987500003124,2
86,1.0,1,0,0,0.0,0.0,0,1,2,0.25,2000000.0,2000000.0,0.0,0,0.0,0.0,0.9999990000010001,6
72,0.0,0,0,1,117.16,117.16,1,1,1,0.125,0.9999990000010001,0.00853533621939795,0.9999990000010001,0,0.0,0.12499998437500197,0.499999750000125,2
52,1.0,0,0,3,639.47,1918.41,3,5,0,0.0,0.0,0.0,0.9999996666667778,0,0.0,0.24999996875000394,0.6249999218750099,4
18,1.0,0,0,2,408.16499999999996,816.3299999999999,2,3,1,0.125,0.499999750000125,0.0012249947922715143,0.499999750000125,0,0.0,0.24999996875000394,0.599999880000024,2
40,0.0,1,0,4,378.555,1514.22,4,5,1,0.125,0.24999993750001562,0.0006604060171834964,0.49999987500003124,0,0.0,0.4999999375000079,0.5555554938271674,4
56,0.0,0,0,3,632.5725,2530.29,4,5,4,0.5,0.9999997500000625,0.0015808464636145082,0.49999987500003124,1,0.11111109876543349,0.4999999375000079,0.5555554938271674,7
33,1.0,0,0,1,398.97,398.97,1,2,2,0.2222222222222222,1.9999980000020001,0.005012908226150066,0.0,0,0.0,0.11111109876543349,0.6666664444445185,1
47,1.0,1,0,3,465.29333333333335,1395.88,3,3,2,0.2222222222222222,0.6666664444445185,0.0014327879177058285,1.333332888889037,0,0.0,0.33333329629630043,0.49999991666668053,1
39,0.0,0,0,5,290.672,1453.3600000000001,5,5,2,0.25,0.399999920000016,0.0013761215381074738,0.399999920000016,0,0.0,0.6249999218750099,0.499999950000005,4
49,1.0,1,1,1,382.98,382.98,1,1,1,0.125,0.9999990000010001,0.0026111024006185636,0.0,0,0.0,0.0,0.499999750000125,2
32,0.0,0,0,2,365.97,731.94,2,2,1,0.125,0.499999750000125,0.0013662322029589415,0.99999950000025,0,0.0,0.24999996875000394,0.49999987500003124,2
32,0.0,0,0,3,287.6333333333333,1725.8,6,6,2,0.25,0.33333327777778704,0.00115888283627368,0.49999991666668053,1,0.08333332638888948,0.7499999062500118,0.4999999583333368,7
53,0.0,1,1,2,674.4933333333333,2023.48,3,3,0,0.0,0.0,0.0,0.33333322222225925,0,0.0,0.3749999531250059,0.49999991666668053,2
27,0.0,0,0,0,0.0,0.0,0,0,0,0.0,0.0,0.0,0.0,0,0.0,0.0,0.0,0
18,0.0,0,0,0,0.0,0.0,0,0,4,0.5,4000000.0,4000000.0,0.0,0,0.0,0.0,0.0,3
38,0.0,0,0,2,305.445,610.89,2,2,0,0.0,0.0,0.0,0.0,0,0.0,0.22222219753086697,0.49999987500003124,2
27,0.0,0,0,1,686.15,686.15,1,1,0,0.0,0.0,0.0,0.9999990000010001,0,0.0,0.12499998437500197,0.499999750000125,2
33,0.0,0,0,3,151.095,604.38,4,4,1,0.125,0.24999993750001562,0.0016545881702660773,0.49999987500003124,0,0.0,0.4999999375000079,0.4999999375000079,4
39,0.0,1,1,3,444.8666666666666,1334.6,3,3,1,0.1111111111111111,0.33333322222225925,0.0007492881756711462,0.33333322222225925,0,0.0,0.33333329629630043,0.49999991666668053,4
56,0.0,0,0,1,628.5733333333334,1885.72,4,6,2,0.2222222222222222,0.49999987500003124,0.0010606028460956012,0.0,1,0.09999999000000101,0.44444439506173394,0.599999940000006,7
29,0.0,0,1,2,1659.8633333333335,4979.59,3,2,2,0.2,0.6666664444445185,0.0004016394923273523,0.0,1,0.199999960000008,0.19999998000000202,0.399999920000016,7
34,0.0,0,1,3,123.6125,494.45,4,4,1,0.125,0.24999993750001562,0.002022449181873902,0.7499998125000469,0,0.0,0.4999999375000079,0.4999999375000079,4
51,0.0,0,0,2,323.0833333333333,969.25,3,3,0,0.0,0.0,0.0,0.6666664444445185,0,0.0,0.3749999531250059,0.49999991666668053,2
46,0.0,1,1,4,242.86,971.44,4,6,2,0.25,0.49999987500003124,0.002058799306124105,0.49999987500003124,0,0.0,0.4999999375000079,0.599999940000006,4
43,0.0,0,1,3,281.105,1124.42,4,3,3,0.3333333333333333,0.7499998125000469,0.002668042188267691,0.7499998125000469,1,0.1428571224489825,0.33333329629630043,0.4285713673469475,7
46,0.0,0,0,2,468.89,937.78,2,3,3,0.375,1.499999250000375,0.0031990445486158327,0.499999750000125,0,0.0,0.12499998437500197,0.599999880000024,1
40,1.0,0,0,5,1095.3883333333333,6572.33,6,5,2,0.25,0.33333327777778704,0.0003043060831844557,0.6666665555555741,1,0.09090908264462885,0.6249999218750099,0.4545454132231443,7
41,0.0,0,0,2,398.4225,1593.69,4,5,0,0.0,0.0,0.0,0.9999997500000625,0,0.0,0.4999999375000079,0.5555554938271674,4
36,0.0,0,0,5,314.65,1573.25,5,5,1,0.125,0.199999960000008,0.0006356268866132993,0.799999840000032,0,0.0,0.4999999375000079,0.499999950000005,4
47,1.0,0,0,2,2108.07,6324.21,3,3,4,0.5,1.333332888889037,0.0006324900658528906,0.9999996666667778,1,0.16666663888889352,0.24999996875000394,0.49999991666668053,7
64,0.0,1,1,0,0.0,0.0,0,0,1,0.125,1000000.0,1000000.0,0.0,0,0.0,0.0,0.0,0
46,0.0,1,0,4,546.335,2185.34,4,3,3,0.375,0.7499998125000469,0.0013727840970408339,0.49999987500003124,0,0.0,0.3749999531250059,0.4285713673469475,1
53,0.0,1,1,3,769.8233333333334,2309.4700000000003,3,3,2,0.25,0.6666664444445185,0.0008659995579652476,0.33333322222225925,0,0.0,0.24999996875000394,0.49999991666668053,1
56,0.0,1,0,3,339.17,1017.51,3,4,3,0.375,0.9999996666667778,0.002948373968856941,0.9999996666667778,0,0.0,0.3749999531250059,0.57142848979593,1
52,0.0,0,0,4,302.848,1514.24,5,4,3,0.3333333333333333,0.599999880000024,0.001981191883729665,0.199999960000008,0,0.0,0.44444439506173394,0.44444439506173394,4
36,0.0,0,1,1,231.85,231.85,1,2,0,0.0,0.0,0.0,0.9999990000010001,0,0.0,0.12499998437500197,0.6666664444445185,2
25,0.0,0,0,0,0.0,0.0,0,1,1,0.1111111111111111,1000000.0,1000000.0,0.0,0,0.0,0.0,0.9999990000010001,6
38,0.0,0,0,5,266.356,1331.78,5,5,1,0.125,0.199999960000008,0.0007508747685421955,0.599999880000024,0,0.0,0.4999999375000079,0.499999950000005,4
61,0.0,1,0,2,447.58,1342.74,3,4,1,0.1111111111111111,0.33333322222225925,0.0007447458176975841,0.33333322222225925,0,0.0,0.33333329629630043,0.57142848979593,4
50,0.0,0,1,1,455.01,455.01,1,3,2,0.2222222222222222,1.9999980000020001,0.004395507781377315,0.0,0,0.0,0.11111109876543349,0.7499998125000469,1
39,0.0,0,1,2,208.695,417.39,2,1,0,0.0,0.0,0.0,0.499999750000125,0,0.0,0.12499998437500197,0.33333322222225925,2
40,0.0,1,0,2,690.8399999999999,1381.6799999999998,2,1,1,0.1111111111111111,0.499999750000125,0.0007237565856611107,0.99999950000025,0,0.0,0.11111109876543349,0.33333322222225925,2
43,0.0,1,0,2,95.11500000000001,190.23000000000002,2,3,1,0.125,0.499999750000125,0.005256794379136864,0.99999950000025,0,0.0,0.24999996875000394,0.599999880000024,2
37,1.0,0,0,3,288.848,1444.24,5,5,4,0.5,0.799999840000032,0.0027696227754600185,0.599999880000024,1,0.09999999000000101,0.6249999218750099,0.499999950000005,7
60,0.0,1,1,0,0.0,0.0,0,1,3,0.3333333333333333,3000000.0,3000000.0,0.0,0,0.0,0.0,0.9999990000010001,6
44,0.0,1,1,2,424.475,848.95,2,2,1,0.1111111111111111,0.499999750000125,0.0011779256715025318,0.499999750000125,0,0.0,0.22222219753086697,0.49999987500003124,2
40,0.0,0,1,3,163.0525,652.21,4,4,1,0.125,0.24999993750001562,0.001533248491232504,0.9999997500000625,0,0.0,0.4999999375000079,0.4999999375000079,4
45,1.0,0,0,2,618.6,1237.2,2,3,1,0.14285714285714285,0.499999750000125,0.0008082767533072447,1.499999250000375,0,0.0,0.1428571224489825,0.599999880000024,2
44,0.0,1,0,4,321.97,1287.88,4,4,1,0.125,0.24999993750001562,0.0007764698568372286,0.7499998125000469,0,0.0,0.4999999375000079,0.4999999375000079,4
47,1.0,0,0,4,291.81,1167.24,4,6,4,0.4444444444444444,0.9999997500000625,0.0034268873552766458,0.49999987500003124,0,0.0,0.44444439506173394,0.599999940000006,1
37,0.0,0,1,0,0.0,0.0,0,0,0,0.0,0.0,0.0,0.0,0,0.0,0.0,0.0,0
71,0.0,1,0,0,0.0,0.0,0,0,2,0.25,2000000.0,2000000.0,0.0,0,0.0,0.0,0.0,3
46,1.0,1,0,4,283.63,1134.52,4,4,2,0.25,0.49999987500003124,0.0017628600626142684,0.49999987500003124,0,0.0,0.3749999531250059,0.4999999375000079,4
51,0.0,1,0,3,324.22999999999996,972.6899999999999,3,1,2,0.25,0.6666664444445185,0.0020561535514334955,0.9999996666667778,0,0.0,0.12499998437500197,0.24999993750001562,1
42,0.0,0,0,3,550.5266666666666,1651.58,3,3,1,0.125,0.33333322222225925,0.0006054808119464508,0.33333322222225925,0,0.0,0.3749999531250059,0.49999991666668053,4
49,0.0,1,0,4,506.895,2027.58,4,4,3,0.375,0.7499998125000469,0.0014795963653815897,0.49999987500003124,0,0.0,0.3749999531250059,0.4999999375000079,1
44,0.0,0,1,5,363.3,1816.5,5,4,3,0.375,0.599999880000024,0.0016515276621791755,0.599999880000024,0,0.0,0.4999999375000079,0.44444439506173394,4
40,0.0,0,1,3,157.76333333333332,473.28999999999996,3,3,0,0.0,0.0,0.0,0.0,0,0.0,0.24999996875000394,0.49999991666668053,2
52,0.0,0,0,1,367.9,367.9,1,2,3,0.375,2.9999970000030003,0.008154389757666785,0.0,0,0.0,0.12499998437500197,0.6666664444445185,1
42,1.0,0,0,5,325.216,1626.08,5,4,0,0.0,0.0,0.0,0.799999840000032,0,0.0,0.44444439506173394,0.44444439506173394,4
25,0.0,0,0,0,0.0,0.0,0,1,0,0.0,0.0,0.0,0.0,0,0.0,0.0,0.9999990000010001,2
34,0.0,1,1,4,161.23,806.15,5,4,3,0.3333333333333333,0.599999880000024,0.0037213917959171474,1.199999760000048,1,0.11111109876543349,0.44444439506173394,0.44444439506173394,7
19,1.0,0,1,1,571.03,571.03,1,1,1,0.125,0.9999990000010001,0.001751221473913417,0.0,0,0.0,0.12499998437500197,0.499999750000125,2
67,0.0,1,0,1,378.52,378.52,1,1,3,0.375,2.9999970000030003,0.007925604966909002,0.9999990000010001,0,0.0,0.12499998437500197,0.499999750000125,1
46,1.0,0,0,1,536.855,1073.71,2,2,1,0.125,0.499999750000125,0.0009313501774861458,0.499999750000125,0,0.0,0.24999996875000394,0.49999987500003124,2
39,0.0,1,1,1,628.62,628.62,1,2,0,0.0,0.0,0.0,0.9999990000010001,0,0.0,0.11111109876543349,0.6666664444445185,2
40,0.0,0,0,6,513.11,3078.6600000000003,6,6,0,0.0,0.0,0.0,0.6666665555555741,0,0.0,0.7499999062500118,0.4999999583333368,4
57,0.0,1,0,3,295.29333333333335,885.8800000000001,3,3,1,0.1111111111111111,0.33333322222225925,0.001128821058011445,0.33333322222225925,0,0.0,0.33333329629630043,0.49999991666668053,4
33,0.0,0,0,0,0.0,0.0,0,0,2,0.25,2000000.0,2000000.0,0.0,0,0.0,0.0,0.0,3
41,0.0,0,0,5,320.62,1603.1000000000001,5,4,1,0.125,0.199999960000008,0.0006237914037653349,0.399999920000016,0,0.0,0.4999999375000079,0.44444439506173394,4
23,0.0,1,1,0,0.0,0.0,0,2,4,0.5,4000000.0,4000000.0,0.0,0,0.0,0.0,0.99999950000025,6
46,0.0,1,0,4,277.4975,1109.99,5,5,3,0.375,0.599999880000024,0.002702727049160148,0.399999920000016,1,0.09999999000000101,0.4999999375000079,0.499999950000005,7
30,0.0,0,0,1,518.345,1036.69,2,2,3,0.375,1.499999250000375,0.0028938255381128148,0.99999950000025,0,0.0,0.24999996875000394,0.49999987500003124,1
50,0.0,1,0,4,413.73,1654.92,4,4,1,0.1111111111111111,0.24999993750001562,0.0006042588157709986,0.24999993750001562,0,0.0,0.44444439506173394,0.4999999375000079,4
30,0.0,0,0,3,451.3233333333333,1353.97,3,3,1,0.125,0.33333322222225925,0.0007385688008312083,0.9999996666667778,0,0.0,0.3749999531250059,0.49999991666668053,4
45,0.0,1,0,2,328.085,656.17,2,3,1,0.125,0.499999750000125,0.0015239953037718957,0.99999950000025,0,0.0,0.24999996875000394,0.599999880000024,2
48,0.0,0,1,2,338.9,677.8,2,2,0,0.0,0.0,0.0,0.499999750000125,0,0.0,0.24999996875000394,0.49999987500003124,2
50,0.0,0,1,4,324.1,1296.4,4,4,2,0.25,0.49999987500003124,0.0015427337229691961,0.7499998125000469,0,0.0,0.3749999531250059,0.4999999375000079,4
55,1.0,0,0,4,390.755,1563.02,4,3,0,0.0,0.0,0.0,0.49999987500003124,0,0.0,0.3749999531250059,0.4285713673469475,4
43,0.0,0,0,3,618.9866666666667,1856.96,3,5,4,0.4444444444444444,1.333332888889037,0.0021540582445749726,0.33333322222225925,0,0.0,0.33333329629630043,0.6249999218750099,1
71,0.0,1,0,0,0.0,0.0,0,0,2,0.25,2000000.0,2000000.0,0.0,0,0.0,0.0,0.0,3
46,0.0,1,1,1,711.26,711.26,1,0,2,0.25,1.9999980000020001,0.0028119112521273358,0.9999990000010001,0,0.0,0.0,0.0,0
50,0.0,0,0,2,260.015,520.03,2,3,3,0.3333333333333333,1.499999250000375,0.005768897937101902,0.499999750000125,0,0.0,0.22222219753086697,0.599999880000024,1
43,1.0,0,0,6,323.6033333333333,1941.62,6,4,1,0.125,0.16666663888889352,0.0005150338374578786,0.6666665555555741,0,0.0,0.4999999375000079,0.39999996000000404,4
45,0.0,0,0,1,189.32,189.32,1,1,0,0.0,0.0,0.0,0.9999990000010001,0,0.0,0.1428571224489825,0.499999750000125,2
46,0.0,1,0,3,373.75666666666666,1121.27,3,4,3,0.3333333333333333,0.9999996666667778,0.002675537557701947,0.33333322222225925,0,0.0,0.22222219753086697,0.57142848979593,1
38,1.0,0,1,2,325.23,650.46,2,1,0,0.0,0.0,0.0,0.499999750000125,0,0.0,0.11111109876543349,0.33333322222225925,2
51,0.0,1,0,4,473.265,1893.06,4,4,2,0.2222222222222222,0.49999987500003124,0.0010564905491339469,0.7499998125000469,0,0.0,0.44444439506173394,0.4999999375000079,4
30,0.0,0,0,2,349.12,698.24,2,3,2,0.2222222222222222,0.99999950000025,0.0028643446338446027,0.99999950000025,0,0.0,0.22222219753086697,0.599999880000024,1
54,0.0,0,0,4,419.3500000000001,2516.1000000000004,6,5,1,0.125,0.16666663888889352,0.0003974404831296687,0.6666665555555741,1,0.09090908264462885,0.6249999218750099,0.4545454132231443,7
44,0.0,1,1,5,530.3779999999999,2651.89,5,4,2,0.25,0.399999920000016,0.0007541790946252752,0.799999840000032,0,0.0,0.4999999375000079,0.44444439506173394,4
40,1.0,0,1,3,530.99,1592.97,3,3,1,0.125,0.33333322222225925,0.0006277582122527365,0.33333322222225925,0,0.0,0.3749999531250059,0.49999991666668053,4
39,0.0,0,1,3,359.3275,1437.31,4,3,2,0.25,0.49999987500003124,0.0013914882653070749,0.24999993750001562,1,0.1428571224489825,0.3749999531250059,0.4285713673469475,7
43,0.0,1,0,3,284.96666666666664,854.9,3,2,1,0.125,0.33333322222225925,0.0011697274521350715,0.6666664444445185,0,0.0,0.24999996875000394,0.399999920000016,2
24,0.0,0,1,2,190.95,381.9,2,2,2,0.25,0.99999950000025,0.005236973015875955,0.99999950000025,0,0.0,0.24999996875000394,0.49999987500003124,1
35,0.0,0,0,2,429.9,859.8,2,2,1,0.125,0.499999750000125,0.0011630611756652,0.0,0,0.0,0.24999996875000394,0.49999987500003124,2
65,0.0,1,1,2,808.1700000000001,2424.51,3,2,1,0.1111111111111111,0.33333322222225925,0.00041245447516716595,2.9999990000003334,1,0.199999960000008,0.22222219753086697,0.399999920000016,7
47,0.0,0,0,3,296.5466666666667,889.64,3,4,1,0.125,0.33333322222225925,0.0011240501763364393,0.33333322222225925,0,0.0,0.3749999531250059,0.57142848979593,4
28,0.0,0,0,0,0.0,0.0,0,0,1,0.125,1000000.0,1000000.0,0.0,0,0.0,0.0,0.0,0
45,0.0,1,0,1,209.51,209.51,1,1,1,0.125,0.9999990000010001,0.0047730418367951805,0.9999990000010001,0,0.0,0.12499998437500197,0.499999750000125,2
31,0.0,0,0,2,259.385,518.77,2,2,1,0.125,0.499999750000125,0.0019276365211410905,0.499999750000125,0,0.0,0.24999996875000394,0.49999987500003124,2
31,0.0,0,0,3,354.7166666666667,1064.15,3,2,1,0.125,0.33333322222225925,0.0009397171442562446,0.33333322222225925,0,0.0,0.12499998437500197,0.399999920000016,2
48,0.0,1,0,3,1280.5,5122.0,4,4,2,0.25,0.49999987500003124,0.0003904724716145114,1.249999687500078,1,0.12499998437500197,0.4999999375000079,0.4999999375000079,7
39,0.0,0,0,3,668.22,2672.88,4,2,1,0.1,0.24999993750001562,0.0003741282809650533,0.24999993750001562,0,0.0,0.19999998000000202,0.33333327777778704,4
52,0.0,1,1,0,0.0,0.0,0,0,1,0.125,1000000.0,1000000.0,0.0,0,0.0,0.0,0.0,0
51,0.0,0,0,4,365.25,1461.0,4,4,1,0.125,0.24999993750001562,0.0006844626963145361,0.24999993750001562,0,0.0,0.4999999375000079,0.4999999375000079,4
72,0.0,1,0,0,0.0,0.0,0,1,2,0.25,2000000.0,2000000.0,0.0,0,0.0,0.0,0.9999990000010001,6
43,0.0,0,0,2,445.915,891.83,2,3,2,0.25,0.99999950000025,0.00224257986136082,0.99999950000025,0,0.0,0.24999996875000394,0.599999880000024,1
54,0.0,1,0,3,292.7133333333333,878.14,3,2,0,0.0,0.0,0.0,0.6666664444445185,0,0.0,0.24999996875000394,0.399999920000016,2
53,0.0,1,0,3,449.2525,1797.01,4,4,4,0.4444444444444444,0.9999997500000625,0.002225919720966539,0.49999987500003124,0,0.0,0.44444439506173394,0.4999999375000079,1
55,0.0,0,0,3,188.0025,752.01,4,4,0,0.0,0.0,0.0,0.7499998125000469,0,0.0,0.3749999531250059,0.4999999375000079,4
57,0.0,1,1,4,646.4749999999999,2585.8999999999996,4,4,2,0.25,0.49999987500003124,0.0007734251128143297,0.49999987500003124,0,0.0,0.3749999531250059,0.4999999375000079,4
58,0.0,1,0,0,0.0,0.0,0,0,0,0.0,0.0,0.0,0.0,0,0.0,0.0,0.0,0
18,0.0,0,0,0,0.0,0.0,0,3,1,0.125,1000000.0,1000000.0,0.0,0,0.0,0.0,0.9999996666667778,6
31,0.0,1,0,2,203.485,406.97,2,3,1,0.125,0.499999750000125,0.0024571835701472254,0.499999750000125,0,0.0,0.24999996875000394,0.599999880000024,2
44,0.0,0,0,3,857.02,2571.06,3,3,0,0.0,0.0,0.0,0.9999996666667778,0,0.0,0.3749999531250059,0.49999991666668053,4
40,0.0,0,0,2,448.59999999999997,897.1999999999999,2,4,0,0.0,0.0,0.0,0.499999750000125,0,0.0,0.24999996875000394,0.6666665555555741,2
66,0.0,0,1,0,0.0,0.0,0,1,1,0.125,1000000.0,1000000.0,0.0,0,0.0,0.0,0.9999990000010001,6
47,0.0,1,0,2,944.15,1888.3,2,2,2,0.25,0.99999950000025,0.0010591537356039009,0.0,0,0.0,0.24999996875000394,0.49999987500003124,1
21,0.0,0,0,1,72.66,72.66,1,2,0,0.0,0.0,0.0,0.9999990000010001,0,0.0,0.12499998437500197,0.6666664444445185,2
42,0.0,1,0,4,467.015,1868.06,4,2,2,0.25,0.49999987500003124,0.0010706294224646802,0.7499998125000469,0,0.0,0.24999996875000394,0.33333327777778704,1
41,0.0,1,1,3,446.09999999999997,1338.3,3,3,0,0.0,0.0,0.0,0.33333322222225925,0,0.0,0.33333329629630043,0.49999991666668053,2
55,1.0,1,1,3,530.79,1592.37,3,3,1,0.125,0.33333322222225925,0.0006279947495695129,0.9999996666667778,0,0.0,0.3749999531250059,0.49999991666668053,4
29,0.0,0,1,2,334.16499999999996,668.3299999999999,2,2,1,0.125,0.499999750000125,0.0014962668120595114,0.0,0,0.0,0.24999996875000394,0.49999987500003124,2
41,1.0,0,0,2,207.755,415.51,2,3,2,0.25,0.99999950000025,0.00481336188102967,0.99999950000025,0,0.0,0.24999996875000394,0.599999880000024,1
46,0.0,1,0,4,287.98,1151.92,4,3,3,0.375,0.7499998125000469,0.0026043475218727446,0.49999987500003124,0,0.0,0.3749999531250059,0.4285713673469475,1
66,0.0,1,0,1,679.22,679.22,1,2,0,0.0,0.0,0.0,0.0,0,0.0,0.12499998437500197,0.6666664444445185,2
54,1.0,0,0,2,80.69,161.38,2,2,4,0.5,1.9999990000005,0.024786218708723395,0.0,0,0.0,0.24999996875000394,0.49999987500003124,1
49,0.0,0,0,4,328.37399999999997,1641.87,5,6,1,0.1111111111111111,0.199999960000008,0.0006090616183930142,0.99999980000004,1,0.09090908264462885,0.5555554938271674,0.5454544958677732,7
42,0.0,0,0,3,218.04000000000002,872.1600000000001,4,3,0,0.0,0.0,0.0,0.24999993750001562,0,0.0,0.24999996875000394,0.4285713673469475,4
36,0.0,0,0,5,352.92,2117.52,6,6,0,0.0,0.0,0.0,0.49999991666668053,0,0.0,0.7499999062500118,0.4999999583333368,4
33,0.0,0,0,3,399.3566666666666,1198.07,3,3,0,0.0,0.0,0.0,0.33333322222225925,0,0.0,0.3749999531250059,0.49999991666668053,4
37,0.0,0,0,2,384.30499999999995,768.6099999999999,2,2,3,0.375,1.499999250000375,0.003903149836844239,0.99999950000025,0,0.0,0.24999996875000394,0.49999987500003124,1
52,0.0,1,0,3,1843.5525000000002,7374.210000000001,4,4,2,0.25,0.49999987500003124,0.0002712154928770382,0.9999997500000625,1,0.12499998437500197,0.4999999375000079,0.4999999375000079,7
32,1.0,0,1,3,265.1033333333333,795.31,3,3,1,0.1111111111111111,0.33333322222225925,0.0012573713378967054,0.6666664444445185,0,0.0,0.33333329629630043,0.49999991666668053,4
26,1.0,0,0,2,677.75,1355.5,2,3,0,0.0,0.0,0.0,0.499999750000125,0,0.0,0.24999996875000394,0.599999880000024,2
26,0.0,0,0,1,591.51,591.51,1,1,1,0.125,0.9999990000010001,0.0016905884909966214,0.9999990000010001,0,0.0,0.12499998437500197,0.499999750000125,2
56,0.0,1,0,2,169.46499999999997,338.92999999999995,2,2,0,0.0,0.0,0.0,0.0,0,0.0,0.24999996875000394,0.49999987500003124,2
43,0.0,0,0,4,278.896,1394.48,5,5,1,0.125,0.199999960000008,0.0007171131886315234,0.599999880000024,0,0.0,0.4999999375000079,0.499999950000005,4
49,0.0,0,0,1,610.3,610.3,1,1,3,0.3333333333333333,2.9999970000030003,0.004915615263123685,0.9999990000010001,0,0.0,0.0,0.499999750000125,1
19,0.0,0,0,0,0.0,0.0,0,1,2,0.25,2000000.0,2000000.0,0.0,0,0.0,0.0,0.9999990000010001,6
58,0.0,1,0,2,707.5450000000001,1415.0900000000001,2,2,5,0.5555555555555556,2.499998750000625,0.0035333441664252133,0.99999950000025,0,0.0,0.11111109876543349,0.49999987500003124,1
59,0.0,1,0,1,252.47,252.47,1,2,3,0.3,2.9999970000030003,0.01188259986579554,0.0,0,0.0,0.09999999000000101,0.6666664444445185,1
48,0.0,1,0,3,893.1366666666667,2679.41,3,2,1,0.125,0.33333322222225925,0.0003732164915510443,0.33333322222225925,0,0.0,0.24999996875000394,0.399999920000016,2
57,0.0,1,0,2,126.19,252.38,2,3,1,0.125,0.499999750000125,0.0039622790872403555,0.99999950000025,0,0.0,0.24999996875000394,0.599999880000024,2
38,0.0,1,1,1,460.36,460.36,1,1,2,0.25,1.9999980000020001,0.004344426091874997,0.9999990000010001,0,0.0,0.12499998437500197,0.499999750000125,1
18,0.0,0,1,1,373.98,373.98,1,1,1,0.1111111111111111,0.9999990000010001,0.0026739397757261354,0.9999990000010001,0,0.0,0.11111109876543349,0.499999750000125,2
36,0.0,0,1,0,0.0,0.0,0,2,1,0.125,1000000.0,1000000.0,0.0,0,0.0,0.0,0.99999950000025,6
33,0.0,0,0,2,313.03,626.06,2,2,3,0.375,1.499999250000375,0.004791872975766104,0.499999750000125,0,0.0,0.24999996875000394,0.49999987500003124,1
42,1.0,0,0,2,375.28499999999997,750.5699999999999,2,3,3,0.3333333333333333,1.499999250000375,0.003996962303320194,0.99999950000025,0,0.0,0.22222219753086697,0.599999880000024,1
38,0.0,0,0,5,451.05333333333334,2706.32,6,6,2,0.25,0.33333327777778704,0.0007390109075279305,0.8333331944444675,1,0.08333332638888948,0.7499999062500118,0.4999999583333368,7
41,0.0,0,0,3,460.9766666666667,1382.93,3,2,0,0.0,0.0,0.0,0.33333322222225925,0,0.0,0.24999996875000394,0.399999920000016,2
19,1.0,0,0,0,0.0,0.0,0,0,1,0.125,1000000.0,1000000.0,0.0,0,0.0,0.0,0.0,0
33,0.0,0,0,2,109.53000000000002,328.59000000000003,3,3,2,0.25,0.6666664444445185,0.006086612477292028,0.6666664444445185,0,0.0,0.3749999531250059,0.49999991666668053,1
44,1.0,0,0,2,531.06,1062.12,2,2,3,0.375,1.499999250000375,0.0028245395973858513,0.0,0,0.0,0.24999996875000394,0.49999987500003124,1
29,0.0,1,0,2,3280.6666666666665,9842.0,3,2,3,0.375,0.9999996666667778,0.00030481609425880754,0.9999996666667778,1,0.199999960000008,0.24999996875000394,0.399999920000016,5
48,0.0,0,0,2,296.404,1482.02,5,6,0,0.0,0.0,0.0,1.199999760000048,0,0.0,0.5555554938271674,0.5454544958677732,4
41,0.0,1,0,2,194.73000000000002,389.46000000000004,2,1,2,0.25,0.99999950000025,0.005135315551955745,0.0,0,0.0,0.12499998437500197,0.33333322222225925,1
33,0.0,0,1,1,320.44,320.44,1,2,0,0.0,0.0,0.0,0.9999990000010001,0,0.0,0.12499998437500197,0.6666664444445185,2
43,0.0,0,1,3,538.4766666666667,1615.43,3,3,2,0.25,0.6666664444445185,0.001238060453725596,0.6666664444445185,0,0.0,0.3749999531250059,0.49999991666668053,1
44,1.0,1,1,3,788.1700000000001,2364.51,3,3,1,0.125,0.33333322222225925,0.00042292060493593996,0.6666664444445185,0,0.0,0.24999996875000394,0.49999991666668053,2
55,0.0,1,0,3,369.24333333333334,1107.73,3,2,2,0.25,0.6666664444445185,0.001805494116973004,0.9999996666667778,0,0.0,0.24999996875000394,0.399999920000016,1
31,0.0,0,0,1,594.68,594.68,1,1,0,0.0,0.0,0.0,0.0,0,0.0,0.12499998437500197,0.499999750000125,2
26,0.0,0,0,0,0.0,0.0,0,1,2,0.25,2000000.0,2000000.0,0.0,0,0.0,0.0,0.9999990000010001,6
76,0.0,1,0,1,170.0,170.0,1,0,2,0.25,1.9999980000020001,0.01176470581314879,0.9999990000010001,0,0.0,0.0,0.0,0
43,0.0,1,0,0,0.0,0.0,0,1,2,0.2222222222222222,2000000.0,2000000.0,0.0,0,0.0,0.0,0.9999990000010001,6
59,0.0,1,1,0,0.0,0.0,0,1,3,0.3333333333333333,3000000.0,3000000.0,0.0,0,0.0,0.0,0.9999990000010001,6
55,0.0,0,1,0,0.0,0.0,0,2,3,0.375,3000000.0,3000000.0,0.0,0,0.0,0.0,0.99999950000025,6
38,0.0,1,0,3,362.66,1087.98,3,3,0,0.0,0.0,0.0,0.6666664444445185,0,0.0,0.24999996875000394,0.49999991666668053,2
42,0.0,0,0,4,413.95,1655.8,4,4,2,0.25,0.49999987500003124,0.001207875346534681,0.24999993750001562,0,0.0,0.4999999375000079,0.4999999375000079,4
35,0.0,0,0,3,452.5,1357.5,3,2,1,0.125,0.33333322222225925,0.0007366482499177545,0.33333322222225925,0,0.0,0.24999996875000394,0.399999920000016,2
21,1.0,0,0,0,0.0,0.0,0,1,1,0.125,1000000.0,1000000.0,0.0,0,0.0,0.0,0.9999990000010001,6
31,0.0,0,0,2,507.5733333333333,1522.72,3,3,1,0.125,0.33333322222225925,0.0006567195540501736,0.6666664444445185,0,0.0,0.24999996875000394,0.49999991666668053,2
49,0.0,1,1,2,480.345,960.69,2,0,2,0.25,0.99999950000025,0.002081837010813231,0.499999750000125,0,0.0,0.0,0.0,0
23,1.0,0,0,1,729.63,729.63,1,1,0,0.0,0.0,0.0,0.9999990000010001,0,0.0,0.12499998437500197,0.499999750000125,2
44,0.0,1,1,0,0.0,0.0,0,2,2,0.25,2000000.0,2000000.0,0.0,0,0.0,0.0,0.99999950000025,6
43,0.0,0,1,1,524.7774999999999,2099.1099999999997,4,4,3,0.375,0.7499998125000469,0.0014291771267684035,0.24999993750001562,1,0.12499998437500197,0.3749999531250059,0.4999999375000079,7
47,0.0,0,0,2,272.685,545.37,2,2,3,0.375,1.499999250000375,0.005500852622071525,0.499999750000125,0,0.0,0.24999996875000394,0.49999987500003124,1
59,0.0,1,1,0,0.0,0.0,0,0,1,0.1111111111111111,1000000.0,1000000.0,0.0,0,0.0,0.0,0.0,0
47,0.0,1,0,5,369.142,1845.71,5,5,0,0.0,0.0,0.0,0.799999840000032,0,0.0,0.6249999218750099,0.499999950000005,4
39,1.0,1,1,3,465.10999999999996,1395.33,3,5,1,0.125,0.33333322222225925,0.0007166763412836559,0.6666664444445185,0,0.0,0.3749999531250059,0.6249999218750099,4
43,1.0,1,1,0,0.0,0.0,0,1,0,0.0,0.0,0.0,0.0,0,0.0,0.0,0.9999990000010001,2
47,0.0,1,0,1,374.71,374.71,1,3,2,0.2,1.9999980000020001,0.005337460955572414,0.9999990000010001,0,0.0,0.09999999000000101,0.7499998125000469,1
37,1.0,1,0,2,449.34000000000003,898.6800000000001,2,2,0,0.0,0.0,0.0,0.499999750000125,0,0.0,0.24999996875000394,0.49999987500003124,2
38,1.0,0,0,4,534.0925,2136.37,4,4,1,0.125,0.24999993750001562,0.00046808371187196805,0.7499998125000469,0,0.0,0.4999999375000079,0.4999999375000079,4
31,0.0,0,1,0,0.0,0.0,0,0,0,0.0,0.0,0.0,0.0,0,0.0,0.0,0.0,0
51,0.0,0,1,3,315.7233333333333,947.17,3,4,0,0.0,0.0,0.0,0.6666664444445185,0,0.0,0.3749999531250059,0.57142848979593,4
53,0.0,0,1,4,177.9425,711.77,4,3,1,0.1111111111111111,0.24999993750001562,0.0014049482256839312,0.7499998125000469,0,0.0,0.33333329629630043,0.4285713673469475,4
53,0.0,1,1,2,477.745,955.49,2,2,1,0.125,0.499999750000125,0.001046583427302658,0.99999950000025,0,0.0,0.12499998437500197,0.49999987500003124,2
52,0.0,1,0,4,406.6925,1626.77,4,4,0,0.0,0.0,0.0,0.49999987500003124,0,0.0,0.4999999375000079,0.4999999375000079,4
41,0.0,1,0,4,588.155,2352.62,4,2,1,0.125,0.24999993750001562,0.00042505802023911303,0.49999987500003124,0,0.0,0.24999996875000394,0.33333327777778704,4
37,0.0,0,0,2,818.49,1636.98,2,1,1,0.125,0.499999750000125,0.0006108810122231909,0.0,0,0.0,0.12499998437500197,0.33333322222225925,2
43,1.0,0,0,3,835.2200000000001,2505.6600000000003,3,3,1,0.125,0.33333322222225925,0.0003990964454877771,0.33333322222225925,0,0.0,0.3749999531250059,0.49999991666668053,4
52,0.0,1,1,0,0.0,0.0,0,0,2,0.2222222222222222,2000000.0,2000000.0,0.0,0,0.0,0.0,0.0,3
33,0.0,0,0,3,646.18,1938.54,3,4,1,0.125,0.33333322222225925,0.0005158521358775923,0.6666664444445185,0,0.0,0.3749999531250059,0.57142848979593,4
39,0.0,0,1,4,245.7825,983.13,4,4,1,0.14285714285714285,0.24999993750001562,0.001017159479400324,0.7499998125000469,0,0.0,0.57142848979593,0.4999999375000079,4
70,0.0,1,0,0,0.0,0.0,0,0,1,0.125,1000000.0,1000000.0,0.0,0,0.0,0.0,0.0,0
28,0.0,0,1,0,0.0,0.0,0,1,2,0.25,2000000.0,2000000.0,0.0,0,0.0,0.0,0.9999990000010001,6
51,0.0,1,0,3,318.9166666666667,956.75,3,1,1,0.125,0.33333322222225925,0.0010452051204126417,0.33333322222225925,0,0.0,0.12499998437500197,0.24999993750001562,2
48,1.0,1,0,5,517.138,2585.69,5,3,2,0.25,0.399999920000016,0.0007734879274880253,0.799999840000032,0,0.0,0.24999996875000394,0.3749999531250059,4
34,0.0,1,1,0,0.0,0.0,0,2,1,0.125,1000000.0,1000000.0,0.0,0,0.0,0.0,0.99999950000025,6
44,0.0,0,0,4,315.7175,1262.87,4,4,1,0.125,0.24999993750001562,0.0007918471412007197,0.0,0,0.0,0.4999999375000079,0.4999999375000079,4
41,0.0,0,0,3,446.94,1340.82,3,3,1,0.125,0.33333322222225925,0.0007458122635806355,0.33333322222225925,0,0.0,0.3749999531250059,0.49999991666668053,4
52,0.0,1,1,3,332.9066666666667,998.72,3,3,1,0.125,0.33333322222225925,0.001001281639497275,0.6666664444445185,0,0.0,0.3749999531250059,0.49999991666668053,4
29,1.0,1,1,3,176.35,529.05,3,2,0,0.0,0.0,0.0,0.6666664444445185,0,0.0,0.22222219753086697,0.399999920000016,2
33,0.0,0,0,2,232.90500000000003,465.81000000000006,2,2,0,0.0,0.0,0.0,0.499999750000125,0,0.0,0.24999996875000394,0.49999987500003124,2
33,0.0,0,0,2,335.88,671.76,2,3,0,0.0,0.0,0.0,0.99999950000025,0,0.0,0.24999996875000394,0.599999880000024,2
54,0.0,0,0,3,634.6333333333333,1903.9,3,5,1,0.125,0.33333322222225925,0.000525237669769821,0.33333322222225925,0,0.0,0.3749999531250059,0.6249999218750099,4
51,0.0,1,0,3,335.62,1342.48,4,3,1,0.125,0.24999993750001562,0.0007448900536731347,0.24999993750001562,0,0.0,0.3749999531250059,0.4285713673469475,4
49,0.0,1,1,1,372.54,372.54,1,1,2,0.25,1.9999980000020001,0.0053685510136668516,0.9999990000010001,0,0.0,0.12499998437500197,0.499999750000125,1
56,1.0,1,1,3,405.3633333333333,1216.09,3,3,1,0.125,0.33333322222225925,0.0008223075587972045,0.6666664444445185,0,0.0,0.3749999531250059,0.49999991666668053,4
26,0.0,0,1,0,0.0,0.0,0,1,1,0.125,1000000.0,1000000.0,0.0,0,0.0,0.0,0.9999990000010001,6
44,1.0,0,0,1,363.06,363.06,1,1,2,0.25,1.9999980000020001,0.005508731323999528,0.9999990000010001,0,0.0,0.12499998437500197,0.499999750000125,1
51,0.0,1,1,2,562.245,1124.49,2,2,2,0.25,0.99999950000025,0.001778584067640811,0.99999950000025,0,0.0,0.24999996875000394,0.49999987500003124,1
45,0.0,1,0,4,165.0875,660.35,4,3,2,0.25,0.49999987500003124,0.003028696898570914,0.9999997500000625,0,0.0,0.3749999531250059,0.4285713673469475,4
71,0.0,1,0,0,0.0,0.0,0,0,0,0.0,0.0,0.0,0.0,0,0.0,0.0,0.0,0
53,0.0,0,0,2,520.89,1041.78,2,2,2,0.25,0.99999950000025,0.001919791124882613,0.499999750000125,0,0.0,0.24999996875000394,0.49999987500003124,1
38,0.0,0,0,5,362.855,2177.13,6,5,3,0.375,0.49999991666668053,0.001377960892836918,0.49999991666668053,0,0.0,0.4999999375000079,0.4545454132231443,4
48,0.0,1,1,3,592.3933333333333,1777.18,3,3,2,0.2222222222222222,0.6666664444445185,0.0011253784078566163,0.6666664444445185,0,0.0,0.33333329629630043,0.49999991666668053,1
28,0.0,0,0,0,0.0,0.0,0,0,2,0.25,2000000.0,2000000.0,0.0,0,0.0,0.0,0.0,3
44,1.0,0,0,4,688.61,2754.44,4,4,3,0.3333333333333333,0.7499998125000469,0.0010891506073506228,0.24999993750001562,0,0.0,0.44444439506173394,0.4999999375000079,4
42,0.0,0,0,1,1162.31,2324.62,2,1,3,0.375,1.499999250000375,0.0012905335059964496,0.99999950000025,1,0.33333322222225925,0.12499998437500197,0.33333322222225925,7
52,0.0,1,1,1,88.12,88.12,1,2,0,0.0,0.0,0.0,1.9999980000020001,0,0.0,0.12499998437500197,0.6666664444445185,2
19,1.0,0,0,1,185.81,185.81,1,1,1,0.125,0.9999990000010001,0.005381841637253961,0.0,0,0.0,0.12499998437500197,0.499999750000125,2
57,0.0,0,0,3,311.8933333333333,935.68,3,3,2,0.25,0.6666664444445185,0.0021374828978523823,0.9999996666667778,0,0.0,0.3749999531250059,0.49999991666668053,1
38,0.0,0,0,5,431.962,2159.81,5,6,0,0.0,0.0,0.0,0.599999880000024,0,0.0,0.6249999218750099,0.5454544958677732,4
49,0.0,1,0,2,810.39,1620.78,2,2,1,0.1111111111111111,0.499999750000125,0.0006169868824781975,0.99999950000025,0,0.0,0.11111109876543349,0.49999987500003124,2
40,0.0,1,1,2,426.65000000000003,853.3000000000001,2,2,3,0.375,1.499999250000375,0.003515762330345995,0.499999750000125,0,0.0,0.24999996875000394,0.49999987500003124,1
41,0.0,0,0,4,295.5325,1182.13,4,4,1,0.125,0.24999993750001562,0.0008459306498896646,0.7499998125000469,0,0.0,0.4999999375000079,0.4999999375000079,4
42,1.0,0,0,2,320.685,641.37,2,2,0,0.0,0.0,0.0,0.499999750000125,0,0.0,0.24999996875000394,0.49999987500003124,2
52,0.0,1,0,1,274.63,274.63,1,2,1,0.1111111111111111,0.9999990000010001,0.003641262776676755,0.0,0,0.0,0.11111109876543349,0.6666664444445185,2
35,0.0,0,0,0,0.0,0.0,0,1,0,0.0,0.0,0.0,0.0,0,0.0,0.0,0.9999990000010001,2
38,0.0,1,1,3,311.1666666666667,933.5,3,3,0,0.0,0.0,0.0,0.6666664444445185,0,0.0,0.33333329629630043,0.49999991666668053,2
48,0.0,1,0,2,562.735,1125.47,2,2,1,0.125,0.499999750000125,0.0008885176851550749,0.99999950000025,0,0.0,0.24999996875000394,0.49999987500003124,2
36,0.0,0,1,3,575.16,1725.48,3,4,1,0.125,0.33333322222225925,0.0005795488788165907,0.9999996666667778,0,0.0,0.3749999531250059,0.57142848979593,4
51,0.0,1,1,2,345.77,691.54,2,2,3,0.3333333333333333,1.499999250000375,0.004338143846576997,0.0,0,0.0,0.22222219753086697,0.49999987500003124,1
53,0.0,0,0,3,3833.5099999999998,15334.039999999999,4,3,1,0.125,0.24999993750001562,6.521438576753325e-05,1.249999687500078,1,0.1428571224489825,0.3749999531250059,0.4285713673469475,5
49,1.0,0,0,3,476.11666666666673,1428.3500000000001,3,4,1,0.125,0.33333322222225925,0.0007001085163299551,0.6666664444445185,0,0.0,0.3749999531250059,0.57142848979593,4
49,0.0,1,0,3,223.60666666666668,670.82,3,4,1,0.125,0.33333322222225925,0.0014907128566668958,0.6666664444445185,0,0.0,0.3749999531250059,0.57142848979593,4
55,0.0,1,1,5,328.13800000000003,1640.69,5,5,1,0.125,0.199999960000008,0.0006094996613561979,0.799999840000032,0,0.0,0.6249999218750099,0.499999950000005,4
32,0.0,0,0,2,286.795,573.59,2,2,1,0.125,0.499999750000125,0.0017434055653979224,0.499999750000125,0,0.0,0.24999996875000394,0.49999987500003124,2
52,0.0,1,1,3,277.2866666666667,831.86,3,4,3,0.375,0.9999996666667778,0.0036063760685615654,0.33333322222225925,0,0.0,0.3749999531250059,0.57142848979593,1
43,0.0,0,0,4,561.65,2246.6,4,3,1,0.125,0.24999993750001562,0.0004451170655901732,0.7499998125000469,0,0.0,0.24999996875000394,0.4285713673469475,4
29,0.0,0,0,2,394.87,789.74,2,4,0,0.0,0.0,0.0,0.499999750000125,0,0.0,0.24999996875000394,0.6666665555555741,2
34,0.0,0,0,2,505.42666666666673,1516.2800000000002,3,2,3,0.375,0.9999996666667778,0.001978526392237234,0.6666664444445185,1,0.199999960000008,0.24999996875000394,0.399999920000016,7
68,1.0,0,0,2,1232.72,2465.44,2,1,3,0.375,1.499999250000375,0.001216821337685435,0.0,0,0.0,0.12499998437500197,0.33333322222225925,1
37,0.0,0,0,2,666.7349999999999,1333.4699999999998,2,2,0,0.0,0.0,0.0,0.99999950000025,0,0.0,0.22222219753086697,0.49999987500003124,2
35,0.0,0,0,1,77.86,77.86,1,1,0,0.0,0.0,0.0,0.0,0,0.0,0.12499998437500197,0.499999750000125,2
19,0.0,0,0,0,0.0,0.0,0,2,1,0.125,1000000.0,1000000.0,0.0,0,0.0,0.0,0.99999950000025,6
49,0.0,0,1,2,536.355,1072.71,2,1,1,0.125,0.499999750000125,0.0009322183992577504,0.499999750000125,0,0.0,0.12499998437500197,0.33333322222225925,2
51,0.0,1,1,2,243.39,486.78,2,2,1,0.125,0.499999750000125,0.0020543161139440487,0.499999750000125,0,0.0,0.24999996875000394,0.49999987500003124,2
25,0.0,0,1,0,0.0,0.0,0,0,0,0.0,0.0,0.0,0.0,0,0.0,0.0,0.0,0
56,0.0,1,1,6,279.38666666666666,1676.32,6,6,1,0.125,0.16666663888889352,0.0005965448120904452,0.49999991666668053,0,0.0,0.7499999062500118,0.4999999583333368,4
53,0.0,1,0,3,286.6225,1146.49,4,5,3,0.375,0.7499998125000469,0.0026166822191064183,0.0,1,0.11111109876543349,0.4999999375000079,0.5555554938271674,7
32,0.0,0,0,1,721.67,721.67,1,2,0,0.0,0.0,0.0,0.0,0,0.0,0.12499998437500197,0.6666664444445185,2
20,0.0,0,0,2,414.745,829.49,2,3,3,0.375,1.499999250000375,0.0036166801243936873,0.99999950000025,0,0.0,0.24999996875000394,0.599999880000024,1
56,1.0,1,0,3,410.7133333333333,1232.1399999999999,3,3,1,0.125,0.33333322222225925,0.0008115960842017985,0.33333322222225925,0,0.0,0.3749999531250059,0.49999991666668053,4
46,0.0,1,0,3,482.15000000000003,1446.45,3,2,2,0.25,0.6666664444445185,0.0013826955640480515,0.6666664444445185,0,0.0,0.24999996875000394,0.399999920000016,1
49,0.0,1,0,4,1239.596,6197.9800000000005,5,3,2,0.25,0.399999920000016,0.0003226857782176312,0.99999980000004,0,0.0,0.3749999531250059,0.3749999531250059,4
38,0.0,1,1,2,1090.085,2180.17,2,2,2,0.2222222222222222,0.99999950000025,0.000917359655018939,0.499999750000125,0,0.0,0.22222219753086697,0.49999987500003124,1
65,0.0,1,1,1,483.46,483.46,1,1,1,0.1111111111111111,0.9999990000010001,0.002068423443369827,0.0,0,0.0,0.11111109876543349,0.499999750000125,2
43,0.0,0,0,2,592.595,1185.19,2,2,2,0.25,0.99999950000025,0.0016874931431352833,0.99999950000025,0,0.0,0.24999996875000394,0.49999987500003124,1
34,0.0,0,0,1,470.12,470.12,1,1,2,0.25,1.9999980000020001,0.004254232952747739,0.0,0,0.0,0.12499998437500197,0.499999750000125,1
40,0.0,0,0,5,299.9166666666667,1799.5,6,6,2,0.25,0.33333327777778704,0.0011114198382264962,0.6666665555555741,1,0.08333332638888948,0.7499999062500118,0.4999999583333368,7
65,0.0,1,0,2,609.965,1219.93,2,2,1,0.125,0.499999750000125,0.0008197191635424005,0.99999950000025,0,0.0,0.24999996875000394,0.49999987500003124,2
26,0.0,0,0,0,0.0,0.0,0,1,2,0.25,2000000.0,2000000.0,0.0,0,0.0,0.0,0.9999990000010001,6
56,0.0,1,0,6,544.5216666666666,3267.13,6,5,0,0.0,0.0,0.0,0.8333331944444675,0,0.0,0.4999999375000079,0.4545454132231443,4
29,0.0,0,0,2,701.26,1402.52,2,2,1,0.1111111111111111,0.499999750000125,0.0007130023096191125,0.0,0,0.0,0.22222219753086697,0.49999987500003124,2
24,0.0,0,0,1,679.34,679.34,1,2,0,0.0,0.0,0.0,0.9999990000010001,0,0.0,0.11111109876543349,0.6666664444445185,2
46,0.0,1,1,1,454.19,454.19,1,2,1,0.125,0.9999990000010001,0.0022017217415581107,0.9999990000010001,0,0.0,0.12499998437500197,0.6666664444445185,2
52,0.0,1,0,3,521.1633333333333,1563.4899999999998,3,2,2,0.25,0.6666664444445185,0.0012791895047111338,0.33333322222225925,0,0.0,0.24999996875000394,0.399999920000016,1
26,0.0,0,0,0,0.0,0.0,0,0,0,0.0,0.0,0.0,0.0,0,0.0,0.0,0.0,0
43,0.0,0,0,3,417.375,1669.5,4,5,2,0.25,0.49999987500003124,0.0011979634613968472,0.49999987500003124,0,0.0,0.4999999375000079,0.5555554938271674,4
34,0.0,0,0,2,660.88,1982.6399999999999,3,3,2,0.2222222222222222,0.6666664444445185,0.0010087560015894182,0.33333322222225925,0,0.0,0.33333329629630043,0.49999991666668053,1
42,0.0,0,0,5,625.81,3129.0499999999997,5,5,0,0.0,0.0,0.0,0.599999880000024,0,0.0,0.6249999218750099,0.499999950000005,4
39,0.0,0,0,5,1092.8833333333334,6557.3,6,5,2,0.2222222222222222,0.33333327777778704,0.00030500358374559595,0.0,1,0.09090908264462885,0.5555554938271674,0.4545454132231443,7
41,0.0,0,0,4,264.27,1057.08,4,4,1,0.1111111111111111,0.24999993750001562,0.0009460021938301716,0.7499998125000469,0,0.0,0.44444439506173394,0.4999999375000079,4
76,1.0,1,0,0,0.0,0.0,0,0,0,0.0,0.0,0.0,0.0,0,0.0,0.0,0.0,0
40,0.0,0,0,4,481.625,1926.5,4,5,0,0.0,0.0,0.0,0.0,0,0.0,0.4999999375000079,0.5555554938271674,4
57,0.0,1,0,2,457.415,914.83,2,1,1,0.125,0.499999750000125,0.001093099263149329,0.99999950000025,0,0.0,0.12499998437500197,0.33333322222225925,2
51,1.0,1,1,2,242.54999999999998,727.65,3,2,1,0.1111111111111111,0.33333322222225925,0.0013742870866841378,0.33333322222225925,0,0.0,0.22222219753086697,0.399999920000016,2
45,0.0,0,1,1,79.15,79.15,1,2,3,0.375,2.9999970000030003,0.03790271588246726,0.9999990000010001,0,0.0,0.12499998437500197,0.6666664444445185,1
48,0.0,0,0,5,1050.624,5253.12,5,4,2,0.25,0.399999920000016,0.0003807261207852236,0.199999960000008,0,0.0,0.3749999531250059,0.44444439506173394,4
46,0.0,1,0,2,2096.625,4193.25,2,1,3,0.3333333333333333,1.499999250000375,0.0007154355212030201,0.499999750000125,0,0.0,0.11111109876543349,0.33333322222225925,1
49,1.0,1,1,4,244.0,976.0,4,4,2,0.25,0.49999987500003124,0.0020491803257692825,0.7499998125000469,0,0.0,0.4999999375000079,0.4999999375000079,4
40,0.0,1,0,3,610.84,1832.52,3,3,2,0.25,0.6666664444445185,0.0010913932720562976,0.33333322222225925,0,0.0,0.3749999531250059,0.49999991666668053,1
45,0.0,0,1,2,367.005,734.01,2,1,2,0.25,0.99999950000025,0.0027247585145641633,0.499999750000125,0,0.0,0.12499998437500197,0.33333322222225925,1
42,0.0,0,0,3,378.18333333333334,1134.55,3,4,2,0.25,0.6666664444445185,0.0017628134487128698,0.33333322222225925,0,0.0,0.24999996875000394,0.57142848979593,1
23,1.0,0,1,1,1451.12,1451.12,1,1,1,0.125,0.9999990000010001,0.0006891228839178545,0.0,0,0.0,0.12499998437500197,0.499999750000125,2
41,0.0,0,1,1,328.37,328.37,1,1,1,0.1111111111111111,0.9999990000010001,0.0030453451806031454,0.0,0,0.0,0.11111109876543349,0.499999750000125,2
46,1.0,1,1,3,4418.0599999999995,17672.239999999998,4,3,1,0.125,0.24999993750001562,5.6585922324697615e-05,2.9999992500001875,1,0.1428571224489825,0.3749999531250059,0.4285713673469475,5
23,0.0,0,1,0,0.0,0.0,0,1,4,0.5,4000000.0,4000000.0,0.0,0,0.0,0.0,0.9999990000010001,6
42,0.0,0,0,3,692.6933333333333,2078.08,3,3,2,0.2222222222222222,0.6666664444445185,0.0009624268550958449,0.6666664444445185,0,0.0,0.33333329629630043,0.49999991666668053,4
48,0.0,1,1,1,715.0799999999999,2145.24,3,3,3,0.3333333333333333,0.9999996666667778,0.001398444928586804,0.33333322222225925,0,0.0,0.22222219753086697,0.49999991666668053,1
38,0.0,0,0,5,610.2760000000001,3051.38,5,4,0,0.0,0.0,0.0,0.399999920000016,0,0.0,0.44444439506173394,0.44444439506173394,4
68,0.0,1,0,1,2036.28,4072.56,2,2,1,0.1111111111111111,0.499999750000125,0.00024554579914217453,0.0,1,0.24999993750001562,0.11111109876543349,0.49999987500003124,7
40,0.0,1,0,4,618.3199999999999,2473.2799999999997,4,5,2,0.25,0.49999987500003124,0.0008086427736412204,0.9999997500000625,0,0.0,0.4999999375000079,0.5555554938271674,4
48,0.0,1,0,0,0.0,0.0,0,0,0,0.0,0.0,0.0,0.0,0,0.0,0.0,0.0,0
44,1.0,1,0,3,508.99750000000006,2035.9900000000002,4,3,2,0.25,0.49999987500003124,0.0009823230954069896,0.24999993750001562,0,0.0,0.3749999531250059,0.4285713673469475,4
45,0.0,1,1,1,86.24,86.24,1,3,2,0.25,1.9999980000020001,0.02319109435075262,0.9999990000010001,0,0.0,0.12499998437500197,0.7499998125000469,1
23,0.0,0,0,0,0.0,0.0,0,2,3,0.3333333333333333,3000000.0,3000000.0,0.0,0,0.0,0.0,0.99999950000025,6
50,0.0,1,1,4,243.375,973.5,4,3,0,0.0,0.0,0.0,0.7499998125000469,0,0.0,0.3749999531250059,0.4285713673469475,4
44,0.0,0,1,4,230.25750000000002,921.0300000000001,4,4,1,0.125,0.24999993750001562,0.0010857409627419942,0.7499998125000469,0,0.0,0.3749999531250059,0.4999999375000079,4
29,0.0,0,0,4,299.8325,1199.33,4,4,0,0.0,0.0,0.0,0.49999987500003124,0,0.0,0.3749999531250059,0.4999999375000079,4
48,1.0,0,0,1,109.03,109.03,1,0,1,0.125,0.9999990000010001,0.009171787497277928,0.9999990000010001,0,0.0,0.0,0.0,0
38,0.0,1,0,2,99.16,198.32,2,2,2,0.2,0.99999950000025,0.010084711526398187,0.0,0,0.0,0.19999998000000202,0.49999987500003124,1
70,0.0,1,0,0,0.0,0.0,0,1,3,0.3333333333333333,3000000.0,3000000.0,0.0,0,0.0,0.0,0.9999990000010001,6
39,0.0,0,0,4,305.595,1222.38,4,4,0,0.0,0.0,0.0,0.7499998125000469,0,0.0,0.4999999375000079,0.4999999375000079,4
40,0.0,0,1,1,590.21,590.21,1,1,2,0.25,1.9999980000020001,0.003388624382188332,0.9999990000010001,0,0.0,0.12499998437500197,0.499999750000125,1
36,0.0,0,0,0,0.0,0.0,0,0,1,0.125,1000000.0,1000000.0,0.0,0,0.0,0.0,0.0,0
67,0.0,1,1,2,163.4,326.8,2,2,2,0.2222222222222222,0.99999950000025,0.006119951021664776,0.99999950000025,0,0.0,0.11111109876543349,0.49999987500003124,1
57,0.0,1,1,2,706.8,1413.6,2,3,2,0.25,0.99999950000025,0.0014148273900574226,0.99999950000025,0,0.0,0.24999996875000394,0.599999880000024,1
44,1.0,0,0,2,272.28,544.56,2,1,2,0.25,0.99999950000025,0.003672689871322371,0.499999750000125,0,0.0,0.12499998437500197,0.33333322222225925,1
43,0.0,0,0,4,335.14,1340.56,4,3,1,0.125,0.24999993750001562,0.0007459569129722229,0.49999987500003124,0,0.0,0.3749999531250059,0.4285713673469475,4
44,0.0,0,1,3,296.30333333333334,888.91,3,3,1,0.1111111111111111,0.33333322222225925,0.0011249732806189903,0.6666664444445185,0,0.0,0.33333329629630043,0.49999991666668053,4
44,0.0,0,0,4,246.39249999999998,985.5699999999999,4,4,1,0.14285714285714285,0.24999993750001562,0.0010146412725482298,0.9999997500000625,0,0.0,0.57142848979593,0.4999999375000079,4
39,0.0,0,0,4,552.805,2211.22,4,4,1,0.1111111111111111,0.24999993750001562,0.00045223903526006505,1.249999687500078,0,0.0,0.44444439506173394,0.4999999375000079,4
19,0.0,0,0,1,802.23,1604.46,2,4,2,0.25,0.99999950000025,0.0012465253099195209,0.99999950000025,1,0.16666663888889352,0.24999996875000394,0.6666665555555741,7
47,0.0,1,0,1,82.54,82.54,2,4,3,0.375,1.499999250000375,0.03634601361344786,0.499999750000125,1,0.16666663888889352,0.24999996875000394,0.6666665555555741,7
50,0.0,1,0,3,265.21999999999997,795.66,3,3,0,0.0,0.0,0.0,0.6666664444445185,0,0.0,0.33333329629630043,0.49999991666668053,4
41,0.0,1,0,1,327.425,654.85,2,3,0,0.0,0.0,0.0,0.499999750000125,0,0.0,0.24999996875000394,0.599999880000024,2
47,0.0,0,1,2,644.98,1289.96,2,2,1,0.125,0.499999750000125,0.0007752178356110128,0.99999950000025,0,0.0,0.24999996875000394,0.49999987500003124,2
48,0.0,0,1,5,370.626,1853.1299999999999,5,5,1,0.125,0.199999960000008,0.000539627548774437,0.599999880000024,0,0.0,0.6249999218750099,0.499999950000005,4
56,0.0,0,0,4,351.1225,1404.49,4,3,3,0.375,0.7499998125000469,0.002136006662819951,0.24999993750001562,0,0.0,0.3749999531250059,0.4285713673469475,1
39,0.0,0,0,3,181.1175,724.47,4,4,1,0.125,0.24999993750001562,0.001380319404005246,0.24999993750001562,0,0.0,0.3749999531250059,0.4999999375000079,4
37,0.0,0,1,2,336.68,673.36,2,3,4,0.4444444444444444,1.9999990000005,0.0059403587888494135,0.0,0,0.0,0.22222219753086697,0.599999880000024,1
58,1.0,0,0,1,376.575,753.15,2,2,0,0.0,0.0,0.0,0.499999750000125,0,0.0,0.22222219753086697,0.49999987500003124,2
47,1.0,0,1,2,203.435,406.87,2,2,0,0.0,0.0,0.0,1.499999250000375,0,0.0,0.24999996875000394,0.49999987500003124,2
53,0.0,1,1,1,705.79,705.79,1,0,3,0.3,2.9999970000030003,0.004250556108402562,0.9999990000010001,0,0.0,0.0,0.0,1
52,0.0,1,0,2,191.435,382.87,2,2,3,0.375,1.499999250000375,0.00783555774065464,0.499999750000125,0,0.0,0.24999996875000394,0.49999987500003124,1
33,0.0,1,1,1,668.52,668.52,1,3,1,0.125,0.9999990000010001,0.001495841558224374,0.0,0,0.0,0.12499998437500197,0.7499998125000469,2
34,0.0,1,0,2,267.475,534.95,2,2,1,0.1111111111111111,0.499999750000125,0.001869333579083403,0.499999750000125,0,0.0,0.22222219753086697,0.49999987500003124,2
45,0.0,1,0,1,222.8,222.8,1,1,1,0.1,0.9999990000010001,0.0044883303209679965,0.0,0,0.0,0.09999999000000101,0.499999750000125,2
32,0.0,0,0,3,395.20666666666665,1185.62,3,2,2,0.25,0.6666664444445185,0.001686881124064303,0.6666664444445185,0,0.0,0.24999996875000394,0.399999920000016,1
45,0.0,1,0,3,361.53999999999996,1084.62,3,3,2,0.25,0.6666664444445185,0.0018439637828511703,0.33333322222225925,0,0.0,0.3749999531250059,0.49999991666668053,1
48,1.0,1,0,3,367.07666666666665,1101.23,3,3,0,0.0,0.0,0.0,0.0,0,0.0,0.3749999531250059,0.49999991666668053,4
46,1.0,0,0,2,635.335,1270.67,2,3,1,0.125,0.499999750000125,0.0007869863923859172,0.99999950000025,0,0.0,0.24999996875000394,0.599999880000024,2
19,0.0,0,0,0,0.0,0.0,0,0,0,0.0,0.0,0.0,0.0,0,0.0,0.0,0.0,0
40,0.0,0,0,5,671.7583333333333,4030.55,6,5,3,0.375,0.49999991666668053,0.0007443152917730048,0.16666663888889352,0,0.0,0.6249999218750099,0.4545454132231443,4
39,0.0,1,1,4,519.035,2076.14,4,4,1,0.125,0.24999993750001562,0.00048166308607239255,0.24999993750001562,0,0.0,0.4999999375000079,0.4999999375000079,4
54,0.0,1,1,2,324.62,649.24,3,5,4,0.4444444444444444,1.333332888889037,0.006161049833403595,0.6666664444445185,1,0.12499998437500197,0.33333329629630043,0.6249999218750099,7
40,1.0,0,1,3,381.645,1526.58,4,3,2,0.2857142857142857,0.49999987500003124,0.0013101180407773466,0.7499998125000469,0,0.0,0.4285713673469475,0.4285713673469475,4
48,1.0,1,1,4,721.225,2884.9,4,4,3,0.375,0.7499998125000469,0.0010398973964297212,0.9999997500000625,0,0.0,0.4999999375000079,0.4999999375000079,4
53,0.0,1,0,4,900.63,3602.52,4,4,2,0.2222222222222222,0.49999987500003124,0.0005551669385443615,0.24999993750001562,0,0.0,0.44444439506173394,0.4999999375000079,4
19,1.0,1,1,0,0.0,0.0,0,1,2,0.25,2000000.0,2000000.0,0.0,0,0.0,0.0,0.9999990000010001,6
48,0.0,0,0,3,359.40333333333336,1078.21,3,4,1,0.125,0.33333322222225925,0.0009274631092946056,0.6666664444445185,0,0.0,0.3749999531250059,0.57142848979593,4
25,0.0,0,0,2,510.76500000000004,1021.5300000000001,2,4,1,0.125,0.499999750000125,0.0009789237702476443,0.99999950000025,0,0.0,0.24999996875000394,0.6666665555555741,2
26,0.0,0,0,0,0.0,0.0,0,1,2,0.25,2000000.0,2000000.0,0.0,0,0.0,0.0,0.9999990000010001,6
29,1.0,0,0,2,347.68,695.36,2,2,0,0.0,0.0,0.0,0.499999750000125,0,0.0,0.24999996875000394,0.49999987500003124,2
45,0.0,0,1,2,262.89,525.78,2,2,1,0.125,0.499999750000125,0.0019019361674047395,0.499999750000125,0,0.0,0.24999996875000394,0.49999987500003124,2
41,0.0,0,0,3,302.0733333333333,906.22,3,2,3,0.375,0.9999996666667778,0.0033104544113896684,0.6666664444445185,0,0.0,0.24999996875000394,0.399999920000016,1
64,1.0,1,0,0,0.0,0.0,0,0,2,0.25,2000000.0,2000000.0,0.0,0,0.0,0.0,0.0,3
38,0.0,0,0,6,383.31333333333333,2299.88,6,6,0,0.0,0.0,0.0,0.33333327777778704,0,0.0,0.7499999062500118,0.4999999583333368,4
51,0.0,1,0,3,622.35,1867.05,3,4,3,0.3333333333333333,0.9999996666667778,0.0016068128857787349,0.9999996666667778,0,0.0,0.33333329629630043,0.57142848979593,1
43,0.0,1,0,2,416.57000000000005,833.1400000000001,2,2,0,0.0,0.0,0.0,0.0,0,0.0,0.24999996875000394,0.49999987500003124,2
39,0.0,0,0,3,278.0333333333333,834.0999999999999,3,3,1,0.125,0.33333322222225925,0.0011988970133090793,0.6666664444445185,0,0.0,0.3749999531250059,0.49999991666668053,4
31,0.0,0,0,2,391.615,783.23,2,1,1,0.125,0.499999750000125,0.0012767641672602375,0.99999950000025,0,0.0,0.12499998437500197,0.33333322222225925,2
40,0.0,1,1,3,796.245,3184.98,4,5,4,0.4444444444444444,0.9999997500000625,0.0012558948560882973,0.7499998125000469,1,0.11111109876543349,0.33333329629630043,0.5555554938271674,7
61,0.0,0,0,0,0.0,0.0,0,0,1,0.125,1000000.0,1000000.0,0.0,0,0.0,0.0,0.0,0
61,1.0,1,1,0,0.0,0.0,0,0,2,0.25,2000000.0,2000000.0,0.0,0,0.0,0.0,0.0,3
51,0.0,1,1,3,462.715,1850.86,4,4,3,0.375,0.7499998125000469,0.0016208681360984254,0.49999987500003124,0,0.0,0.4999999375000079,0.4999999375000079,1
50,0.0,0,0,4,159.6025,638.41,4,4,2,0.2222222222222222,0.49999987500003124,0.0031327830028778014,0.7499998125000469,0,0.0,0.44444439506173394,0.4999999375000079,4
44,0.0,1,0,4,1204.256,6021.280000000001,5,3,2,0.25,0.399999920000016,0.0003321552891856622,0.799999840000032,1,0.12499998437500197,0.3749999531250059,0.3749999531250059,7
41,0.0,0,0,4,418.55833333333334,2511.35,6,5,0,0.0,0.0,0.0,0.33333327777778704,0,0.0,0.5555554938271674,0.4545454132231443,4
26,0.0,0,0,1,356.93,356.93,1,1,1,0.1111111111111111,0.9999990000010001,0.0028016697873485845,0.9999990000010001,0,0.0,0.11111109876543349,0.499999750000125,2
57,0.0,0,0,3,278.95666666666665,836.87,3,2,1,0.125,0.33333322222225925,0.001194928721073848,0.9999996666667778,0,0.0,0.24999996875000394,0.399999920000016,2
38,0.0,0,1,4,586.44,2345.76,4,4,1,0.1111111111111111,0.24999993750001562,0.0004263010706865574,0.7499998125000469,0,0.0,0.33333329629630043,0.4999999375000079,4
47,0.0,1,1,3,595.3866666666667,1786.16,3,2,3,0.375,0.9999996666667778,0.0016795807756978204,0.6666664444445185,0,0.0,0.24999996875000394,0.399999920000016,1
52,0.0,1,0,3,580.55,1741.6499999999999,3,2,1,0.125,0.33333322222225925,0.000574168173528454,0.9999996666667778,0,0.0,0.24999996875000394,0.399999920000016,2
26,0.0,0,0,2,370.47,740.94,2,2,2,0.25,0.99999950000025,0.0026992738916791184,0.0,0,0.0,0.24999996875000394,0.49999987500003124,1
45,1.0,0,1,1,652.235,1304.47,2,3,0,0.0,0.0,0.0,0.99999950000025,0,0.0,0.24999996875000394,0.599999880000024,2
40,0.0,1,0,3,356.17333333333335,1068.52,3,3,1,0.125,0.33333322222225925,0.0009358739181897634,0.33333322222225925,0,0.0,0.3749999531250059,0.49999991666668053,4
19,0.0,0,1,1,2264.16,2264.16,1,2,3,0.375,2.9999970000030003,0.0013249946994359964,0.9999990000010001,0,0.0,0.0,0.6666664444445185,1
50,0.0,1,1,1,393.98,393.98,1,2,2,0.2222222222222222,1.9999980000020001,0.005076399804364689,0.9999990000010001,0,0.0,0.11111109876543349,0.6666664444445185,1
35,0.0,0,1,0,0.0,0.0,0,1,2,0.25,2000000.0,2000000.0,0.0,0,0.0,0.0,0.9999990000010001,6
21,1.0,0,1,0,0.0,0.0,0,0,0,0.0,0.0,0.0,0.0,0,0.0,0.0,0.0,0
38,0.0,0,1,4,301.455,1205.82,4,4,0,0.0,0.0,0.0,0.24999993750001562,0,0.0,0.4999999375000079,0.4999999375000079,4
52,0.0,1,0,1,611.65,611.65,1,1,1,0.125,0.9999990000010001,0.0016349219298047546,0.9999990000010001,0,0.0,0.12499998437500197,0.499999750000125,2
40,0.0,1,0,2,430.48,860.96,2,2,2,0.25,0.99999950000025,0.0023229882894408704,0.499999750000125,0,0.0,0.24999996875000394,0.49999987500003124,1
40,0.0,0,0,3,518.4766666666667,1555.43,3,3,3,0.375,0.9999996666667778,0.0019287271031620018,0.6666664444445185,0,0.0,0.24999996875000394,0.49999991666668053,1
55,0.0,1,0,5,358.846,1794.23,5,6,2,0.2222222222222222,0.399999920000016,0.0011146842929197012,0.799999840000032,0,0.0,0.5555554938271674,0.5454544958677732,4
41,1.0,0,1,2,434.265,868.53,2,2,2,0.2222222222222222,0.99999950000025,0.002302741411001645,0.0,0,0.0,0.22222219753086697,0.49999987500003124,1
53,1.0,1,0,4,735.8725,2943.49,4,5,0,0.0,0.0,0.0,0.49999987500003124,0,0.0,0.4999999375000079,0.5555554938271674,4
41,1.0,0,0,4,282.1275,1128.51,4,6,1,0.125,0.24999993750001562,0.0008861241806575712,0.49999987500003124,0,0.0,0.4999999375000079,0.599999940000006,4
49,1.0,0,0,4,446.4925,1785.97,4,4,2,0.2857142857142857,0.49999987500003124,0.0011198396383366798,0.49999987500003124,0,0.0,0.57142848979593,0.4999999375000079,4
47,0.0,1,1,3,600.0466666666666,1800.1399999999999,3,2,2,0.2222222222222222,0.6666664444445185,0.0011110246974618504,1.333332888889037,0,0.0,0.22222219753086697,0.399999920000016,1
80,0.0,1,0,1,3403.64,3403.64,1,2,2,0.25,1.9999980000020001,0.0005876062096497849,0.9999990000010001,0,0.0,0.12499998437500197,0.6666664444445185,1
42,0.0,0,0,4,402.755,1611.02,4,3,3,0.375,0.7499998125000469,0.0018621742735272222,0.24999993750001562,0,0.0,0.3749999531250059,0.4285713673469475,1
33,0.0,0,0,2,267.62,535.24,2,2,1,0.125,0.499999750000125,0.0018683207498163053,0.499999750000125,0,0.0,0.12499998437500197,0.49999987500003124,2
30,0.0,0,0,3,328.48666666666674,985.4600000000002,3,3,4,0.5,1.333332888889037,0.004059018119397014,0.9999996666667778,0,0.0,0.3749999531250059,0.49999991666668053,1
50,0.0,1,1,4,240.4775,961.91,4,4,2,0.25,0.49999987500003124,0.002079196596272836,0.9999997500000625,0,0.0,0.4999999375000079,0.4999999375000079,4
49,0.0,1,0,4,753.6899999999999,3014.7599999999998,4,4,2,0.25,0.49999987500003124,0.0006634027250383438,0.49999987500003124,0,0.0,0.4999999375000079,0.4999999375000079,4
57,0.0,1,1,2,345.8500000000001,1037.5500000000002,3,3,1,0.125,0.33333322222225925,0.0009638089721326112,0.9999996666667778,0,0.0,0.3749999531250059,0.49999991666668053,2
42,0.0,0,0,5,457.582,2287.91,5,5,1,0.125,0.199999960000008,0.0004370801297091756,0.799999840000032,0,0.0,0.6249999218750099,0.499999950000005,4
26,0.0,0,0,1,322.45,322.45,1,2,1,0.1111111111111111,0.9999990000010001,0.003101255999065728,0.0,0,0.0,0.11111109876543349,0.6666664444445185,2
43,1.0,1,0,2,316.61,633.22,2,3,2,0.25,0.99999950000025,0.003158459929947791,0.499999750000125,0,0.0,0.24999996875000394,0.599999880000024,1
53,0.0,1,1,4,345.34999999999997,1381.3999999999999,4,3,5,0.625,1.249999687500078,0.003619516429984424,0.0,0,0.0,0.3749999531250059,0.4285713673469475,1
52,0.0,1,1,4,1012.5974999999999,4050.3899999999994,4,5,0,0.0,0.0,0.0,0.9999997500000625,0,0.0,0.4999999375000079,0.5555554938271674,4
38,0.0,1,1,0,0.0,0.0,0,0,3,0.375,3000000.0,3000000.0,0.0,0,0.0,0.0,0.0,3
39,0.0,0,1,2,365.3866666666667,1096.16,3,4,2,0.2222222222222222,0.6666664444445185,0.0018245511587500441,0.33333322222225925,0,0.0,0.33333329629630043,0.57142848979593,1
44,0.0,1,0,2,1913.043333333333,5739.129999999999,3,1,3,0.3333333333333333,0.9999996666667778,0.0005227273122367454,0.9999996666667778,1,0.24999993750001562,0.11111109876543349,0.24999993750001562,7
49,0.0,0,0,2,875.255,1750.51,2,2,2,0.25,0.99999950000025,0.0011425241780152503,0.499999750000125,0,0.0,0.24999996875000394,0.49999987500003124,1
33,0.0,0,1,2,1810.925,3621.85,2,1,0,0.0,0.0,0.0,0.499999750000125,0,0.0,0.12499998437500197,0.33333322222225925,2
52,0.0,0,1,2,473.58500000000004,947.1700000000001,2,3,0,0.0,0.0,0.0,0.499999750000125,0,0.0,0.22222219753086697,0.599999880000024,2
53,0.0,1,0,5,507.47799999999995,2537.39,5,6,0,0.0,0.0,0.0,0.399999920000016,0,0.0,0.6249999218750099,0.5454544958677732,4
55,0.0,1,0,4,910.284,4551.42,5,5,1,0.125,0.199999960000008,0.00021971165038170247,0.599999880000024,1,0.09999999000000101,0.6249999218750099,0.499999950000005,7
53,0.0,1,0,2,782.2833333333333,4693.7,6,5,2,0.25,0.33333327777778704,0.00042610307424289937,0.49999991666668053,0,0.0,0.6249999218750099,0.4545454132231443,4
57,0.0,1,0,5,595.582,2977.91,5,4,2,0.25,0.399999920000016,0.0006716119692429886,0.199999960000008,0,0.0,0.4999999375000079,0.44444439506173394,4
20,0.0,0,0,0,0.0,0.0,0,2,3,0.375,3000000.0,3000000.0,0.0,0,0.0,0.0,0.99999950000025,6
35,0.0,0,0,4,482.4575,1929.83,4,3,1,0.14285714285714285,0.24999993750001562,0.0005181803575868443,0.0,0,0.0,0.4285713673469475,0.4285713673469475,4
47,0.0,1,0,4,412.15,1648.6,4,3,1,0.1111111111111111,0.24999993750001562,0.000606575275623817,1.249999687500078,0,0.0,0.33333329629630043,0.4285713673469475,4
18,1.0,0,0,0,0.0,0.0,0,0,3,0.3333333333333333,3000000.0,3000000.0,0.0,0,0.0,0.0,0.0,3
39,0.0,1,0,3,398.7266666666667,1196.18,3,3,1,0.125,0.33333322222225925,0.0008359945820562167,0.6666664444445185,0,0.0,0.3749999531250059,0.49999991666668053,4
79,0.0,1,0,0,0.0,0.0,0,1,0,0.0,0.0,0.0,0.0,0,0.0,0.0,0.9999990000010001,2
46,0.0,0,0,3,232.38,697.14,3,3,0,0.0,0.0,0.0,0.6666664444445185,0,0.0,0.33333329629630043,0.49999991666668053,4
40,0.0,0,0,1,275.27,275.27,1,1,2,0.25,1.9999980000020001,0.007265593754257298,0.0,0,0.0,0.12499998437500197,0.499999750000125,1
51,0.0,1,0,4,375.8383333333333,2255.0299999999997,6,6,3,0.375,0.49999991666668053,0.0013303592407505182,0.8333331944444675,0,0.0,0.7499999062500118,0.4999999583333368,4
24,0.0,0,1,0,0.0,0.0,0,2,1,0.125,1000000.0,1000000.0,0.0,0,0.0,0.0,0.99999950000025,6
42,0.0,0,0,4,411.97749999999996,1647.9099999999999,4,5,1,0.125,0.24999993750001562,0.0006068292560838703,0.24999993750001562,0,0.0,0.4999999375000079,0.5555554938271674,4
21,0.0,0,1,1,406.27,406.27,1,0,0,0.0,0.0,0.0,0.0,0,0.0,0.0,0.0,0
72,0.0,1,0,0,0.0,0.0,0,0,2,0.25,2000000.0,2000000.0,0.0,0,0.0,0.0,0.0,3
35,0.0,1,0,1,294.9,294.9,1,2,2,0.25,1.9999980000020001,0.00678195996343859,0.0,0,0.0,0.12499998437500197,0.6666664444445185,1
36,0.0,0,0,2,491.885,983.77,2,2,0,0.0,0.0,0.0,0.499999750000125,0,0.0,0.12499998437500197,0.49999987500003124,2
48,0.0,0,0,3,1750.555,7002.22,4,3,2,0.25,0.49999987500003124,0.00028562370215651266,0.49999987500003124,1,0.1428571224489825,0.3749999531250059,0.4285713673469475,7
49,0.0,0,1,2,176.22000000000003,352.44000000000005,2,2,2,0.2222222222222222,0.99999950000025,0.00567472475974712,0.499999750000125,0,0.0,0.22222219753086697,0.49999987500003124,1
57,0.0,1,0,2,494.025,988.05,2,3,1,0.125,0.499999750000125,0.001012094528604732,0.0,0,0.0,0.24999996875000394,0.599999880000024,2
23,0.0,0,1,0,0.0,0.0,0,0,2,0.25,2000000.0,2000000.0,0.0,0,0.0,0.0,0.0,3
22,0.0,0,0,0,0.0,0.0,0,0,1,0.125,1000000.0,1000000.0,0.0,0,0.0,0.0,0.0,0
40,0.0,0,0,4,379.78,1519.12,4,4,1,0.125,0.24999993750001562,0.0006582758434763048,0.49999987500003124,0,0.0,0.4999999375000079,0.4999999375000079,4
55,0.0,1,0,4,263.6975,1054.79,4,5,0,0.0,0.0,0.0,0.49999987500003124,0,0.0,0.4999999375000079,0.5555554938271674,4
24,0.0,0,0,1,1471.17,2942.34,2,2,2,0.25,0.99999950000025,0.0006797310981464646,0.0,1,0.24999993750001562,0.24999996875000394,0.49999987500003124,7
53,0.0,1,1,3,776.57,2329.71,3,3,2,0.25,0.6666664444445185,0.0008584759472816463,0.33333322222225925,0,0.0,0.3749999531250059,0.49999991666668053,1
40,0.0,0,0,1,144.52,144.52,1,1,3,0.375,2.9999970000030003,0.020758372399955906,0.0,0,0.0,0.12499998437500197,0.499999750000125,1
42,0.0,1,0,3,559.3833333333333,1678.15,3,2,1,0.125,0.33333322222225925,0.0005958942879981561,0.6666664444445185,0,0.0,0.24999996875000394,0.399999920000016,2
72,0.0,0,0,1,472.69,472.69,1,1,0,0.0,0.0,0.0,0.9999990000010001,0,0.0,0.12499998437500197,0.499999750000125,2
25,0.0,0,0,0,0.0,0.0,0,0,2,0.25,2000000.0,2000000.0,0.0,0,0.0,0.0,0.0,3
39,0.0,0,0,3,530.1766666666667,1590.5300000000002,3,3,1,0.1111111111111111,0.33333322222225925,0.0006287212434668184,0.33333322222225925,0,0.0,0.33333329629630043,0.49999991666668053,4
34,0.0,0,0,4,454.81,1819.24,4,4,2,0.2222222222222222,0.49999987500003124,0.0010993601717753786,0.7499998125000469,0,0.0,0.44444439506173394,0.4999999375000079,4
19,0.0,0,0,1,490.71,490.71,1,1,1,0.125,0.9999990000010001,0.002037863499749621,0.9999990000010001,0,0.0,0.12499998437500197,0.499999750000125,2
28,0.0,0,1,1,82.04,82.04,1,1,3,0.375,2.9999970000030003,0.03656752758937679,0.0,0,0.0,0.12499998437500197,0.499999750000125,1
67,0.0,1,0,2,301.525,603.05,2,2,0,0.0,0.0,0.0,0.99999950000025,0,0.0,0.24999996875000394,0.49999987500003124,2
22,0.0,0,0,2,349.45,698.9,2,2,3,0.3333333333333333,1.499999250000375,0.004292459573197225,0.499999750000125,0,0.0,0.22222219753086697,0.49999987500003124,1
60,0.0,1,1,3,590.2633333333332,1770.7899999999997,3,3,1,0.125,0.33333322222225925,0.0005647197010573136,0.33333322222225925,0,0.0,0.3749999531250059,0.49999991666668053,4
52,0.0,1,1,3,340.1933333333333,1020.5799999999999,3,4,2,0.25,0.6666664444445185,0.001959669989653266,0.33333322222225925,0,0.0,0.3749999531250059,0.57142848979593,1
47,0.0,0,0,1,122.54,122.54,1,2,0,0.0,0.0,0.0,0.9999990000010001,0,0.0,0.11111109876543349,0.6666664444445185,2
30,0.0,0,0,2,1007.05,2014.1,2,0,3,0.375,1.499999250000375,0.0014894990310860936,0.499999750000125,0,0.0,0.0,0.0,1
41,0.0,0,0,2,944.145,1888.29,2,2,1,0.125,0.499999750000125,0.0005295796723333917,0.499999750000125,0,0.0,0.24999996875000394,0.49999987500003124,2
33,0.0,0,0,2,945.5699999999999,1891.1399999999999,2,3,1,0.125,0.499999750000125,0.0005287815812003439,0.499999750000125,0,0.0,0.12499998437500197,0.599999880000024,2
25,0.0,0,0,0,0.0,0.0,0,0,0,0.0,0.0,0.0,0.0,0,0.0,0.0,0.0,0
60,0.0,1,1,2,381.31,762.62,2,2,0,0.0,0.0,0.0,0.99999950000025,0,0.0,0.24999996875000394,0.49999987500003124,2
37,0.0,0,0,1,350.105,700.21,2,1,0,0.0,0.0,0.0,0.499999750000125,0,0.0,0.11111109876543349,0.33333322222225925,2
56,0.0,0,1,2,1390.04,2780.08,2,3,1,0.125,0.499999750000125,0.0003597018789532309,0.499999750000125,0,0.0,0.24999996875000394,0.599999880000024,2
45,0.0,1,0,1,592.985,1185.97,2,2,2,0.25,0.99999950000025,0.0016863832966378715,0.499999750000125,0,0.0,0.24999996875000394,0.49999987500003124,1
55,0.0,1,0,5,262.48400000000004,1312.42,5,5,0,0.0,0.0,0.0,0.199999960000008,0,0.0,0.6249999218750099,0.499999950000005,4
27,0.0,0,1,1,2609.74,5219.48,2,2,2,0.25,0.99999950000025,0.0003831799335598221,0.0,1,0.24999993750001562,0.24999996875000394,0.49999987500003124,7
41,0.0,0,0,4,207.02800000000002,1035.14,5,3,2,0.2222222222222222,0.399999920000016,0.001932105800247207,0.599999880000024,0,0.0,0.33333329629630043,0.3749999531250059,4
27,0.0,0,0,0,0.0,0.0,0,1,1,0.125,1000000.0,1000000.0,0.0,0,0.0,0.0,0.9999990000010001,6
46,0.0,1,1,3,653.21,1959.63,3,4,0,0.0,0.0,0.0,0.6666664444445185,0,0.0,0.3749999531250059,0.57142848979593,4
53,0.0,1,0,5,555.7633333333333,3334.58,6,5,0,0.0,0.0,0.0,0.16666663888889352,0,0.0,0.6249999218750099,0.4545454132231443,4
23,0.0,0,0,1,509.22,509.22,1,2,1,0.125,0.9999990000010001,0.001963787749963105,0.0,0,0.0,0.12499998437500197,0.6666664444445185,2
50,0.0,1,0,3,553.7950000000001,2215.1800000000003,4,5,1,0.125,0.24999993750001562,0.00045143058331538266,0.7499998125000469,0,0.0,0.4999999375000079,0.5555554938271674,4
56,0.0,1,0,3,362.9866666666667,1088.96,3,3,0,0.0,0.0,0.0,0.9999996666667778,0,0.0,0.3749999531250059,0.49999991666668053,4
45,1.0,1,0,3,1077.1899999999998,3231.5699999999997,3,2,0,0.0,0.0,0.0,0.6666664444445185,0,0.0,0.11111109876543349,0.399999920000016,2
42,0.0,0,1,2,160.10500000000002,320.21000000000004,2,2,0,0.0,0.0,0.0,0.499999750000125,0,0.0,0.24999996875000394,0.49999987500003124,2
57,1.0,1,1,3,424.405,1697.62,4,5,3,0.42857142857142855,0.7499998125000469,0.0017671799332199315,0.7499998125000469,0,0.0,0.57142848979593,0.5555554938271674,1
19,0.0,0,0,0,0.0,0.0,0,1,2,0.25,2000000.0,2000000.0,0.0,0,0.0,0.0,0.9999990000010001,6
46,0.0,1,0,3,163.65666666666667,490.97,3,3,2,0.25,0.6666664444445185,0.00407356864151869,0.9999996666667778,0,0.0,0.3749999531250059,0.49999991666668053,1
21,0.0,0,1,1,216.97,216.97,1,2,2,0.25,1.9999980000020001,0.009217864178375517,0.0,0,0.0,0.12499998437500197,0.6666664444445185,1
32,0.0,0,0,3,404.2366666666667,1212.71,3,3,1,0.125,0.33333322222225925,0.0008245994501368014,0.9999996666667778,0,0.0,0.3749999531250059,0.49999991666668053,4
47,0.0,0,0,3,102.16666666666667,306.5,3,3,1,0.125,0.33333322222225925,0.0032626427299750644,0.6666664444445185,0,0.0,0.24999996875000394,0.49999991666668053,4
51,1.0,1,0,1,462.34,462.34,1,1,3,0.375,2.9999970000030003,0.00648873122271763,0.9999990000010001,0,0.0,0.12499998437500197,0.499999750000125,1
53,0.0,0,0,2,328.79,986.37,4,5,3,0.3333333333333333,0.7499998125000469,0.0030414550290038677,0.7499998125000469,1,0.11111109876543349,0.44444439506173394,0.5555554938271674,7
40,0.0,0,0,3,370.8966666666667,1112.69,3,3,2,0.25,0.6666664444445185,0.0017974458278609082,0.6666664444445185,0,0.0,0.3749999531250059,0.49999991666668053,1
58,0.0,1,0,1,171.01,171.01,1,2,3,0.375,2.9999970000030003,0.01754283364982847,0.0,0,0.0,0.12499998437500197,0.6666664444445185,1
46,0.0,1,1,4,232.635,930.54,4,3,0,0.0,0.0,0.0,0.49999987500003124,0,0.0,0.3749999531250059,0.4285713673469475,4
29,0.0,0,0,2,372.92,1118.76,3,4,3,0.375,0.9999996666667778,0.00268154027433807,0.6666664444445185,1,0.1428571224489825,0.24999996875000394,0.57142848979593,7
30,0.0,0,0,1,1610.23,1610.23,1,1,1,0.1,0.9999990000010001,0.0006210292935661183,0.0,0,0.0,0.09999999000000101,0.499999750000125,2
70,0.0,1,0,0,0.0,0.0,0,1,0,0.0,0.0,0.0,0.0,0,0.0,0.0,0.9999990000010001,2
33,0.0,0,1,2,652.025,1304.05,2,3,1,0.125,0.499999750000125,0.0007668417616143232,0.499999750000125,0,0.0,0.24999996875000394,0.599999880000024,2
41,0.0,0,1,4,1351.835,5407.34,4,3,0,0.0,0.0,0.0,0.49999987500003124,0,0.0,0.3749999531250059,0.4285713673469475,4
51,0.0,1,0,2,355.22,710.44,2,3,4,0.5,1.9999990000005,0.005630313600542883,1.9999990000005,0,0.0,0.24999996875000394,0.599999880000024,1
43,0.0,0,0,2,188.21,376.42,2,3,0,0.0,0.0,0.0,0.499999750000125,0,0.0,0.24999996875000394,0.599999880000024,2
27,0.0,0,0,1,884.85,1769.7,2,2,1,0.125,0.499999750000125,0.0005650675252500041,0.0,1,0.24999993750001562,0.24999996875000394,0.49999987500003124,7
54,0.0,0,0,1,380.84,380.84,1,3,1,0.125,0.9999990000010001,0.002625774596613343,0.0,0,0.0,0.12499998437500197,0.7499998125000469,2
32,0.0,0,0,4,282.78499999999997,1131.1399999999999,4,3,3,0.3333333333333333,0.7499998125000469,0.002652191591976067,0.9999997500000625,0,0.0,0.33333329629630043,0.4285713673469475,1
51,0.0,1,0,3,244.13666666666666,732.41,3,3,2,0.25,0.6666664444445185,0.0027307109368649926,0.33333322222225925,0,0.0,0.3749999531250059,0.49999991666668053,1
52,0.0,0,1,2,237.885,475.77,2,2,1,0.125,0.499999750000125,0.002101855934376157,0.499999750000125,0,0.0,0.24999996875000394,0.49999987500003124,2
22,1.0,0,1,0,0.0,0.0,0,0,2,0.25,2000000.0,2000000.0,0.0,0,0.0,0.0,0.0,3
24,1.0,0,0,0,0.0,0.0,0,2,1,0.125,1000000.0,1000000.0,0.0,0,0.0,0.0,0.99999950000025,6
41,0.0,0,0,3,254.60250000000002,1018.4100000000001,4,4,1,0.125,0.24999993750001562,0.000981922800265195,0.49999987500003124,0,0.0,0.3749999531250059,0.4999999375000079,4
36,0.0,0,1,1,100.45,100.45,1,2,1,0.125,0.9999990000010001,0.009955201493726216,0.0,0,0.0,0.12499998437500197,0.6666664444445185,2
49,0.0,0,0,4,782.8125,3131.25,4,4,1,0.125,0.24999993750001562,0.0003193612773431182,0.0,0,0.0,0.4999999375000079,0.4999999375000079,4
34,0.0,0,0,2,710.765,1421.53,2,2,1,0.125,0.499999750000125,0.0007034673902742345,0.99999950000025,0,0.0,0.24999996875000394,0.49999987500003124,2
43,0.0,1,0,1,647.94,647.94,1,2,0,0.0,0.0,0.0,0.0,0,0.0,0.12499998437500197,0.6666664444445185,2
26,1.0,0,0,1,312.38,312.38,1,1,1,0.125,0.9999990000010001,0.003201229261792595,0.9999990000010001,0,0.0,0.12499998437500197,0.499999750000125,2
24,0.0,1,0,1,98.31,98.31,1,2,2,0.2222222222222222,1.9999980000020001,0.020343810188751803,0.9999990000010001,0,0.0,0.11111109876543349,0.6666664444445185,1
49,0.0,0,0,2,258.51,517.02,2,3,1,0.125,0.499999750000125,0.0019341611505663977,0.499999750000125,0,0.0,0.24999996875000394,0.599999880000024,2
40,0.0,0,0,1,394.25,788.5,2,2,2,0.25,0.99999950000025,0.0025364616328009365,0.0,1,0.24999993750001562,0.24999996875000394,0.49999987500003124,7
18,0.0,0,0,1,184.45,184.45,1,2,1,0.125,0.9999990000010001,0.005421523418695997,0.9999990000010001,0,0.0,0.12499998437500197,0.6666664444445185,2
43,0.0,0,0,3,423.07666666666665,1269.23,3,3,2,0.25,0.6666664444445185,0.0015757585295212383,0.33333322222225925,0,0.0,0.3749999531250059,0.49999991666668053,1
42,0.0,0,1,3,353.1000000000001,1059.3000000000002,3,4,1,0.14285714285714285,0.33333322222225925,0.0009440196347172473,0.9999996666667778,0,0.0,0.4285713673469475,0.57142848979593,4
32,0.0,0,0,2,521.96,1043.92,2,1,2,0.25,0.99999950000025,0.0019158556192851407,0.499999750000125,0,0.0,0.12499998437500197,0.33333322222225925,1
59,0.0,1,0,0,0.0,0.0,0,0,1,0.125,1000000.0,1000000.0,0.0,0,0.0,0.0,0.0,0
52,0.0,1,0,3,559.3066666666667,1677.92,3,3,1,0.125,0.33333322222225925,0.0005959759698936922,0.6666664444445185,0,0.0,0.3749999531250059,0.49999991666668053,4
37,0.0,0,0,3,356.9533333333334,1070.8600000000001,3,3,1,0.1111111111111111,0.33333322222225925,0.0009338288843230403,0.6666664444445185,0,0.0,0.22222219753086697,0.49999991666668053,2
44,1.0,0,1,1,630.46,630.46,1,1,2,0.25,1.9999980000020001,0.003172286896595681,0.9999990000010001,0,0.0,0.0,0.499999750000125,1
42,0.0,1,0,2,424.1,848.2,2,3,0,0.0,0.0,0.0,0.0,0,0.0,0.24999996875000394,0.599999880000024,2
56,1.0,0,0,3,315.24666666666667,945.74,3,4,2,0.25,0.6666664444445185,0.0021147461224916508,0.0,0,0.0,0.3749999531250059,0.57142848979593,4
52,0.0,1,1,4,525.2975,2101.19,4,4,1,0.125,0.24999993750001562,0.0004759207875175873,1.4999996250000938,0,0.0,0.4999999375000079,0.4999999375000079,4
26,0.0,0,0,1,119.44,119.44,1,1,0,0.0,0.0,0.0,0.9999990000010001,0,0.0,0.12499998437500197,0.499999750000125,2
24,0.0,0,0,0,0.0,0.0,0,0,1,0.125,1000000.0,1000000.0,0.0,0,0.0,0.0,0.0,0
45,0.0,1,0,4,719.06,2876.24,4,3,3,0.375,0.7499998125000469,0.0010430283978238853,0.9999997500000625,0,0.0,0.3749999531250059,0.4285713673469475,1
32,0.0,0,0,2,841.7075,3366.83,4,4,2,0.25,0.49999987500003124,0.0005940305864584697,0.7499998125000469,1,0.12499998437500197,0.3749999531250059,0.4999999375000079,7
53,0.0,1,1,4,568.7,2274.8,4,5,0,0.0,0.0,0.0,0.49999987500003124,0,0.0,0.44444439506173394,0.5555554938271674,4
49,1.0,1,1,0,0.0,0.0,0,1,1,0.125,1000000.0,1000000.0,0.0,0,0.0,0.0,0.9999990000010001,6
22,0.0,0,0,1,648.69,648.69,1,2,0,0.0,0.0,0.0,0.9999990000010001,0,0.0,0.11111109876543349,0.6666664444445185,2
52,0.0,0,0,1,167.185,334.37,2,1,1,0.125,0.499999750000125,0.0029906989173948055,0.0,0,0.0,0.12499998437500197,0.33333322222225925,2
43,1.0,0,1,2,267.385,534.77,2,1,0,0.0,0.0,0.0,0.499999750000125,0,0.0,0.11111109876543349,0.33333322222225925,2
40,0.0,0,0,3,258.9375,1035.75,4,4,2,0.25,0.49999987500003124,0.0019309678957943827,0.24999993750001562,0,0.0,0.3749999531250059,0.4999999375000079,4
49,0.0,1,0,3,827.36,2482.08,3,3,2,0.25,0.6666664444445185,0.0008057758006165089,0.9999996666667778,0,0.0,0.3749999531250059,0.49999991666668053,1
71,0.0,1,0,0,0.0,0.0,0,1,1,0.125,1000000.0,1000000.0,0.0,0,0.0,0.0,0.9999990000010001,6
28,0.0,0,0,3,313.81333333333333,941.44,3,3,2,0.2,0.6666664444445185,0.0021244051642968164,0.33333322222225925,0,0.0,0.299999970000003,0.49999991666668053,1
24,0.0,0,0,0,0.0,0.0,0,0,1,0.125,1000000.0,1000000.0,0.0,0,0.0,0.0,0.0,0
54,1.0,0,1,3,384.5775,1538.31,4,3,0,0.0,0.0,0.0,0.49999987500003124,0,0.0,0.3749999531250059,0.4285713673469475,4
55,0.0,1,1,2,471.33000000000004,942.6600000000001,2,3,2,0.25,0.99999950000025,0.0021216557378888933,1.9999990000005,0,0.0,0.24999996875000394,0.599999880000024,1
46,0.0,1,1,3,929.2766666666666,2787.83,3,3,1,0.125,0.33333322222225925,0.0003587019293290115,0.9999996666667778,0,0.0,0.3749999531250059,0.49999991666668053,4
47,0.0,1,1,2,322.515,645.03,2,2,1,0.125,0.499999750000125,0.0015503154867985746,0.499999750000125,0,0.0,0.24999996875000394,0.49999987500003124,2
54,0.0,0,0,4,489.70500000000004,1958.8200000000002,4,3,2,0.2,0.49999987500003124,0.0010210228601806072,0.49999987500003124,0,0.0,0.299999970000003,0.4285713673469475,4
42,0.0,1,0,5,617.1583333333333,3702.95,6,6,1,0.125,0.16666663888889352,0.0002700549561106537,0.9999998333333611,0,0.0,0.7499999062500118,0.4999999583333368,4
42,0.0,0,0,2,395.07000000000005,790.1400000000001,2,3,1,0.125,0.499999750000125,0.0012655984999296345,0.0,0,0.0,0.24999996875000394,0.599999880000024,2
60,0.0,1,1,1,621.36,621.36,1,4,3,0.375,2.9999970000030003,0.00482811895708105,0.9999990000010001,0,0.0,0.12499998437500197,0.799999840000032,1
42,1.0,0,0,4,541.0,2164.0,4,4,1,0.125,0.24999993750001562,0.00046210720865891535,0.49999987500003124,0,0.0,0.3749999531250059,0.4999999375000079,4
41,0.0,1,1,3,401.18,1203.54,3,2,2,0.25,0.6666664444445185,0.0016617644601244956,0.9999996666667778,0,0.0,0.24999996875000394,0.399999920000016,1
53,0.0,1,1,1,1166.44,1166.44,1,1,2,0.25,1.9999980000020001,0.0017146188387618573,2.9999970000030003,0,0.0,0.12499998437500197,0.499999750000125,1
60,0.0,1,1,0,0.0,0.0,0,1,1,0.1111111111111111,1000000.0,1000000.0,0.0,0,0.0,0.0,0.9999990000010001,6
51,0.0,1,0,4,322.924,1614.62,5,5,1,0.125,0.199999960000008,0.0006193407732969114,0.599999880000024,0,0.0,0.6249999218750099,0.499999950000005,4
31,0.0,0,0,2,227.755,455.51,2,2,3,0.3333333333333333,1.499999250000375,0.0065860244416455745,0.99999950000025,0,0.0,0.11111109876543349,0.49999987500003124,1
41,0.0,1,0,3,565.38,1696.1399999999999,4,4,2,0.25,0.49999987500003124,0.0011791479469978022,0.24999993750001562,1,0.12499998437500197,0.3749999531250059,0.4999999375000079,7
37,0.0,0,0,4,349.2675,1397.07,4,3,3,0.375,0.7499998125000469,0.0021473512407056547,0.49999987500003124,0,0.0,0.3749999531250059,0.4285713673469475,1
19,0.0,0,0,1,814.84,814.84,1,1,3,0.3333333333333333,2.9999970000030003,0.0036817043791643705,0.9999990000010001,0,0.0,0.11111109876543349,0.499999750000125,1
58,0.0,1,1,2,453.605,907.21,2,1,1,0.125,0.499999750000125,0.0011022806173848607,0.99999950000025,0,0.0,0.12499998437500197,0.33333322222225925,2
42,0.0,0,0,3,253.93,1015.72,4,3,1,0.125,0.24999993750001562,0.0009845232928518456,0.24999993750001562,0,0.0,0.3749999531250059,0.4285713673469475,4
47,0.0,1,1,3,4506.633333333333,13519.9,3,2,4,0.5,1.333332888889037,0.00029586017645871196,1.6666661111112961,0,0.0,0.24999996875000394,0.399999920000016,5
37,0.0,0,0,5,381.284,1906.42,5,3,1,0.125,0.199999960000008,0.0005245433847082261,0.599999880000024,0,0.0,0.3749999531250059,0.3749999531250059,4
53,0.0,1,0,2,988.4066666666666,2965.22,3,3,1,0.125,0.33333322222225925,0.0003372431049509841,0.33333322222225925,0,0.0,0.3749999531250059,0.49999991666668053,4
27,0.0,1,0,1,280.58,280.58,1,1,3,0.375,2.9999970000030003,0.010692137676626497,1.9999980000020001,0,0.0,0.12499998437500197,0.499999750000125,1
35,0.0,0,0,2,449.31,898.62,2,2,1,0.1111111111111111,0.499999750000125,0.0011128174299338792,0.0,0,0.0,0.11111109876543349,0.49999987500003124,2
49,0.0,1,0,5,566.708,2833.54,5,4,5,0.5555555555555556,0.99999980000004,0.0017645771713952947,0.799999840000032,0,0.0,0.44444439506173394,0.44444439506173394,1
35,0.0,1,1,2,330.40999999999997,660.8199999999999,2,2,1,0.125,0.499999750000125,0.0015132713878011088,0.499999750000125,0,0.0,0.24999996875000394,0.49999987500003124,2
46,0.0,0,0,2,156.38,312.76,2,1,3,0.375,1.499999250000375,0.00959201940915712,0.99999950000025,0,0.0,0.12499998437500197,0.33333322222225925,1
37,0.0,0,1,4,161.53,646.12,4,4,3,0.375,0.7499998125000469,0.004643100345689499,0.7499998125000469,0,0.0,0.4999999375000079,0.4999999375000079,1
44,0.0,0,0,3,155.65666666666667,466.97,3,3,3,0.375,0.9999996666667778,0.0064243955576923665,0.0,0,0.0,0.3749999531250059,0.49999991666668053,1
48,0.0,1,1,3,298.91,896.73,3,3,3,0.3333333333333333,0.9999996666667778,0.003345488604880523,0.33333322222225925,0,0.0,0.33333329629630043,0.49999991666668053,1
47,0.0,1,1,3,426.3633333333333,1279.09,3,3,0,0.0,0.0,0.0,0.6666664444445185,0,0.0,0.33333329629630043,0.49999991666668053,2
39,1.0,0,0,2,538.53,1077.06,2,1,3,0.375,1.499999250000375,0.0027853601444809387,0.99999950000025,0,0.0,0.12499998437500197,0.33333322222225925,1
50,0.0,0,0,3,378.06,1134.18,3,1,1,0.125,0.33333322222225925,0.0008816942629197355,0.6666664444445185,0,0.0,0.12499998437500197,0.24999993750001562,2
34,1.0,1,1,3,341.49666666666667,1024.49,3,2,1,0.125,0.33333322222225925,0.0009760954221357987,0.6666664444445185,0,0.0,0.24999996875000394,0.399999920000016,2
22,0.0,0,0,1,4496.72,8993.44,2,2,3,0.375,1.499999250000375,0.00033357647348138456,0.99999950000025,1,0.24999993750001562,0.24999996875000394,0.49999987500003124,5
47,0.0,1,1,2,232.985,465.97,2,3,0,0.0,0.0,0.0,0.499999750000125,0,0.0,0.24999996875000394,0.599999880000024,2
32,0.0,0,0,2,480.68,1442.04,3,3,1,0.125,0.33333322222225925,0.0006934620394070469,0.6666664444445185,0,0.0,0.24999996875000394,0.49999991666668053,2
55,0.0,1,0,2,924.1199999999999,1848.2399999999998,2,3,1,0.125,0.499999750000125,0.0005410552739140722,0.99999950000025,0,0.0,0.24999996875000394,0.599999880000024,2
39,0.0,1,1,2,489.625,979.25,2,2,3,0.3,1.499999250000375,0.0030635690548240294,0.499999750000125,0,0.0,0.19999998000000202,0.49999987500003124,1
50,0.0,0,0,0,0.0,0.0,0,1,2,0.25,2000000.0,2000000.0,0.0,0,0.0,0.0,0.9999990000010001,6
36,0.0,1,0,2,334.66499999999996,669.3299999999999,2,2,0,0.0,0.0,0.0,0.99999950000025,0,0.0,0.12499998437500197,0.49999987500003124,2
58,0.0,1,0,4,604.125,2416.5,4,4,1,0.125,0.24999993750001562,0.00041382164270067386,0.49999987500003124,0,0.0,0.4999999375000079,0.4999999375000079,4
33,0.0,0,0,2,259.47,518.94,2,1,3,0.375,1.499999250000375,0.005781015135119637,0.0,0,0.0,0.12499998437500197,0.33333322222225925,1
27,0.0,0,0,1,263.68,263.68,1,1,2,0.2222222222222222,1.9999980000020001,0.007584951427544936,0.0,0,0.0,0.11111109876543349,0.499999750000125,1
35,0.0,1,1,2,2935.7899999999995,8807.369999999999,3,3,3,0.375,0.9999996666667778,0.0003406238184224549,2.3333325555558146,1,0.16666663888889352,0.24999996875000394,0.49999991666668053,5
38,0.0,0,1,0,0.0,0.0,0,3,1,0.125,1000000.0,1000000.0,0.0,0,0.0,0.0,0.9999996666667778,6
34,0.0,0,0,2,636.4549999999999,1272.9099999999999,2,1,3,0.375,1.499999250000375,0.002356804485504235,0.99999950000025,0,0.0,0.12499998437500197,0.33333322222225925,1
51,0.0,0,1,4,354.65999999999997,1418.6399999999999,4,4,3,0.375,0.7499998125000469,0.0021147014026710784,0.24999993750001562,0,0.0,0.3749999531250059,0.4999999375000079,1
56,0.0,1,1,1,249.08,249.08,1,2,0,0.0,0.0,0.0,0.0,0,0.0,0.12499998437500197,0.6666664444445185,2
44,0.0,1,0,2,484.135,968.27,2,1,1,0.125,0.499999750000125,0.0010327697842205483,0.499999750000125,0,0.0,0.12499998437500197,0.33333322222225925,2
44,0.0,1,1,5,319.39199999999994,1596.9599999999998,5,4,2,0.25,0.399999920000016,0.001252379520305844,0.399999920000016,0,0.0,0.4999999375000079,0.44444439506173394,4
62,0.0,1,1,0,0.0,0.0,0,0,0,0.0,0.0,0.0,0.0,0,0.0,0.0,0.0,0
28,1.0,0,1,2,235.195,470.39,2,2,2,0.25,0.99999950000025,0.004251791057948105,0.499999750000125,0,0.0,0.12499998437500197,0.49999987500003124,1
52,0.0,0,0,6,448.91,2693.46,6,5,1,0.125,0.16666663888889352,0.0003712696678728217,0.33333327777778704,0,0.0,0.6249999218750099,0.4545454132231443,4
42,0.0,1,0,2,352.09999999999997,1056.3,3,4,3,0.375,0.9999996666667778,0.0028401022409920455,0.6666664444445185,0,0.0,0.3749999531250059,0.57142848979593,1
40,1.0,1,1,1,136.34,136.34,1,2,2,0.25,1.9999980000020001,0.014669209222024283,0.0,0,0.0,0.12499998437500197,0.6666664444445185,1
39,0.0,1,0,1,49.97,49.97,1,2,1,0.125,0.9999990000010001,0.020012006803842172,0.0,0,0.0,0.12499998437500197,0.6666664444445185,2
24,0.0,0,0,1,573.05,573.05,1,1,2,0.2222222222222222,1.9999980000020001,0.003490096844097205,0.0,0,0.0,0.11111109876543349,0.499999750000125,1
50,0.0,0,0,3,1369.0166666666667,4107.05,3,3,4,0.4444444444444444,1.333332888889037,0.000973935062642545,0.6666664444445185,0,0.0,0.33333329629630043,0.49999991666668053,1
51,0.0,0,1,2,477.25,954.5,2,2,2,0.2222222222222222,0.99999950000025,0.002095337871036838,0.0,0,0.0,0.22222219753086697,0.49999987500003124,1
43,0.0,0,0,5,416.97999999999996,2918.8599999999997,7,7,1,0.1111111111111111,0.1428571224489825,0.0003425995079097321,0.7142856122449125,0,0.0,0.7777776913580343,0.49999996428571686,4
43,0.0,0,1,4,423.052,2115.26,5,4,1,0.125,0.199999960000008,0.0004727551220782527,0.199999960000008,0,0.0,0.4999999375000079,0.44444439506173394,4
61,0.0,1,1,1,730.57,730.57,1,1,2,0.25,1.9999980000020001,0.002737588454579864,0.9999990000010001,0,0.0,0.12499998437500197,0.499999750000125,1
39,1.0,0,1,2,1516.635,3033.27,2,2,3,0.42857142857142855,1.499999250000375,0.0009890316387960744,0.499999750000125,0,0.0,0.285714244897965,0.49999987500003124,1
51,0.0,1,0,3,360.8566666666666,1082.57,3,3,3,0.375,0.9999996666667778,0.002771183385119499,0.6666664444445185,0,0.0,0.3749999531250059,0.49999991666668053,1
45,0.0,1,0,3,642.0175,2568.07,4,3,2,0.25,0.49999987500003124,0.0007787949702388194,0.0,1,0.1428571224489825,0.3749999531250059,0.4285713673469475,7
46,1.0,0,0,4,552.5425,2210.17,4,3,0,0.0,0.0,0.0,0.7499998125000469,0,0.0,0.33333329629630043,0.4285713673469475,4
33,0.0,1,1,0,0.0,0.0,0,1,1,0.125,1000000.0,1000000.0,0.0,0,0.0,0.0,0.9999990000010001,6
51,0.0,1,0,1,326.33,326.33,1,1,2,0.2222222222222222,1.9999980000020001,0.006128765341437302,0.0,0,0.0,0.11111109876543349,0.499999750000125,1
39,0.0,0,1,0,0.0,0.0,0,0,1,0.125,1000000.0,1000000.0,0.0,0,0.0,0.0,0.0,0
45,0.0,1,0,1,147.43,147.43,1,2,2,0.25,1.9999980000020001,0.013565759929690294,0.0,0,0.0,0.12499998437500197,0.6666664444445185,1
28,0.0,0,0,1,1100.77,1100.77,1,0,0,0.0,0.0,0.0,1.9999980000020001,0,0.0,0.0,0.0,0
36,0.0,0,0,4,327.2875,1309.15,4,3,1,0.1111111111111111,0.24999993750001562,0.0007638544087661043,1.999999500000125,0,0.0,0.33333329629630043,0.4285713673469475,4
38,0.0,1,0,4,378.01,1512.04,4,4,3,0.3333333333333333,0.7499998125000469,0.001984074494071536,0.7499998125000469,0,0.0,0.44444439506173394,0.4999999375000079,4
20,0.0,0,1,0,0.0,0.0,0,1,0,0.0,0.0,0.0,0.0,0,0.0,0.0,0.9999990000010001,2
39,0.0,0,1,4,170.6925,682.77,4,5,2,0.25,0.49999987500003124,0.0029292441042675513,0.9999997500000625,0,0.0,0.4999999375000079,0.5555554938271674,4
51,0.0,1,0,1,355.15,355.15,1,2,1,0.1111111111111111,0.9999990000010001,0.002815711663196645,0.0,0,0.0,0.11111109876543349,0.6666664444445185,2
35,0.0,0,0,2,381.20666666666665,1143.62,3,3,3,0.375,0.9999996666667778,0.002623248979011167,0.0,1,0.16666663888889352,0.3749999531250059,0.49999991666668053,7
72,0.0,0,0,1,354.66,354.66,1,2,1,0.125,0.9999990000010001,0.0028196018642654883,0.0,0,0.0,0.12499998437500197,0.6666664444445185,2
38,0.0,0,0,3,388.25666666666666,1164.77,3,4,4,0.4444444444444444,1.333332888889037,0.003434154379461907,0.33333322222225925,0,0.0,0.33333329629630043,0.57142848979593,1
27,0.0,0,0,2,306.105,612.21,2,4,2,0.25,0.99999950000025,0.0032668528719445077,0.99999950000025,0,0.0,0.24999996875000394,0.6666665555555741,1
19,0.0,0,1,1,549.37,549.37,1,1,0,0.0,0.0,0.0,0.0,0,0.0,0.12499998437500197,0.499999750000125,2
30,0.0,0,0,3,273.8666666666667,821.6,3,3,2,0.25,0.6666664444445185,0.002434274583210474,0.0,0,0.0,0.3749999531250059,0.49999991666668053,1
30,0.0,0,1,1,97.51,97.51,1,0,1,0.125,0.9999990000010001,0.010255358319604571,0.0,0,0.0,0.0,0.0,0
47,0.0,0,0,4,250.39,1001.56,4,3,2,0.2222222222222222,0.49999987500003124,0.00199688485762522,0.0,0,0.0,0.33333329629630043,0.4285713673469475,4
47,0.0,1,0,2,123.035,246.07,2,2,5,0.625,2.499998750000625,0.020319421220305518,0.0,0,0.0,0.24999996875000394,0.49999987500003124,1
55,0.0,1,1,4,252.564,1262.82,5,5,3,0.375,0.599999880000024,0.002375635480610352,0.599999880000024,1,0.09999999000000101,0.6249999218750099,0.499999950000005,7
34,1.0,0,1,2,362.515,725.03,2,2,3,0.375,1.499999250000375,0.004137759811128147,0.499999750000125,0,0.0,0.24999996875000394,0.49999987500003124,1
52,0.0,0,1,3,507.0266666666667,1521.0800000000002,3,3,1,0.1111111111111111,0.33333322222225925,0.000657427616787133,0.6666664444445185,0,0.0,0.33333329629630043,0.49999991666668053,4
45,0.0,0,0,2,667.24,1334.48,2,3,2,0.25,0.99999950000025,0.0014987111073236682,0.0,0,0.0,0.24999996875000394,0.599999880000024,1
41,0.0,1,0,1,911.86,911.86,1,4,1,0.125,0.9999990000010001,0.0010966595737320866,0.9999990000010001,0,0.0,0.12499998437500197,0.799999840000032,2
51,0.0,1,0,4,439.385,1757.54,4,2,0,0.0,0.0,0.0,0.0,0,0.0,0.24999996875000394,0.33333327777778704,4
35,0.0,0,0,2,172.255,344.51,2,2,1,0.125,0.499999750000125,0.0029026733537410427,0.499999750000125,0,0.0,0.24999996875000394,0.49999987500003124,2
62,1.0,0,0,4,688.9625,2755.85,4,4,1,0.125,0.24999993750001562,0.0003628644518522908,0.7499998125000469,0,0.0,0.4999999375000079,0.4999999375000079,4
59,0.0,1,0,0,0.0,0.0,0,0,3,0.3333333333333333,3000000.0,3000000.0,0.0,0,0.0,0.0,0.0,3
44,0.0,0,0,5,349.7114285714286,2447.98,7,7,1,0.125,0.1428571224489825,0.0004085000692781395,0.1428571224489825,1,0.07142856632653098,0.8749998906250137,0.49999996428571686,4
38,0.0,0,0,3,847.46,3389.84,4,4,2,0.25,0.49999987500003124,0.0005899983478305765,0.9999997500000625,1,0.12499998437500197,0.4999999375000079,0.4999999375000079,7
53,0.0,0,1,3,464.93666666666667,1394.81,3,4,1,0.125,0.33333322222225925,0.0007169435258444207,0.33333322222225925,0,0.0,0.3749999531250059,0.57142848979593,4
48,0.0,0,1,3,380.09,1520.36,4,4,0,0.0,0.0,0.0,0.49999987500003124,0,0.0,0.4999999375000079,0.4999999375000079,4
50,0.0,1,0,3,434.16333333333336,1302.49,3,4,1,0.125,0.33333322222225925,0.0007677602125407794,0.33333322222225925,0,0.0,0.3749999531250059,0.57142848979593,4
36,0.0,0,0,4,304.115,1216.46,4,4,2,0.25,0.49999987500003124,0.0016441148893970084,0.49999987500003124,0,0.0,0.4999999375000079,0.4999999375000079,4
39,0.0,0,0,3,657.65,1972.95,3,4,1,0.1111111111111111,0.33333322222225925,0.0005068552165504168,0.6666664444445185,0,0.0,0.33333329629630043,0.57142848979593,4
40,0.0,1,0,2,204.13,408.26,2,4,1,0.125,0.499999750000125,0.0024494194815817875,0.99999950000025,0,0.0,0.24999996875000394,0.6666665555555741,2
38,1.0,0,0,5,352.262,1761.31,5,5,0,0.0,0.0,0.0,1.199999760000048,0,0.0,0.6249999218750099,0.499999950000005,4
49,0.0,1,0,3,236.32666666666668,708.98,3,4,3,0.375,0.9999996666667778,0.0042314310640195335,0.33333322222225925,0,0.0,0.3749999531250059,0.57142848979593,1
28,1.0,0,0,3,335.25,1005.75,3,3,2,0.25,0.6666664444445185,0.001988565744977812,0.33333322222225925,0,0.0,0.3749999531250059,0.49999991666668053,1
57,0.0,0,1,1,272.85,272.85,1,1,2,0.25,1.9999980000020001,0.0073300347908006784,1.9999980000020001,0,0.0,0.12499998437500197,0.499999750000125,1
55,0.0,1,0,0,0.0,0.0,0,0,1,0.14285714285714285,1000000.0,1000000.0,0.0,0,0.0,0.0,0.0,0
40,0.0,0,0,2,512.765,1025.53,2,2,1,0.125,0.499999750000125,0.0009751055542255169,0.99999950000025,0,0.0,0.24999996875000394,0.49999987500003124,2
50,1.0,1,1,2,276.905,553.81,2,2,1,0.125,0.499999750000125,0.0018056734226437347,0.499999750000125,0,0.0,0.24999996875000394,0.49999987500003124,2
42,1.0,0,0,3,297.71666666666664,893.15,3,3,3,0.375,0.9999996666667778,0.0033588982776029805,0.0,0,0.0,0.3749999531250059,0.49999991666668053,1
47,0.0,1,1,1,8945.15,8945.15,1,1,0,0.0,0.0,0.0,2.9999970000030003,0,0.0,0.0,0.499999750000125,5
44,0.0,1,1,2,376.58500000000004,753.1700000000001,2,1,0,0.0,0.0,0.0,0.0,0,0.0,0.11111109876543349,0.33333322222225925,2
48,0.0,1,0,3,313.77333333333337,941.32,3,3,0,0.0,0.0,0.0,0.0,0,0.0,0.33333329629630043,0.49999991666668053,4
31,0.0,0,1,2,123.98,247.96,2,2,1,0.125,0.499999750000125,0.004032908517370106,0.499999750000125,0,0.0,0.24999996875000394,0.49999987500003124,2
42,1.0,0,0,3,292.51,877.53,3,3,2,0.25,0.6666664444445185,0.0022791243578235225,0.6666664444445185,0,0.0,0.3749999531250059,0.49999991666668053,1
48,1.0,1,1,4,432.55,1730.2,4,4,2,0.25,0.49999987500003124,0.0011559357293053198,0.49999987500003124,0,0.0,0.4999999375000079,0.4999999375000079,4
54,0.0,1,0,5,355.556,1777.78,5,5,2,0.2222222222222222,0.399999920000016,0.0011249985931189469,1.199999760000048,0,0.0,0.5555554938271674,0.499999950000005,4
29,1.0,0,0,3,217.13,651.39,3,3,1,0.125,0.33333322222225925,0.0015351786156754348,0.0,0,0.0,0.24999996875000394,0.49999991666668053,2
61,0.0,1,0,1,4332.96,4332.96,1,0,1,0.125,0.9999990000010001,0.00023078911408580066,0.9999990000010001,0,0.0,0.0,0.0,2
44,0.0,1,1,2,474.73,949.46,2,3,1,0.125,0.499999750000125,0.0010532302560895348,0.99999950000025,0,0.0,0.24999996875000394,0.599999880000024,2
36,0.0,0,1,0,0.0,0.0,0,0,2,0.25,2000000.0,2000000.0,0.0,0,0.0,0.0,0.0,3
41,0.0,0,1,3,147.30666666666667,441.92,3,3,2,0.2222222222222222,0.6666664444445185,0.004525705999896574,0.6666664444445185,0,0.0,0.33333329629630043,0.49999991666668053,1
41,0.0,0,0,2,354.185,708.37,2,2,1,0.1111111111111111,0.499999750000125,0.001411691628087452,0.499999750000125,0,0.0,0.22222219753086697,0.49999987500003124,2
54,0.0,1,1,2,5779.495,11558.99,2,1,1,0.125,0.499999750000125,8.651274894376474e-05,1.9999990000005,0,0.0,0.12499998437500197,0.33333322222225925,5
38,0.0,0,0,2,189.89499999999998,379.78999999999996,2,2,1,0.125,0.499999750000125,0.0026330340381973357,0.0,0,0.0,0.12499998437500197,0.49999987500003124,2
38,0.0,1,0,2,232.485,464.97,2,3,0,0.0,0.0,0.0,0.99999950000025,0,0.0,0.24999996875000394,0.599999880000024,2
30,0.0,0,1,5,180.91799999999998,904.5899999999999,5,4,0,0.0,0.0,0.0,0.599999880000024,0,0.0,0.4999999375000079,0.44444439506173394,4
33,0.0,0,0,1,539.85,539.85,1,3,0,0.0,0.0,0.0,0.0,0,0.0,0.12499998437500197,0.7499998125000469,2
49,0.0,1,0,3,270.9125,1083.65,4,4,0,0.0,0.0,0.0,0.24999993750001562,0,0.0,0.39999996000000404,0.4999999375000079,4
20,0.0,0,0,0,0.0,0.0,0,0,1,0.125,1000000.0,1000000.0,0.0,0,0.0,0.0,0.0,0
59,0.0,1,0,2,265.078,1325.3899999999999,5,5,3,0.3333333333333333,0.599999880000024,0.002263484708452995,0.799999840000032,1,0.09999999000000101,0.5555554938271674,0.499999950000005,7
40,0.0,0,0,1,1629.24,1629.24,1,1,2,0.25,1.9999980000020001,0.0012275662264444977,0.0,0,0.0,0.12499998437500197,0.499999750000125,1
43,0.0,1,1,4,392.714,1963.57,5,5,0,0.0,0.0,0.0,0.599999880000024,0,0.0,0.6249999218750099,0.499999950000005,4
56,0.0,0,1,1,311.77,311.77,1,1,2,0.25,1.9999980000020001,0.0064149853853321835,0.9999990000010001,0,0.0,0.12499998437500197,0.499999750000125,1
42,0.0,0,0,2,437.6,875.2,2,2,0,0.0,0.0,0.0,0.0,0,0.0,0.24999996875000394,0.49999987500003124,2
23,0.0,0,0,0,0.0,0.0,0,0,0,0.0,0.0,0.0,0.0,0,0.0,0.0,0.0,0
44,0.0,1,0,2,500.11,1000.22,2,3,3,0.375,1.499999250000375,0.0029993401421693827,0.99999950000025,0,0.0,0.24999996875000394,0.599999880000024,1
28,0.0,0,0,1,98.16,98.16,1,2,0,0.0,0.0,0.0,0.0,0,0.0,0.12499998437500197,0.6666664444445185,2
43,0.0,1,0,2,559.675,1119.35,2,2,1,0.125,0.499999750000125,0.0008933756189812162,0.499999750000125,0,0.0,0.24999996875000394,0.49999987500003124,2
55,0.0,1,1,5,346.904,1734.52,5,5,2,0.25,0.399999920000016,0.001153056752788635,0.799999840000032,0,0.0,0.6249999218750099,0.499999950000005,4
54,0.0,0,0,3,746.8466666666667,2240.54,3,4,3,0.3,0.9999996666667778,0.0013389629279821102,0.9999996666667778,0,0.0,0.299999970000003,0.57142848979593,1
40,0.0,1,1,4,417.8125,1671.25,4,5,0,0.0,0.0,0.0,0.49999987500003124,0,0.0,0.4999999375000079,0.5555554938271674,4
46,0.0,1,0,1,66.3,66.3,1,3,2,0.25,1.9999980000020001,0.030165912063862564,0.0,0,0.0,0.12499998437500197,0.7499998125000469,1
42,0.0,1,1,2,401.41499999999996,802.8299999999999,2,2,3,0.375,1.499999250000375,0.003736781132074311,0.499999750000125,0,0.0,0.24999996875000394,0.49999987500003124,1
34,0.0,0,0,2,669.6166666666667,2008.85,3,3,4,0.5,1.333332888889037,0.001991188987733684,0.9999996666667778,1,0.16666663888889352,0.3749999531250059,0.49999991666668053,7
36,0.0,0,0,3,309.58,928.74,3,5,3,0.375,0.9999996666667778,0.0032301828248700575,0.33333322222225925,0,0.0,0.3749999531250059,0.6249999218750099,1
42,0.0,0,0,4,287.9075,1151.63,4,4,1,0.14285714285714285,0.24999993750001562,0.0008683344469418697,0.24999993750001562,0,0.0,0.57142848979593,0.4999999375000079,4
45,0.0,1,1,2,681.26,1362.52,2,2,2,0.25,0.99999950000025,0.001467868360488016,0.499999750000125,0,0.0,0.24999996875000394,0.49999987500003124,1
52,0.0,0,1,1,1301.14,1301.14,1,0,2,0.25,1.9999980000020001,0.001537113606885413,0.9999990000010001,0,0.0,0.0,0.0,0
27,0.0,0,1,0,0.0,0.0,0,1,3,0.375,3000000.0,3000000.0,0.0,0,0.0,0.0,0.9999990000010001,6
32,1.0,0,0,4,690.168,3450.84,5,4,1,0.125,0.199999960000008,0.00028978451614975354,0.599999880000024,1,0.11111109876543349,0.4999999375000079,0.44444439506173394,7
37,0.0,1,1,1,724.11,1448.22,2,1,0,0.0,0.0,0.0,0.0,0,0.0,0.12499998437500197,0.33333322222225925,2
57,0.0,1,1,1,649.73,649.73,1,2,0,0.0,0.0,0.0,0.0,0,0.0,0.12499998437500197,0.6666664444445185,2
29,1.0,0,0,2,488.34000000000003,976.6800000000001,2,2,3,0.375,1.499999250000375,0.0030716304182827224,0.499999750000125,0,0.0,0.24999996875000394,0.49999987500003124,1
37,0.0,0,1,3,617.9,3089.5,5,5,3,0.375,0.599999880000024,0.0009710309108363713,0.599999880000024,1,0.09999999000000101,0.3749999531250059,0.499999950000005,7
31,0.0,0,0,2,317.66,952.98,3,3,0,0.0,0.0,0.0,1.333332888889037,0,0.0,0.3749999531250059,0.49999991666668053,2
45,0.0,1,0,1,410.74,410.74,1,2,2,0.25,1.9999980000020001,0.0048692603474965665,0.9999990000010001,0,0.0,0.12499998437500197,0.6666664444445185,1
43,0.0,0,0,3,335.00666666666666,1005.02,3,3,3,0.3333333333333333,0.9999996666667778,0.002985015220607535,0.33333322222225925,0,0.0,0.33333329629630043,0.49999991666668053,1
56,0.0,1,1,3,832.8699999999999,2498.6099999999997,3,3,2,0.25,0.6666664444445185,0.0008004450471260242,0.6666664444445185,0,0.0,0.3749999531250059,0.49999991666668053,1
36,0.0,0,1,2,179.755,359.51,2,4,1,0.125,0.499999750000125,0.002781563787428545,0.0,0,0.0,0.24999996875000394,0.6666665555555741,2
69,0.0,0,0,0,0.0,0.0,0,0,0,0.0,0.0,0.0,0.0,0,0.0,0.0,0.0,0
69,0.0,1,0,0,0.0,0.0,0,0,1,0.1111111111111111,1000000.0,1000000.0,0.0,0,0.0,0.0,0.0,0
28,1.0,0,0,1,375.37,750.74,2,2,1,0.125,0.499999750000125,0.0013320190727388723,0.99999950000025,1,0.24999993750001562,0.24999996875000394,0.49999987500003124,7
19,0.0,0,0,0,0.0,0.0,0,1,0,0.0,0.0,0.0,0.0,0,0.0,0.0,0.9999990000010001,2
45,1.0,0,1,1,137.36,137.36,1,1,2,0.25,1.9999980000020001,0.01456027945136663,0.0,0,0.0,0.0,0.499999750000125,1
51,0.0,1,1,2,1292.5,2585.0,2,1,2,0.25,0.99999950000025,0.0007736943904163658,0.499999750000125,0,0.0,0.12499998437500197,0.33333322222225925,1
47,0.0,1,1,1,78.73,78.73,1,1,1,0.125,0.9999990000010001,0.012701638350036347,0.0,0,0.0,0.12499998437500197,0.499999750000125,2
40,0.0,1,0,2,1097.89,2195.78,2,3,1,0.1111111111111111,0.499999750000125,0.000455419030843063,0.499999750000125,0,0.0,0.22222219753086697,0.599999880000024,2
29,0.0,1,1,1,246.2,246.2,1,2,1,0.125,0.9999990000010001,0.004061738407547773,0.0,0,0.0,0.12499998437500197,0.6666664444445185,2
40,1.0,0,0,2,722.2099999999999,1444.4199999999998,2,1,1,0.125,0.499999750000125,0.0006923194080029913,0.499999750000125,0,0.0,0.12499998437500197,0.33333322222225925,2
53,0.0,0,0,3,1010.8966666666666,3032.69,3,3,4,0.4444444444444444,1.333332888889037,0.0013189610539425523,0.6666664444445185,0,0.0,0.22222219753086697,0.49999991666668053,1
45,0.0,1,0,4,117.91,471.64,4,5,3,0.375,0.7499998125000469,0.0063607836350589786,0.7499998125000469,0,0.0,0.4999999375000079,0.5555554938271674,4
36,0.0,1,0,2,291.64,583.28,2,2,0,0.0,0.0,0.0,0.499999750000125,0,0.0,0.24999996875000394,0.49999987500003124,2
34,0.0,0,0,1,90.78,90.78,1,1,0,0.0,0.0,0.0,0.9999990000010001,0,0.0,0.12499998437500197,0.499999750000125,2
39,0.0,0,0,3,1072.598,5362.99,5,4,2,0.2222222222222222,0.399999920000016,0.00037292629664181245,0.399999920000016,2,0.22222219753086697,0.44444439506173394,0.44444439506173394,7
19,0.0,0,0,0,0.0,0.0,0,0,1,0.125,1000000.0,1000000.0,0.0,0,0.0,0.0,0.0,0
48,0.0,1,0,5,357.586,1787.93,5,5,2,0.25,0.399999920000016,0.0011186120255722472,0.799999840000032,0,0.0,0.4999999375000079,0.499999950000005,4
33,0.0,0,0,3,329.66,988.98,3,3,2,0.25,0.6666664444445185,0.0020222855851258006,0.6666664444445185,0,0.0,0.3749999531250059,0.49999991666668053,1
49,0.0,1,1,2,341.87,683.74,2,3,0,0.0,0.0,0.0,0.99999950000025,0,0.0,0.24999996875000394,0.599999880000024,2
53,0.0,0,0,2,431.70000000000005,863.4000000000001,2,2,1,0.125,0.499999750000125,0.0011582117197611631,0.499999750000125,0,0.0,0.24999996875000394,0.49999987500003124,2
53,0.0,1,1,3,399.33,1197.99,3,4,2,0.25,0.6666664444445185,0.0016694630158269575,0.6666664444445185,0,0.0,0.3749999531250059,0.57142848979593,1
71,0.0,0,0,0,0.0,0.0,0,2,1,0.1111111111111111,1000000.0,1000000.0,0.0,0,0.0,0.0,0.99999950000025,6
53,0.0,0,0,2,349.45,698.9,2,1,2,0.25,0.99999950000025,0.0028616397154648168,0.499999750000125,0,0.0,0.12499998437500197,0.33333322222225925,1
50,0.0,0,0,4,276.98,1107.92,4,3,0,0.0,0.0,0.0,0.49999987500003124,0,0.0,0.3749999531250059,0.4285713673469475,4
50,0.0,0,0,4,366.9,1834.5,5,5,1,0.125,0.199999960000008,0.0005451076584654632,0.399999920000016,0,0.0,0.6249999218750099,0.499999950000005,4
38,0.0,0,0,3,943.5833333333334,2830.75,3,3,3,0.375,0.9999996666667778,0.0010597898079802916,0.9999996666667778,0,0.0,0.3749999531250059,0.49999991666668053,1
28,0.0,0,0,3,146.69333333333336,440.08000000000004,3,4,0,0.0,0.0,0.0,0.0,0,0.0,0.3749999531250059,0.57142848979593,4
42,0.0,0,1,3,440.49333333333334,1321.48,3,3,4,0.4444444444444444,1.333332888889037,0.0030269092207018573,0.33333322222225925,0,0.0,0.33333329629630043,0.49999991666668053,1
56,0.0,1,0,2,456.58000000000004,913.1600000000001,2,1,1,0.125,0.499999750000125,0.0010950983386316764,0.499999750000125,0,0.0,0.12499998437500197,0.33333322222225925,2
49,0.0,0,0,5,167.79166666666666,1006.75,6,6,0,0.0,0.0,0.0,0.6666665555555741,0,0.0,0.7499999062500118,0.4999999583333368,4
35,0.0,0,1,5,1002.6800000000001,5013.400000000001,5,4,2,0.25,0.399999920000016,0.0003989308652014738,0.0,0,0.0,0.4999999375000079,0.44444439506173394,4
30,0.0,0,0,3,276.24333333333334,828.73,3,2,1,0.125,0.33333322222225925,0.0012066656194337532,0.6666664444445185,0,0.0,0.24999996875000394,0.399999920000016,2
41,1.0,0,0,4,740.21,3701.05,5,2,2,0.25,0.399999920000016,0.0005403871872737771,0.599999880000024,0,0.0,0.24999996875000394,0.285714244897965,4
42,0.0,1,0,6,321.7666666666667,1930.6000000000001,6,5,0,0.0,0.0,0.0,0.49999991666668053,0,0.0,0.6249999218750099,0.4545454132231443,4
42,0.0,1,0,2,432.78499999999997,865.5699999999999,2,1,0,0.0,0.0,0.0,0.499999750000125,0,0.0,0.12499998437500197,0.33333322222225925,2
55,0.0,1,0,4,147.416,737.08,5,4,1,0.125,0.199999960000008,0.0013567048334553848,0.799999840000032,0,0.0,0.4999999375000079,0.44444439506173394,4
47,0.0,1,1,4,251.2475,1004.99,4,4,1,0.125,0.24999993750001562,0.0009950347754753433,0.49999987500003124,0,0.0,0.4999999375000079,0.4999999375000079,4
41,0.0,0,0,3,838.8466666666667,2516.54,3,3,3,0.375,0.9999996666667778,0.001192112980047163,0.33333322222225925,0,0.0,0.3749999531250059,0.49999991666668053,1
43,0.0,0,0,4,282.2325,1128.93,4,4,2,0.2222222222222222,0.49999987500003124,0.001771589025208304,0.7499998125000469,0,0.0,0.44444439506173394,0.4999999375000079,4
47,0.0,1,0,3,378.34999999999997,1135.05,3,4,1,0.125,0.33333322222225925,0.0008810184565604877,0.6666664444445185,0,0.0,0.3749999531250059,0.57142848979593,4
31,0.0,0,0,1,190.69,190.69,1,1,0,0.0,0.0,0.0,0.9999990000010001,0,0.0,0.12499998437500197,0.499999750000125,2
67,0.0,1,0,1,69.52,69.52,1,2,2,0.25,1.9999980000020001,0.028768699240956572,0.0,0,0.0,0.12499998437500197,0.6666664444445185,1
43,0.0,0,0,4,299.364,1496.82,5,5,1,0.125,0.199999960000008,0.0006680830021859121,0.599999880000024,0,0.0,0.6249999218750099,0.499999950000005,4
36,0.0,0,1,1,538.01,538.01,1,1,1,0.125,0.9999990000010001,0.0018587015076695574,0.0,0,0.0,0.12499998437500197,0.499999750000125,2
33,0.0,0,0,2,622.7950000000001,1245.5900000000001,2,2,0,0.0,0.0,0.0,0.499999750000125,0,0.0,0.24999996875000394,0.49999987500003124,2
52,0.0,1,1,1,361.08,361.08,1,1,2,0.2222222222222222,1.9999980000020001,0.0055389387239976225,0.0,0,0.0,0.11111109876543349,0.499999750000125,1
40,0.0,0,0,5,333.04,1665.2,5,4,1,0.125,0.199999960000008,0.0006005284646886088,0.199999960000008,0,0.0,0.3749999531250059,0.44444439506173394,4
46,1.0,1,0,1,964.33,964.33,1,1,3,0.375,2.9999970000030003,0.0031109682337882587,0.9999990000010001,0,0.0,0.12499998437500197,0.499999750000125,1
56,0.0,1,0,1,586.88,586.88,1,0,0,0.0,0.0,0.0,0.9999990000010001,0,0.0,0.0,0.0,0
46,0.0,0,0,3,274.71333333333337,824.1400000000001,3,3,2,0.25,0.6666664444445185,0.0024267721474181907,0.9999996666667778,0,0.0,0.3749999531250059,0.49999991666668053,1
58,1.0,1,1,2,469.3666666666666,1408.1,3,2,2,0.2222222222222222,0.6666664444445185,0.0014203536670546455,0.6666664444445185,1,0.199999960000008,0.22222219753086697,0.399999920000016,7
46,0.0,0,1,4,710.5649999999999,2842.2599999999998,4,5,2,0.25,0.49999987500003124,0.0007036653927847329,0.7499998125000469,0,0.0,0.4999999375000079,0.5555554938271674,4
23,0.0,0,1,1,212.03,212.03,1,2,1,0.125,0.9999990000010001,0.00471631370694565,0.0,0,0.0,0.12499998437500197,0.6666664444445185,2
32,0.0,0,1,1,85.23,85.23,1,1,2,0.25,1.9999980000020001,0.023465915482037834,0.0,0,0.0,0.12499998437500197,0.499999750000125,1
50,0.0,1,1,3,703.7733333333332,2111.3199999999997,3,4,1,0.125,0.33333322222225925,0.0004736373451330745,0.0,0,0.0,0.3749999531250059,0.57142848979593,4
34,0.0,0,1,3,629.6733333333333,1889.02,3,4,0,0.0,0.0,0.0,0.33333322222225925,0,0.0,0.3749999531250059,0.57142848979593,4
39,0.0,0,1,5,433.75,2168.75,5,5,0,0.0,0.0,0.0,0.399999920000016,0,0.0,0.5555554938271674,0.499999950000005,4
47,0.0,0,0,4,468.75,1875.0,4,3,1,0.125,0.24999993750001562,0.0005333333330488889,0.49999987500003124,0,0.0,0.3749999531250059,0.4285713673469475,4
22,1.0,0,1,0,0.0,0.0,0,2,1,0.125,1000000.0,1000000.0,0.0,0,0.0,0.0,0.99999950000025,6
54,1.0,1,0,2,704.68,2114.04,3,4,2,0.25,0.6666664444445185,0.0009460558925346466,0.33333322222225925,0,0.0,0.3749999531250059,0.57142848979593,1
50,0.0,1,0,4,331.296,1656.48,5,3,3,0.3333333333333333,0.599999880000024,0.0018110692541949982,0.799999840000032,1,0.12499998437500197,0.33333329629630043,0.3749999531250059,7
40,0.0,1,0,3,284.91,854.73,3,3,0,0.0,0.0,0.0,0.33333322222225925,0,0.0,0.3749999531250059,0.49999991666668053,4
26,0.0,1,1,0,0.0,0.0,0,2,3,0.375,3000000.0,3000000.0,0.0,0,0.0,0.0,0.99999950000025,6
71,0.0,1,0,0,0.0,0.0,0,1,3,0.3333333333333333,3000000.0,3000000.0,0.0,0,0.0,0.0,0.9999990000010001,6
42,0.0,0,0,1,952.48,952.48,1,3,1,0.1111111111111111,0.9999990000010001,0.0010498908102533483,0.0,0,0.0,0.11111109876543349,0.7499998125000469,2
46,0.0,1,0,4,183.844,919.22,5,5,1,0.125,0.199999960000008,0.0010878788526273591,0.799999840000032,0,0.0,0.4999999375000079,0.499999950000005,4
19,0.0,0,0,2,212.16000000000003,424.32000000000005,2,4,0,0.0,0.0,0.0,0.499999750000125,0,0.0,0.24999996875000394,0.6666665555555741,2
48,0.0,0,1,3,287.2566666666667,861.7700000000001,3,3,1,0.125,0.33333322222225925,0.0011604024262153445,0.0,0,0.0,0.3749999531250059,0.49999991666668053,4
50,0.0,0,0,3,615.3824999999999,2461.5299999999997,4,3,1,0.125,0.24999993750001562,0.0004062513963241353,0.24999993750001562,0,0.0,0.3749999531250059,0.4285713673469475,4
28,0.0,0,1,0,0.0,0.0,0,1,0,0.0,0.0,0.0,0.0,0,0.0,0.0,0.9999990000010001,2
46,0.0,1,0,3,426.05333333333334,1278.16,3,3,2,0.25,0.6666664444445185,0.0015647493259335688,1.333332888889037,0,0.0,0.3749999531250059,0.49999991666668053,1
50,0.0,1,0,3,348.81666666666666,1046.45,4,5,2,0.25,0.49999987500003124,0.0019112236591225344,0.49999987500003124,1,0.11111109876543349,0.3749999531250059,0.5555554938271674,7
61,0.0,0,0,1,361.49,361.49,1,1,1,0.125,0.9999990000010001,0.0027663282448578707,0.9999990000010001,0,0.0,0.12499998437500197,0.499999750000125,2
19,1.0,0,0,1,216.24,216.24,1,1,0,0.0,0.0,0.0,0.0,0,0.0,0.12499998437500197,0.499999750000125,2
33,0.0,1,0,2,174.765,349.53,2,2,1,0.125,0.499999750000125,0.002860984742766044,0.499999750000125,0,0.0,0.24999996875000394,0.49999987500003124,2
38,0.0,0,0,5,637.72,3188.6,5,5,1,0.125,0.199999960000008,0.00031361726139571684,0.599999880000024,0,0.0,0.4999999375000079,0.499999950000005,4
42,0.0,1,0,3,280.75,842.25,3,4,0,0.0,0.0,0.0,0.9999996666667778,0,0.0,0.3749999531250059,0.57142848979593,4
36,0.0,0,0,0,0.0,0.0,0,2,4,0.5,4000000.0,4000000.0,0.0,0,0.0,0.0,0.99999950000025,6
24,1.0,0,0,1,418.9,418.9,1,1,1,0.125,0.9999990000010001,0.0023872045777340546,0.9999990000010001,0,0.0,0.12499998437500197,0.499999750000125,2
21,0.0,0,1,1,56.9,56.9,1,1,2,0.25,1.9999980000020001,0.035149384268024886,0.0,0,0.0,0.12499998437500197,0.499999750000125,1
33,0.0,0,1,1,220.95,220.95,1,3,0,0.0,0.0,0.0,0.9999990000010001,0,0.0,0.12499998437500197,0.7499998125000469,2
40,0.0,0,0,3,344.0566666666667,1032.17,3,4,1,0.125,0.33333322222225925,0.0009688326525971179,0.9999996666667778,0,0.0,0.3749999531250059,0.57142848979593,4
40,0.0,0,0,2,232.60500000000002,465.21000000000004,2,2,4,0.5,1.9999990000005,0.008598267430626453,0.499999750000125,0,0.0,0.24999996875000394,0.49999987500003124,1
29,0.0,0,0,1,246.76,246.76,1,1,1,0.125,0.9999990000010001,0.004052520651432482,0.0,0,0.0,0.12499998437500197,0.499999750000125,2
41,0.0,0,1,1,545.745,1091.49,2,3,0,0.0,0.0,0.0,0.0,0,0.0,0.24999996875000394,0.599999880000024,2
34,0.0,0,1,4,121.36,485.44,4,5,1,0.125,0.24999993750001562,0.0020599868118408313,0.9999997500000625,0,0.0,0.4999999375000079,0.5555554938271674,4
55,0.0,1,0,2,387.28,774.56,2,3,2,0.25,0.99999950000025,0.0025821111307295615,0.99999950000025,0,0.0,0.24999996875000394,0.599999880000024,1
72,0.0,1,0,0,0.0,0.0,0,2,1,0.125,1000000.0,1000000.0,0.0,0,0.0,0.0,0.99999950000025,6
28,1.0,0,0,0,0.0,0.0,0,1,3,0.375,3000000.0,3000000.0,0.0,0,0.0,0.0,0.9999990000010001,6
51,0.0,0,1,4,641.6633333333333,3849.98,6,6,2,0.25,0.33333327777778704,0.0005194832179597081,0.33333327777778704,2,0.16666665277777895,0.7499999062500118,0.4999999583333368,7
50,0.0,0,0,3,507.73199999999997,2538.66,5,5,1,0.125,0.199999960000008,0.000393908597293884,0.199999960000008,0,0.0,0.6249999218750099,0.499999950000005,4
57,1.0,0,0,4,353.28000000000003,1413.1200000000001,4,5,0,0.0,0.0,0.0,0.0,0,0.0,0.4999999375000079,0.5555554938271674,4
31,0.0,0,1,2,124.58000000000001,249.16000000000003,2,0,2,0.25,0.99999950000025,0.008026970589071397,0.99999950000025,0,0.0,0.0,0.0,0
52,0.0,1,0,2,286.875,573.75,2,2,2,0.2222222222222222,0.99999950000025,0.003485838773880891,0.499999750000125,0,0.0,0.22222219753086697,0.49999987500003124,1
51,0.0,0,1,2,289.815,579.63,2,2,1,0.125,0.499999750000125,0.0017252385112481437,0.0,0,0.0,0.24999996875000394,0.49999987500003124,2
55,1.0,1,0,2,549.635,1099.27,2,1,3,0.42857142857142855,1.499999250000375,0.0027290838440700792,0.99999950000025,0,0.0,0.1428571224489825,0.33333322222225925,1
19,0.0,0,0,1,577.54,577.54,1,1,2,0.25,1.9999980000020001,0.003462963598256461,0.9999990000010001,0,0.0,0.12499998437500197,0.499999750000125,1
52,0.0,1,1,4,417.16,2085.8,5,4,2,0.25,0.399999920000016,0.000958864703730528,0.599999880000024,1,0.11111109876543349,0.4999999375000079,0.44444439506173394,7
54,0.0,0,1,3,437.19666666666666,1311.59,3,3,1,0.1111111111111111,0.33333322222225925,0.0007624333818019096,0.6666664444445185,0,0.0,0.33333329629630043,0.49999991666668053,4
47,0.0,1,1,3,475.6433333333334,1426.93,3,4,4,0.5,1.333332888889037,0.0028032208988505243,0.0,0,0.0,0.3749999531250059,0.57142848979593,1
46,0.0,0,0,4,500.4225,2001.69,4,4,5,0.625,1.249999687500078,0.002497889282307505,0.24999993750001562,0,0.0,0.4999999375000079,0.4999999375000079,1
51,0.0,0,1,2,25.919999999999998,51.839999999999996,2,3,0,0.0,0.0,0.0,0.0,0,0.0,0.22222219753086697,0.599999880000024,2
65,0.0,0,0,2,742.17,1484.34,2,2,1,0.14285714285714285,0.499999750000125,0.0006737000952115417,0.499999750000125,0,0.0,0.285714244897965,0.49999987500003124,2
51,0.0,0,0,2,543.505,1087.01,2,3,2,0.25,0.99999950000025,0.0018399094747611248,0.99999950000025,0,0.0,0.24999996875000394,0.599999880000024,1
35,0.0,0,0,2,222.42000000000002,444.84000000000003,2,2,0,0.0,0.0,0.0,0.499999750000125,0,0.0,0.22222219753086697,0.49999987500003124,2
61,0.0,1,0,1,129.12,129.12,1,1,2,0.25,1.9999980000020001,0.015489467042367821,0.0,0,0.0,0.12499998437500197,0.499999750000125,1
50,0.0,0,0,3,795.9766666666668,2387.9300000000003,3,3,0,0.0,0.0,0.0,0.6666664444445185,0,0.0,0.33333329629630043,0.49999991666668053,4
56,0.0,1,1,2,429.15,858.3,2,2,1,0.125,0.499999750000125,0.0011650937886926555,0.0,0,0.0,0.24999996875000394,0.49999987500003124,2
40,0.0,0,0,3,937.15,2811.45,3,3,1,0.125,0.33333322222225925,0.00035568834574483337,0.9999996666667778,0,0.0,0.3749999531250059,0.49999991666668053,4
29,0.0,0,1,1,433.64,433.64,1,1,2,0.25,1.9999980000020001,0.004612120642440456,0.0,0,0.0,0.0,0.499999750000125,1
42,0.0,0,1,4,457.60249999999996,1830.4099999999999,4,4,0,0.0,0.0,0.0,0.7499998125000469,0,0.0,0.3749999531250059,0.4999999375000079,4
57,0.0,1,0,3,304.02250000000004,1216.0900000000001,4,4,0,0.0,0.0,0.0,0.49999987500003124,0,0.0,0.3749999531250059,0.4999999375000079,4
37,0.0,0,1,2,240.44666666666663,721.3399999999999,3,3,4,0.5,1.333332888889037,0.005545235248918354,0.0,1,0.16666663888889352,0.3749999531250059,0.49999991666668053,7
46,1.0,1,0,5,474.392,2371.96,5,5,1,0.125,0.199999960000008,0.000421592269506403,0.99999980000004,0,0.0,0.6249999218750099,0.499999950000005,4
60,0.0,1,1,1,590.34,1180.68,2,2,1,0.1111111111111111,0.499999750000125,0.0008469695422578771,0.0,1,0.24999993750001562,0.22222219753086697,0.49999987500003124,7
53,0.0,1,1,1,104.13,104.13,1,1,1,0.125,0.9999990000010001,0.009603380297672331,0.0,0,0.0,0.12499998437500197,0.499999750000125,2
50,0.0,1,0,4,316.0625,1264.25,4,4,1,0.125,0.24999993750001562,0.0007909827954985304,0.7499998125000469,0,0.0,0.4999999375000079,0.4999999375000079,4
50,0.0,0,0,2,215.4366666666667,646.3100000000001,3,3,1,0.125,0.33333322222225925,0.0015472451276519856,0.33333322222225925,0,0.0,0.3749999531250059,0.49999991666668053,4
42,0.0,1,0,2,247.83333333333334,743.5,3,4,3,0.375,0.9999996666667778,0.0040349697322999735,1.333332888889037,1,0.1428571224489825,0.3749999531250059,0.57142848979593,7
57,0.0,1,0,2,99.1,198.2,2,2,2,0.2222222222222222,0.99999950000025,0.010090817305293556,0.0,0,0.0,0.11111109876543349,0.49999987500003124,1
30,0.0,0,0,3,288.33,864.99,3,3,3,0.375,0.9999996666667778,0.00346824818383074,0.9999996666667778,0,0.0,0.3749999531250059,0.49999991666668053,1
54,0.0,1,1,4,519.6175,2078.47,4,3,2,0.25,0.49999987500003124,0.0009622462672243304,0.24999993750001562,0,0.0,0.3749999531250059,0.4285713673469475,4
23,0.0,0,1,0,0.0,0.0,0,0,2,0.25,2000000.0,2000000.0,0.0,0,0.0,0.0,0.0,3
36,0.0,0,1,2,462.485,924.97,2,3,2,0.25,0.99999950000025,0.002162232286277142,1.499999250000375,0,0.0,0.24999996875000394,0.599999880000024,1
24,0.0,0,1,0,0.0,0.0,0,0,0,0.0,0.0,0.0,0.0,0,0.0,0.0,0.0,0
35,0.0,0,0,4,244.47499999999997,977.8999999999999,4,4,4,0.5,0.9999997500000625,0.004090397787002355,0.49999987500003124,0,0.0,0.4999999375000079,0.4999999375000079,1
42,0.0,0,0,2,249.94666666666663,749.8399999999999,3,3,2,0.25,0.6666664444445185,0.002667235673387342,1.6666661111112961,0,0.0,0.3749999531250059,0.49999991666668053,1
53,0.0,1,0,2,817.8000000000001,1635.6000000000001,2,2,1,0.14285714285714285,0.499999750000125,0.0006113964290710463,0.499999750000125,0,0.0,0.285714244897965,0.49999987500003124,2
43,0.0,0,1,4,452.3675,1809.47,4,4,2,0.25,0.49999987500003124,0.0011052960252972992,0.7499998125000469,0,0.0,0.4999999375000079,0.4999999375000079,4
40,0.0,1,0,2,699.0849999999999,1398.1699999999998,2,2,2,0.25,0.99999950000025,0.0014304412185711028,0.499999750000125,0,0.0,0.24999996875000394,0.49999987500003124,1
38,1.0,1,0,3,181.132,905.66,5,5,3,0.3333333333333333,0.599999880000024,0.0033125013765513533,0.399999920000016,2,0.19999998000000202,0.5555554938271674,0.499999950000005,7
34,1.0,1,0,2,339.275,1357.1,4,3,1,0.125,0.24999993750001562,0.0007368653741530724,0.24999993750001562,1,0.1428571224489825,0.3749999531250059,0.4285713673469475,7
59,0.0,1,0,1,171.12,171.12,1,1,2,0.25,1.9999980000020001,0.011687704466528141,0.0,0,0.0,0.12499998437500197,0.499999750000125,1
42,0.0,1,0,3,250.77666666666664,752.3299999999999,3,2,1,0.125,0.33333322222225925,0.0013292039379936944,0.9999996666667778,0,0.0,0.24999996875000394,0.399999920000016,2
19,0.0,0,0,1,251.45,251.45,1,1,1,0.1111111111111111,0.9999990000010001,0.003976933768236494,1.9999980000020001,0,0.0,0.11111109876543349,0.499999750000125,2
53,0.0,1,0,3,228.06000000000003,684.1800000000001,3,4,2,0.25,0.6666664444445185,0.002923207338824275,0.6666664444445185,0,0.0,0.3749999531250059,0.57142848979593,4
26,0.0,0,1,0,0.0,0.0,0,2,3,0.375,3000000.0,3000000.0,0.0,0,0.0,0.0,0.99999950000025,6
54,1.0,1,1,3,1115.8433333333335,3347.53,3,2,2,0.25,0.6666664444445185,0.0005974554371140945,0.6666664444445185,0,0.0,0.24999996875000394,0.399999920000016,1
40,0.0,1,0,3,768.8866666666667,2306.66,3,3,2,0.25,0.6666664444445185,0.0008670545286834409,0.33333322222225925,0,0.0,0.3749999531250059,0.49999991666668053,1
48,0.0,1,1,3,536.2066666666666,1608.62,3,3,1,0.1111111111111111,0.33333322222225925,0.0006216508556267789,0.33333322222225925,0,0.0,0.33333329629630043,0.49999991666668053,4
28,0.0,0,0,2,399.04,798.08,2,2,0,0.0,0.0,0.0,0.99999950000025,0,0.0,0.24999996875000394,0.49999987500003124,2
48,0.0,1,1,1,316.59,316.59,1,1,4,0.5,3.9999960000040002,0.01263463781978383,0.0,0,0.0,0.0,0.499999750000125,1
39,0.0,1,0,2,266.96999999999997,533.9399999999999,2,2,2,0.2222222222222222,0.99999950000025,0.003745739214620109,0.499999750000125,0,0.0,0.22222219753086697,0.49999987500003124,1
42,0.0,1,0,3,367.055,1468.22,4,3,0,0.0,0.0,0.0,0.0,0,0.0,0.3749999531250059,0.4285713673469475,4
25,0.0,1,1,1,8613.92,17227.84,2,1,1,0.125,0.499999750000125,5.8045582031290884e-05,3.999998000001,1,0.33333322222225925,0.12499998437500197,0.33333322222225925,5
53,0.0,1,0,5,386.92199999999997,1934.61,5,4,2,0.25,0.399999920000016,0.0010338000935414373,0.799999840000032,0,0.0,0.4999999375000079,0.44444439506173394,4
50,0.0,0,0,3,564.3366666666667,1693.01,3,5,1,0.125,0.33333322222225925,0.0005906639650145811,0.6666664444445185,0,0.0,0.3749999531250059,0.6249999218750099,4
41,1.0,0,0,3,290.5833333333333,871.75,3,3,0,0.0,0.0,0.0,0.0,0,0.0,0.3749999531250059,0.49999991666668053,4
42,0.0,1,1,2,583.5,1167.0,2,3,2,0.25,0.99999950000025,0.0017137960568005173,0.499999750000125,0,0.0,0.24999996875000394,0.599999880000024,1
47,0.0,1,1,3,725.13,2175.39,3,3,0,0.0,0.0,0.0,1.333332888889037,0,0.0,0.3749999531250059,0.49999991666668053,4
54,0.0,1,0,3,433.9766666666667,1301.93,3,3,1,0.125,0.33333322222225925,0.0007680904497414679,0.33333322222225925,0,0.0,0.3749999531250059,0.49999991666668053,4
47,1.0,1,1,1,344.83,344.83,1,1,2,0.2222222222222222,1.9999980000020001,0.005799959383464434,0.9999990000010001,0,0.0,0.11111109876543349,0.499999750000125,1
58,1.0,0,0,5,281.04,1405.2,5,4,1,0.125,0.199999960000008,0.0007116424703162236,0.199999960000008,0,0.0,0.4999999375000079,0.44444439506173394,4
37,0.0,1,0,2,648.5433333333334,1945.63,3,3,2,0.2222222222222222,0.6666664444445185,0.0010279446754892015,0.33333322222225925,0,0.0,0.33333329629630043,0.49999991666668053,1
37,0.0,0,1,1,192.71,192.71,1,1,1,0.125,0.9999990000010001,0.005189144283176046,0.0,0,0.0,0.12499998437500197,0.499999750000125,2
50,1.0,1,0,4,467.44,1869.76,4,3,3,0.375,0.7499998125000469,0.0016044839970881374,0.9999997500000625,0,0.0,0.3749999531250059,0.4285713673469475,1
55,0.0,1,1,3,442.92,1328.76,3,6,0,0.0,0.0,0.0,0.6666664444445185,0,0.0,0.3749999531250059,0.6666665925926009,4
22,0.0,0,0,3,201.37666666666667,604.13,3,3,2,0.25,0.6666664444445185,0.003310545737985954,0.33333322222225925,0,0.0,0.3749999531250059,0.49999991666668053,1
43,0.0,1,0,2,293.875,587.75,2,2,0,0.0,0.0,0.0,0.499999750000125,0,0.0,0.24999996875000394,0.49999987500003124,2
54,0.0,1,0,1,240.17,240.17,1,2,1,0.125,0.9999990000010001,0.004163717349528595,0.0,0,0.0,0.12499998437500197,0.6666664444445185,2
42,0.0,0,0,3,468.94666666666666,1406.84,3,1,3,0.3333333333333333,0.9999996666667778,0.0021324386553322064,0.9999996666667778,0,0.0,0.11111109876543349,0.24999993750001562,1
19,0.0,0,0,0,0.0,0.0,0,2,2,0.25,2000000.0,2000000.0,0.0,0,0.0,0.0,0.99999950000025,6
40,0.0,0,1,0,0.0,0.0,0,0,1,0.125,1000000.0,1000000.0,0.0,0,0.0,0.0,0.0,0
56,0.0,1,1,3,508.16,1524.48,3,3,2,0.2222222222222222,0.6666664444445185,0.0013119227531276745,0.6666664444445185,0,0.0,0.33333329629630043,0.49999991666668053,1
40,0.0,0,1,4,326.6925,1306.77,4,5,1,0.1111111111111111,0.24999993750001562,0.000765245604991509,0.24999993750001562,0,0.0,0.44444439506173394,0.5555554938271674,4
42,0.0,0,0,2,310.64000000000004,931.9200000000001,3,5,2,0.2222222222222222,0.6666664444445185,0.0021461069596680968,0.33333322222225925,0,0.0,0.33333329629630043,0.6249999218750099,4
30,0.0,0,1,2,340.81333333333333,1022.44,3,1,1,0.125,0.33333322222225925,0.000978052500901713,0.6666664444445185,0,0.0,0.12499998437500197,0.24999993750001562,2
39,0.0,0,0,3,492.5433333333333,1477.6299999999999,3,2,1,0.125,0.33333322222225925,0.0006767594048058314,0.33333322222225925,0,0.0,0.24999996875000394,0.399999920000016,2
33,0.0,0,0,2,262.935,525.87,2,2,2,0.25,0.99999950000025,0.0038032213212329637,0.0,0,0.0,0.24999996875000394,0.49999987500003124,1
37,0.0,1,1,2,229.20999999999998,458.41999999999996,2,3,3,0.375,1.499999250000375,0.006544217079219456,0.0,0,0.0,0.24999996875000394,0.599999880000024,1
70,0.0,1,0,2,320.19,640.38,2,3,0,0.0,0.0,0.0,0.499999750000125,0,0.0,0.22222219753086697,0.599999880000024,2
20,0.0,0,1,0,0.0,0.0,0,1,1,0.125,1000000.0,1000000.0,0.0,0,0.0,0.0,0.9999990000010001,6
50,1.0,0,0,3,306.56,919.68,3,3,0,0.0,0.0,0.0,0.9999996666667778,0,0.0,0.3749999531250059,0.49999991666668053,4
19,0.0,0,0,0,0.0,0.0,0,0,1,0.1111111111111111,1000000.0,1000000.0,0.0,0,0.0,0.0,0.0,0
46,0.0,0,1,3,301.7,905.1,3,4,0,0.0,0.0,0.0,0.6666664444445185,0,0.0,0.299999970000003,0.57142848979593,4
42,0.0,1,0,2,458.16,916.32,2,3,0,0.0,0.0,0.0,0.499999750000125,0,0.0,0.24999996875000394,0.599999880000024,2
38,0.0,1,1,4,1151.984,5759.92,5,4,4,0.5,0.799999840000032,0.0006944540895195673,0.399999920000016,1,0.11111109876543349,0.4999999375000079,0.44444439506173394,7
83,0.0,0,0,1,2252.99,2252.99,1,1,0,0.0,0.0,0.0,0.0,0,0.0,0.0,0.499999750000125,2
40,1.0,0,1,4,291.3575,1165.43,4,4,0,0.0,0.0,0.0,0.24999993750001562,0,0.0,0.4999999375000079,0.4999999375000079,4
67,0.0,1,0,2,3108.205,6216.41,2,2,3,0.375,1.499999250000375,0.00048259365124202013,0.499999750000125,0,0.0,0.24999996875000394,0.49999987500003124,1
40,0.0,1,0,3,330.11,990.33,3,3,0,0.0,0.0,0.0,0.6666664444445185,0,0.0,0.3749999531250059,0.49999991666668053,4
48,0.0,1,0,2,330.63,661.26,2,2,2,0.25,0.99999950000025,0.003024528925045324,0.499999750000125,0,0.0,0.24999996875000394,0.49999987500003124,1
52,0.0,0,0,2,250.42,500.84,2,2,2,0.25,0.99999950000025,0.003993291262692095,0.0,0,0.0,0.24999996875000394,0.49999987500003124,1
61,1.0,1,0,2,201.29500000000002,402.59000000000003,2,4,2,0.25,0.99999950000025,0.004967833267175455,0.499999750000125,0,0.0,0.24999996875000394,0.6666665555555741,1
45,0.0,0,0,3,289.52333333333337,868.57,3,4,0,0.0,0.0,0.0,0.9999996666667778,0,0.0,0.3749999531250059,0.57142848979593,4
68,0.0,1,0,0,0.0,0.0,0,1,2,0.2,2000000.0,2000000.0,0.0,0,0.0,0.0,0.9999990000010001,6
19,0.0,0,0,1,596.67,596.67,1,2,1,0.125,0.9999990000010001,0.0016759682878710709,0.0,0,0.0,0.12499998437500197,0.6666664444445185,2
47,0.0,1,0,1,549.43,549.43,1,1,1,0.125,0.9999990000010001,0.0018200680672331908,0.9999990000010001,0,0.0,0.12499998437500197,0.499999750000125,2
53,0.0,0,0,4,398.61249999999995,1594.4499999999998,4,4,1,0.125,0.24999993750001562,0.0006271755146745427,0.24999993750001562,0,0.0,0.4999999375000079,0.4999999375000079,4
36,0.0,0,0,1,678.97,678.97,1,1,0,0.0,0.0,0.0,0.0,0,0.0,0.12499998437500197,0.499999750000125,2
39,0.0,1,0,1,93.97,93.97,1,0,2,0.2222222222222222,1.9999980000020001,0.02128338808892851,0.9999990000010001,0,0.0,0.0,0.0,0
44,1.0,1,1,4,397.145,1588.58,4,4,1,0.125,0.24999993750001562,0.0006294930059364381,0.49999987500003124,0,0.0,0.4999999375000079,0.4999999375000079,4
43,0.0,0,0,1,383.48,766.96,2,2,1,0.125,0.499999750000125,0.001303848960436204,0.499999750000125,0,0.0,0.24999996875000394,0.49999987500003124,2
48,0.0,0,0,3,267.97,803.9100000000001,3,3,1,0.125,0.33333322222225925,0.0012439203377941307,0.33333322222225925,0,0.0,0.24999996875000394,0.49999991666668053,4
25,0.0,1,0,0,0.0,0.0,0,0,1,0.125,1000000.0,1000000.0,0.0,0,0.0,0.0,0.0,0
38,0.0,0,1,2,644.05,1288.1,2,1,0,0.0,0.0,0.0,0.0,0,0.0,0.1428571224489825,0.33333322222225925,2
48,0.0,0,0,4,139.6,558.4,4,4,2,0.2222222222222222,0.49999987500003124,0.003581661884703328,1.249999687500078,0,0.0,0.33333329629630043,0.4999999375000079,4
26,0.0,0,0,0,0.0,0.0,0,1,0,0.0,0.0,0.0,0.0,0,0.0,0.0,0.9999990000010001,2
22,1.0,0,0,1,103.43,103.43,1,0,0,0.0,0.0,0.0,0.9999990000010001,0,0.0,0.0,0.0,0
57,0.0,1,0,5,571.2180000000001,2856.09,5,4,1,0.1111111111111111,0.199999960000008,0.0003501290224222174,0.399999920000016,0,0.0,0.44444439506173394,0.44444439506173394,4
40,0.0,0,0,2,674.95,1349.9,2,2,2,0.25,0.99999950000025,0.001481591227882368,0.499999750000125,0,0.0,0.12499998437500197,0.49999987500003124,1
47,0.0,0,0,4,563.58,2254.32,4,3,0,0.0,0.0,0.0,0.49999987500003124,0,0.0,0.3749999531250059,0.4285713673469475,4
82,0.0,1,0,0,0.0,0.0,1,4,1,0.125,0.9999990000010001,1000000.0,0.0,1,0.199999960000008,0.12499998437500197,0.799999840000032,7
55,0.0,0,0,2,943.9250000000001,1887.8500000000001,2,2,0,0.0,0.0,0.0,0.499999750000125,0,0.0,0.22222219753086697,0.49999987500003124,2
37,1.0,1,1,2,296.695,593.39,2,2,4,0.5,1.9999990000005,0.006740929225735302,0.0,0,0.0,0.24999996875000394,0.49999987500003124,1
18,1.0,0,0,1,2436.82,4873.64,2,2,3,0.375,1.499999250000375,0.0006155563396936259,0.0,1,0.24999993750001562,0.24999996875000394,0.49999987500003124,7
44,0.0,0,1,3,958.8600000000001,2876.5800000000004,3,3,1,0.125,0.33333322222225925,0.0003476350387099837,0.0,0,0.0,0.3749999531250059,0.49999991666668053,4
65,0.0,1,1,2,2687.965,5375.93,2,2,1,0.125,0.499999750000125,0.0001860143267888506,1.499999250000375,0,0.0,0.24999996875000394,0.49999987500003124,2
33,1.0,0,0,0,0.0,0.0,0,0,2,0.25,2000000.0,2000000.0,0.0,0,0.0,0.0,0.0,3
47,0.0,1,1,3,344.26,1032.78,3,2,0,0.0,0.0,0.0,0.9999996666667778,0,0.0,0.24999996875000394,0.399999920000016,2
49,1.0,1,1,0,0.0,0.0,0,1,2,0.2222222222222222,2000000.0,2000000.0,0.0,0,0.0,0.0,0.9999990000010001,6
44,1.0,0,1,5,598.476,2992.38,5,5,2,0.25,0.399999920000016,0.00066836431179584,0.799999840000032,0,0.0,0.6249999218750099,0.499999950000005,4
36,0.0,0,1,1,344.155,688.31,2,2,4,0.5,1.9999990000005,0.005811335000492025,0.499999750000125,0,0.0,0.24999996875000394,0.49999987500003124,1
54,0.0,1,0,5,521.948,2609.74,5,4,1,0.125,0.199999960000008,0.0003831799334864087,0.599999880000024,0,0.0,0.4999999375000079,0.44444439506173394,4
54,0.0,0,0,2,571.1266666666667,1713.38,3,3,2,0.2,0.6666664444445185,0.0011672833807052237,0.33333322222225925,0,0.0,0.299999970000003,0.49999991666668053,1
79,0.0,1,0,0,0.0,0.0,0,0,2,0.25,2000000.0,2000000.0,0.0,0,0.0,0.0,0.0,3
40,0.0,0,0,3,424.375,1697.5,4,3,1,0.125,0.24999993750001562,0.0005891016196824143,0.9999997500000625,0,0.0,0.3749999531250059,0.4285713673469475,4
40,0.0,0,0,1,221.33,221.33,1,2,2,0.25,1.9999980000020001,0.009036280626050329,0.9999990000010001,0,0.0,0.12499998437500197,0.6666664444445185,1
49,0.0,1,0,1,412.3,412.3,1,1,1,0.125,0.9999990000010001,0.0024254183787887013,0.9999990000010001,0,0.0,0.12499998437500197,0.499999750000125,2
44,0.0,1,0,3,346.70666666666665,1040.12,3,3,0,0.0,0.0,0.0,0.9999996666667778,0,0.0,0.33333329629630043,0.49999991666668053,4
57,0.0,1,0,2,459.60249999999996,1838.4099999999999,4,4,4,0.4,0.9999997500000625,0.002175793211429554,0.7499998125000469,0,0.0,0.299999970000003,0.4999999375000079,1
31,0.0,0,0,3,353.8,1061.4,3,3,2,0.25,0.6666664444445185,0.0018843037479891614,0.9999996666667778,0,0.0,0.3749999531250059,0.49999991666668053,1
56,1.0,0,0,1,130.38,130.38,1,1,3,0.375,2.9999970000030003,0.023009663882423197,0.9999990000010001,0,0.0,0.12499998437500197,0.499999750000125,1
53,0.0,1,1,3,996.8133333333334,2990.44,3,1,0,0.0,0.0,0.0,0.6666664444445185,0,0.0,0.12499998437500197,0.24999993750001562,2
28,0.0,0,1,4,347.28599999999994,1736.4299999999998,5,5,1,0.14285714285714285,0.199999960000008,0.0005758942194180623,0.199999960000008,0,0.0,0.7142856122449125,0.499999950000005,4
39,0.0,1,1,2,472.44,944.88,2,2,5,0.625,2.499998750000625,0.005291677244420797,0.499999750000125,0,0.0,0.24999996875000394,0.49999987500003124,1
32,0.0,0,0,2,345.855,691.71,2,2,1,0.125,0.499999750000125,0.0014456925569303718,0.0,0,0.0,0.24999996875000394,0.49999987500003124,2
54,0.0,0,0,2,548.145,1096.29,2,2,0,0.0,0.0,0.0,0.499999750000125,0,0.0,0.24999996875000394,0.49999987500003124,2
49,0.0,1,0,3,308.66,925.98,3,3,0,0.0,0.0,0.0,0.6666664444445185,0,0.0,0.24999996875000394,0.49999991666668053,2
35,0.0,0,0,2,400.12,800.24,2,2,1,0.125,0.499999750000125,0.0012496251109046972,0.99999950000025,0,0.0,0.24999996875000394,0.49999987500003124,2
37,0.0,0,0,1,27.99,27.99,1,2,0,0.0,0.0,0.0,0.9999990000010001,0,0.0,0.12499998437500197,0.6666664444445185,2
40,0.0,1,0,3,277.7966666666667,833.39,3,4,0,0.0,0.0,0.0,0.33333322222225925,0,0.0,0.3749999531250059,0.57142848979593,4
44,0.0,0,0,4,236.36249999999998,945.4499999999999,4,4,3,0.375,0.7499998125000469,0.0031730921749716094,0.24999993750001562,0,0.0,0.4999999375000079,0.4999999375000079,4
54,1.0,1,1,2,384.8566666666666,1154.57,3,4,2,0.25,0.6666664444445185,0.0017322466357758762,0.6666664444445185,0,0.0,0.3749999531250059,0.57142848979593,1
51,0.0,1,1,5,638.2560000000001,3191.28,5,6,2,0.25,0.399999920000016,0.0006267077785005678,1.199999760000048,0,0.0,0.6249999218750099,0.5454544958677732,4
48,0.0,1,1,3,288.19,864.57,3,3,0,0.0,0.0,0.0,0.6666664444445185,0,0.0,0.24999996875000394,0.49999991666668053,2
53,0.0,1,0,2,89.85499999999999,179.70999999999998,2,1,2,0.2222222222222222,0.99999950000025,0.01112904117116999,0.0,0,0.0,0.11111109876543349,0.33333322222225925,1
24,0.0,0,0,1,624.83,624.83,1,1,2,0.25,1.9999980000020001,0.0032008706316904267,0.0,0,0.0,0.12499998437500197,0.499999750000125,1
33,0.0,0,0,4,834.848,4174.24,5,5,3,0.375,0.599999880000024,0.0007186937021544775,0.599999880000024,1,0.09999999000000101,0.6249999218750099,0.499999950000005,7
49,0.0,0,0,3,284.51,853.53,3,3,2,0.25,0.6666664444445185,0.0023432099605834476,0.33333322222225925,0,0.0,0.3749999531250059,0.49999991666668053,1
73,0.0,1,0,0,0.0,0.0,0,1,0,0.0,0.0,0.0,0.0,0,0.0,0.0,0.9999990000010001,2
57,0.0,1,1,0,0.0,0.0,0,0,1,0.125,1000000.0,1000000.0,0.0,0,0.0,0.0,0.0,0
42,0.0,1,1,0,0.0,0.0,0,1,3,0.375,3000000.0,3000000.0,0.0,0,0.0,0.0,0.9999990000010001,6
51,0.0,0,1,4,471.205,1884.82,4,4,2,0.25,0.49999987500003124,0.0010611092830821462,0.49999987500003124,0,0.0,0.4999999375000079,0.4999999375000079,4
41,0.0,1,0,4,690.17,3450.85,5,6,1,0.1111111111111111,0.199999960000008,0.000289783676401529,0.399999920000016,0,0.0,0.5555554938271674,0.5454544958677732,4
35,0.0,1,1,2,401.26,802.52,2,1,1,0.125,0.499999750000125,0.0012460748626251373,0.499999750000125,0,0.0,0.12499998437500197,0.33333322222225925,2
31,1.0,0,1,2,385.885,771.77,2,2,2,0.2222222222222222,0.99999950000025,0.0025914456345913347,0.0,0,0.0,0.22222219753086697,0.49999987500003124,1
52,0.0,1,0,3,364.2833333333333,1092.85,3,3,1,0.125,0.33333322222225925,0.0009150386595461054,0.0,0,0.0,0.3749999531250059,0.49999991666668053,4
37,0.0,1,0,3,343.8633333333334,1031.5900000000001,3,4,1,0.125,0.33333322222225925,0.0009693773679762525,0.33333322222225925,0,0.0,0.3749999531250059,0.57142848979593,4
42,0.0,1,0,2,455.80999999999995,911.6199999999999,2,2,2,0.25,0.99999950000025,0.0021938965773086413,0.499999750000125,0,0.0,0.12499998437500197,0.49999987500003124,1
36,0.0,0,0,2,344.85999999999996,1034.58,3,3,1,0.125,0.33333322222225925,0.000966575807606395,0.33333322222225925,0,0.0,0.24999996875000394,0.49999991666668053,2
68,0.0,1,0,0,0.0,0.0,0,1,1,0.1,1000000.0,1000000.0,0.0,0,0.0,0.0,0.9999990000010001,6
44,1.0,0,0,3,251.1775,1004.71,4,4,2,0.25,0.49999987500003124,0.0019906241582241403,0.49999987500003124,1,0.12499998437500197,0.4999999375000079,0.4999999375000079,7
51,0.0,1,1,1,265.08,265.08,1,1,1,0.125,0.9999990000010001,0.0037724460397900784,0.0,0,0.0,0.12499998437500197,0.499999750000125,2
38,0.0,1,0,0,0.0,0.0,0,0,2,0.25,2000000.0,2000000.0,0.0,0,0.0,0.0,0.0,3
48,0.0,1,1,1,625.1,625.1,1,1,0,0.0,0.0,0.0,4.999995000005001,0,0.0,0.0,0.499999750000125,2
49,0.0,0,0,0,0.0,0.0,0,3,2,0.25,2000000.0,2000000.0,0.0,0,0.0,0.0,0.9999996666667778,6
23,0.0,0,1,1,2569.93,2569.93,1,1,3,0.375,2.9999970000030003,0.0011673469700858208,0.0,0,0.0,0.0,0.499999750000125,1
59,0.0,1,0,0,0.0,0.0,0,0,0,0.0,0.0,0.0,0.0,0,0.0,0.0,0.0,0
33,0.0,0,0,3,511.50666666666666,1534.52,3,3,3,0.375,0.9999996666667778,0.001955008731098318,0.9999996666667778,0,0.0,0.3749999531250059,0.49999991666668053,1
34,1.0,0,0,1,227.72,227.72,1,2,1,0.125,0.9999990000010001,0.0043913577885501594,0.9999990000010001,0,0.0,0.12499998437500197,0.6666664444445185,2
42,0.0,0,1,2,638.6949999999999,1277.3899999999999,2,1,0,0.0,0.0,0.0,0.499999750000125,0,0.0,0.12499998437500197,0.33333322222225925,2
19,0.0,0,0,0,0.0,0.0,0,1,3,0.375,3000000.0,3000000.0,0.0,0,0.0,0.0,0.9999990000010001,6
29,0.0,0,0,2,403.07,1209.21,3,4,3,0.3333333333333333,0.9999996666667778,0.002480958640367712,0.9999996666667778,1,0.1428571224489825,0.33333329629630043,0.57142848979593,7
20,0.0,0,0,1,124.73,124.73,1,1,1,0.1111111111111111,0.9999990000010001,0.008017317341318709,0.0,0,0.0,0.11111109876543349,0.499999750000125,2
74,0.0,1,0,1,363.06,726.12,2,3,3,0.375,1.499999250000375,0.004131548498689543,0.99999950000025,1,0.199999960000008,0.24999996875000394,0.599999880000024,7
40,0.0,0,1,1,187.73,187.73,1,1,3,0.375,2.9999970000030003,0.015980397294090464,0.9999990000010001,0,0.0,0.0,0.499999750000125,1
70,0.0,1,0,1,1395.27,1395.27,1,1,0,0.0,0.0,0.0,0.0,0,0.0,0.12499998437500197,0.499999750000125,2
53,0.0,0,0,2,201.68,403.36,2,5,2,0.2222222222222222,0.99999950000025,0.004958349848873587,0.499999750000125,0,0.0,0.22222219753086697,0.7142856122449125,1
45,0.0,0,0,3,196.8166666666667,590.45,3,4,3,0.375,0.9999996666667778,0.00508087051387777,1.333332888889037,0,0.0,0.3749999531250059,0.57142848979593,1
33,1.0,1,1,0,0.0,0.0,0,0,1,0.125,1000000.0,1000000.0,0.0,0,0.0,0.0,0.0,0
35,0.0,0,0,2,338.195,676.39,2,3,0,0.0,0.0,0.0,0.99999950000025,0,0.0,0.22222219753086697,0.599999880000024,2
45,1.0,0,1,4,363.87999999999994,2183.2799999999997,6,5,3,0.3333333333333333,0.49999991666668053,0.0013740793661948633,0.33333327777778704,1,0.09090908264462885,0.5555554938271674,0.4545454132231443,7
41,0.0,1,0,5,390.186,1950.9299999999998,5,4,1,0.125,0.199999960000008,0.0005125760532091997,0.599999880000024,0,0.0,0.3749999531250059,0.44444439506173394,4
41,0.0,0,1,3,259.17,777.51,3,3,1,0.125,0.33333322222225925,0.0012861570895729224,0.6666664444445185,0,0.0,0.3749999531250059,0.49999991666668053,4
26,0.0,1,1,0,0.0,0.0,0,0,1,0.125,1000000.0,1000000.0,0.0,0,0.0,0.0,0.0,0
27,0.0,0,0,1,596.5,596.5,1,1,2,0.2222222222222222,1.9999980000020001,0.003352891863616275,0.0,0,0.0,0.11111109876543349,0.499999750000125,1
52,0.0,0,1,2,681.685,1363.37,2,2,3,0.375,1.499999250000375,0.0022004298156770136,0.499999750000125,0,0.0,0.24999996875000394,0.49999987500003124,1
50,0.0,1,0,3,1004.726,5023.63,5,5,0,0.0,0.0,0.0,0.399999920000016,0,0.0,0.6249999218750099,0.499999950000005,4
48,1.0,0,1,0,0.0,0.0,0,0,2,0.25,2000000.0,2000000.0,0.0,0,0.0,0.0,0.0,3
28,0.0,1,0,1,341.2,341.2,1,2,1,0.125,0.9999990000010001,0.0029308323477994364,0.0,0,0.0,0.12499998437500197,0.6666664444445185,2
57,0.0,1,0,2,219.46,438.92,2,3,1,0.125,0.499999750000125,0.002278319506337557,0.0,0,0.0,0.24999996875000394,0.599999880000024,2
46,0.0,0,0,4,456.3225,1825.29,4,3,1,0.125,0.24999993750001562,0.0005478581482680242,0.24999993750001562,0,0.0,0.24999996875000394,0.4285713673469475,4
39,0.0,1,1,4,380.67199999999997,1903.36,5,5,2,0.2222222222222222,0.399999920000016,0.0010507733686476687,0.599999880000024,1,0.09999999000000101,0.5555554938271674,0.499999950000005,7
48,0.0,1,0,1,862.09,1724.18,2,3,4,0.4,1.9999990000005,0.002319943392035667,0.99999950000025,1,0.199999960000008,0.19999998000000202,0.599999880000024,7
46,0.0,1,0,4,421.29,1685.16,4,4,1,0.125,0.24999993750001562,0.0005934154616811368,0.49999987500003124,0,0.0,0.4999999375000079,0.4999999375000079,4
46,0.0,1,0,2,303.01,606.02,2,1,3,0.3333333333333333,1.499999250000375,0.004950331664053445,0.0,0,0.0,0.11111109876543349,0.33333322222225925,1
45,0.0,1,1,2,89.4,178.8,2,2,2,0.25,0.99999950000025,0.011185682264062179,0.499999750000125,0,0.0,0.24999996875000394,0.49999987500003124,1
44,0.0,0,0,4,474.0625,1896.25,4,3,2,0.25,0.49999987500003124,0.001054713249278991,0.7499998125000469,0,0.0,0.3749999531250059,0.4285713673469475,4
41,0.0,1,1,5,315.13,1575.6499999999999,5,5,2,0.2,0.399999920000016,0.0012693174237493623,0.399999920000016,0,0.0,0.499999950000005,0.499999950000005,4
30,0.0,0,0,4,421.004,2105.02,5,3,1,0.1111111111111111,0.199999960000008,0.0004750548686116736,0.799999840000032,0,0.0,0.33333329629630043,0.3749999531250059,4
37,0.0,1,0,2,81.035,162.07,2,2,1,0.1111111111111111,0.499999750000125,0.006170173343800991,0.499999750000125,0,0.0,0.22222219753086697,0.49999987500003124,2
57,0.0,0,1,5,522.99,2614.95,5,5,2,0.25,0.399999920000016,0.0007648329793055956,1.199999760000048,0,0.0,0.6249999218750099,0.499999950000005,4
28,0.0,0,0,0,0.0,0.0,0,0,2,0.25,2000000.0,2000000.0,0.0,0,0.0,0.0,0.0,3
44,0.0,0,0,3,292.00333333333333,876.01,3,3,1,0.125,0.33333322222225925,0.0011415394788398083,0.6666664444445185,0,0.0,0.3749999531250059,0.49999991666668053,4
55,1.0,0,0,2,386.53499999999997,773.0699999999999,2,3,3,0.375,1.499999250000375,0.003880631761831876,0.99999950000025,0,0.0,0.24999996875000394,0.599999880000024,1
19,0.0,0,0,1,597.31,1194.62,2,1,3,0.3333333333333333,1.499999250000375,0.0025112588082308526,0.0,1,0.33333322222225925,0.11111109876543349,0.33333322222225925,7
53,1.0,1,1,4,293.92,1175.68,4,3,2,0.25,0.49999987500003124,0.0017011431667620922,0.7499998125000469,0,0.0,0.3749999531250059,0.4285713673469475,4
40,0.0,0,1,5,605.706,3028.53,5,3,2,0.25,0.399999920000016,0.0006603863918599498,0.399999920000016,0,0.0,0.3749999531250059,0.3749999531250059,4
39,0.0,0,0,5,470.065,2820.39,6,6,1,0.125,0.16666663888889352,0.00035456089393503707,0.33333327777778704,0,0.0,0.7499999062500118,0.4999999583333368,4
45,0.0,1,0,3,571.87,2287.48,4,4,1,0.1111111111111111,0.24999993750001562,0.00043716229193821926,0.49999987500003124,0,0.0,0.44444439506173394,0.4999999375000079,4
48,0.0,1,0,5,666.38,3331.9,5,3,0,0.0,0.0,0.0,0.0,0,0.0,0.19999998000000202,0.3749999531250059,4
47,1.0,1,0,2,445.285,890.57,2,1,1,0.125,0.499999750000125,0.0011228763588231397,0.99999950000025,0,0.0,0.12499998437500197,0.33333322222225925,2
40,0.0,0,0,3,583.9266666666666,1751.78,3,3,2,0.25,0.6666664444445185,0.0011416958744010686,0.9999996666667778,0,0.0,0.3749999531250059,0.49999991666668053,1
45,0.0,1,0,0,0.0,0.0,0,1,1,0.125,1000000.0,1000000.0,0.0,0,0.0,0.0,0.9999990000010001,6
40,0.0,0,0,4,130.3475,521.39,4,4,0,0.0,0.0,0.0,0.49999987500003124,0,0.0,0.4999999375000079,0.4999999375000079,4
48,0.0,1,0,2,285.125,570.25,2,3,3,0.375,1.499999250000375,0.005260850494939324,0.499999750000125,0,0.0,0.24999996875000394,0.599999880000024,1
49,0.0,1,1,5,309.23400000000004,1546.17,5,5,2,0.2222222222222222,0.399999920000016,0.0012935188230960896,0.199999960000008,0,0.0,0.44444439506173394,0.499999950000005,4
28,0.0,1,0,1,214.92,214.92,1,2,1,0.125,0.9999990000010001,0.0046528940784808575,0.9999990000010001,0,0.0,0.12499998437500197,0.6666664444445185,2
44,0.0,0,0,5,176.28199999999998,881.41,5,5,0,0.0,0.0,0.0,0.799999840000032,0,0.0,0.4999999375000079,0.499999950000005,4
53,0.0,1,0,3,2947.1299999999997,11788.519999999999,4,4,1,0.125,0.24999993750001562,8.482829056702383e-05,1.249999687500078,1,0.12499998437500197,0.3749999531250059,0.4999999375000079,5
56,0.0,0,0,1,1437.33,1437.33,1,2,0,0.0,0.0,0.0,0.0,0,0.0,0.12499998437500197,0.6666664444445185,2
49,0.0,0,0,2,407.945,815.89,2,3,1,0.125,0.499999750000125,0.001225655417733205,0.0,0,0.0,0.24999996875000394,0.599999880000024,2
41,0.0,0,0,2,518.125,1036.25,2,4,0,0.0,0.0,0.0,0.499999750000125,0,0.0,0.24999996875000394,0.6666665555555741,2
55,0.0,1,1,3,302.87333333333333,908.62,3,3,2,0.25,0.6666664444445185,0.0022011401881962315,0.0,0,0.0,0.24999996875000394,0.49999991666668053,1
43,0.0,1,0,4,422.1975,1688.79,4,3,1,0.125,0.24999993750001562,0.0005921399341586935,0.9999997500000625,0,0.0,0.3749999531250059,0.4285713673469475,4
56,0.0,1,1,2,244.65,489.3,2,2,0,0.0,0.0,0.0,0.99999950000025,0,0.0,0.24999996875000394,0.49999987500003124,2
65,0.0,1,0,1,258.87,258.87,1,1,2,0.25,1.9999980000020001,0.0077258855497899116,0.0,0,0.0,0.12499998437500197,0.499999750000125,1
19,0.0,0,0,0,0.0,0.0,0,0,3,0.3333333333333333,3000000.0,3000000.0,0.0,0,0.0,0.0,0.0,3
43,0.0,0,0,2,88.51333333333334,265.54,3,3,0,0.0,0.0,0.0,0.6666664444445185,0,0.0,0.3749999531250059,0.49999991666668053,2
74,0.0,1,0,0,0.0,0.0,0,2,2,0.2222222222222222,2000000.0,2000000.0,0.0,0,0.0,0.0,0.99999950000025,6
47,0.0,0,0,3,336.65000000000003,1009.95,3,3,1,0.125,0.33333322222225925,0.0009901480261496629,0.9999996666667778,0,0.0,0.3749999531250059,0.49999991666668053,4
44,0.0,1,0,3,472.6,1890.4,4,6,0,0.0,0.0,0.0,0.9999997500000625,0,0.0,0.4999999375000079,0.599999940000006,4
39,0.0,0,1,3,225.38000000000002,676.1400000000001,3,4,1,0.125,0.33333322222225925,0.0014789836402535218,0.33333322222225925,0,0.0,0.3749999531250059,0.57142848979593,4
42,0.0,1,1,2,596.03,1192.06,2,2,1,0.125,0.499999750000125,0.0008388839480907974,0.499999750000125,0,0.0,0.24999996875000394,0.49999987500003124,2
29,0.0,0,1,0,0.0,0.0,1,3,1,0.125,0.9999990000010001,1000000.0,0.0,1,0.24999993750001562,0.12499998437500197,0.7499998125000469,7
52,0.0,1,0,3,538.5666666666667,1615.7,3,2,2,0.25,0.6666664444445185,0.0012378535611574837,0.33333322222225925,0,0.0,0.24999996875000394,0.399999920000016,1
49,1.0,1,0,2,2882.806666666667,8648.42,3,3,3,0.375,0.9999996666667778,0.00034688417071015467,0.6666664444445185,1,0.16666663888889352,0.3749999531250059,0.49999991666668053,7
58,0.0,0,0,3,298.8,896.4000000000001,3,3,2,0.25,0.6666664444445185,0.002231146806971054,0.33333322222225925,0,0.0,0.3749999531250059,0.49999991666668053,1
52,0.0,1,1,1,283.94,567.88,2,2,2,0.25,0.99999950000025,0.003521870811576617,0.99999950000025,1,0.24999993750001562,0.24999996875000394,0.49999987500003124,7
45,1.0,1,1,5,1424.6066666666668,8547.640000000001,6,6,2,0.2222222222222222,0.33333327777778704,0.0002339827133297632,1.3333331111111482,1,0.08333332638888948,0.5555554938271674,0.4999999583333368,7
50,0.0,0,0,2,517.445,1034.89,2,2,1,0.125,0.499999750000125,0.0009662862710372248,0.499999750000125,0,0.0,0.24999996875000394,0.49999987500003124,2
25,0.0,0,0,1,355.53,355.53,1,1,0,0.0,0.0,0.0,0.0,0,0.0,0.11111109876543349,0.499999750000125,2
38,0.0,1,1,3,431.60999999999996,1294.83,3,1,0,0.0,0.0,0.0,0.33333322222225925,0,0.0,0.12499998437500197,0.24999993750001562,2
60,0.0,1,0,1,51.18,51.18,1,1,3,0.375,2.9999970000030003,0.05861664598248054,0.9999990000010001,0,0.0,0.0,0.499999750000125,1
40,0.0,1,1,4,579.784,2898.92,5,5,1,0.125,0.199999960000008,0.0003449560524799042,0.399999920000016,0,0.0,0.6249999218750099,0.499999950000005,4
50,0.0,1,0,1,1311.98,1311.98,1,1,3,0.3,2.9999970000030003,0.0022866202211263733,0.0,0,0.0,0.09999999000000101,0.499999750000125,1
45,0.0,1,0,2,498.61,997.22,2,2,2,0.25,0.99999950000025,0.002005575497878527,0.99999950000025,0,0.0,0.24999996875000394,0.49999987500003124,1
25,0.0,1,0,0,0.0,0.0,0,0,2,0.25,2000000.0,2000000.0,0.0,0,0.0,0.0,0.0,3
44,0.0,0,0,2,471.44000000000005,942.8800000000001,2,3,3,0.3333333333333333,1.499999250000375,0.0031817410453273574,0.499999750000125,0,0.0,0.22222219753086697,0.599999880000024,1
37,0.0,0,0,2,506.3,1012.6,2,2,2,0.25,0.99999950000025,0.0019751135670796824,0.99999950000025,0,0.0,0.24999996875000394,0.49999987500003124,1
49,0.0,0,0,4,361.235,1444.94,4,4,1,0.125,0.24999993750001562,0.0006920702584937296,0.49999987500003124,0,0.0,0.4999999375000079,0.4999999375000079,4
43,0.0,1,1,1,414.31,414.31,1,1,1,0.125,0.9999990000010001,0.0024136516077003897,0.0,0,0.0,0.12499998437500197,0.499999750000125,2
24,0.0,0,0,0,0.0,0.0,0,2,2,0.25,2000000.0,2000000.0,0.0,0,0.0,0.0,0.99999950000025,6
38,0.0,1,1,3,301.70666666666665,905.12,3,3,1,0.125,0.33333322222225925,0.0011048258782207598,0.0,0,0.0,0.3749999531250059,0.49999991666668053,4
56,0.0,1,1,1,644.53,644.53,1,2,2,0.25,1.9999980000020001,0.0031030363162257205,0.9999990000010001,0,0.0,0.12499998437500197,0.6666664444445185,1
39,1.0,1,0,2,369.395,738.79,2,3,2,0.25,0.99999950000025,0.0027071292211492725,0.0,0,0.0,0.24999996875000394,0.599999880000024,1
49,0.0,1,0,3,151.04333333333332,453.13,3,3,1,0.125,0.33333322222225925,0.0022068721951606115,0.6666664444445185,0,0.0,0.3749999531250059,0.49999991666668053,4
44,1.0,0,0,3,344.5566666666667,1033.67,3,3,2,0.25,0.6666664444445185,0.0019348534813481539,0.6666664444445185,0,0.0,0.3749999531250059,0.49999991666668053,1
50,1.0,0,0,2,198.898,994.49,5,5,1,0.125,0.199999960000008,0.0010055405272998818,0.599999880000024,1,0.09999999000000101,0.6249999218750099,0.499999950000005,7
37,0.0,1,0,2,525.34,1050.68,2,2,0,0.0,0.0,0.0,0.99999950000025,0,0.0,0.22222219753086697,0.49999987500003124,2
42,0.0,1,1,4,495.535,1982.14,4,3,1,0.125,0.24999993750001562,0.0005045052314647273,0.49999987500003124,0,0.0,0.3749999531250059,0.4285713673469475,4
58,0.0,1,0,1,333.46,333.46,1,0,2,0.25,1.9999980000020001,0.005997720848084566,0.9999990000010001,0,0.0,0.0,0.0,0
58,0.0,1,0,1,327.66,327.66,1,1,4,0.5,3.9999960000040002,0.012207776316279752,0.9999990000010001,0,0.0,0.12499998437500197,0.499999750000125,1
53,0.0,1,1,2,233.51500000000001,467.03000000000003,2,2,1,0.125,0.499999750000125,0.0021411900688581243,0.499999750000125,0,0.0,0.12499998437500197,0.49999987500003124,2
40,0.0,1,1,1,367.25,367.25,1,1,3,0.375,2.9999970000030003,0.008168822305871144,0.0,0,0.0,0.12499998437500197,0.499999750000125,1
20,0.0,1,1,0,0.0,0.0,0,0,0,0.0,0.0,0.0,0.0,0,0.0,0.0,0.0,0
43,1.0,1,0,4,693.34,2773.36,4,3,4,0.5,0.9999997500000625,0.0014422938235777924,0.49999987500003124,0,0.0,0.3749999531250059,0.4285713673469475,1
27,0.0,0,0,3,727.7233333333334,2183.17,3,1,1,0.125,0.33333322222225925,0.0004580495332667408,0.6666664444445185,0,0.0,0.12499998437500197,0.24999993750001562,2
33,0.0,0,1,5,458.36199999999997,2291.81,5,5,1,0.125,0.199999960000008,0.0004363363453181825,0.399999920000016,0,0.0,0.6249999218750099,0.499999950000005,4
57,0.0,0,0,2,970.2,1940.4,2,3,4,0.5,1.9999990000005,0.00206143063179683,0.499999750000125,0,0.0,0.24999996875000394,0.599999880000024,1
19,0.0,0,0,0,0.0,0.0,0,1,0,0.0,0.0,0.0,0.0,0,0.0,0.0,0.9999990000010001,2
44,0.0,1,0,2,510.76666666666665,1532.3,3,3,2,0.2222222222222222,0.6666664444445185,0.0013052274350288928,0.6666664444445185,0,0.0,0.33333329629630043,0.49999991666668053,1
39,0.0,0,0,4,289.78,1159.12,4,5,1,0.125,0.24999993750001562,0.0008627234446280597,0.0,0,0.0,0.4999999375000079,0.5555554938271674,4
42,0.0,0,0,2,1170.435,2340.87,2,2,1,0.125,0.499999750000125,0.0004271915995218908,0.499999750000125,0,0.0,0.24999996875000394,0.49999987500003124,2
50,0.0,1,1,4,158.21,632.84,4,4,1,0.125,0.24999993750001562,0.0015801782416089718,0.24999993750001562,0,0.0,0.4999999375000079,0.4999999375000079,4
49,1.0,0,0,3,975.04,3900.16,4,2,1,0.125,0.24999993750001562,0.00025639973738092806,0.7499998125000469,0,0.0,0.24999996875000394,0.33333327777778704,4
34,0.0,0,0,4,376.39,1505.56,4,4,1,0.125,0.24999993750001562,0.000664204680873426,0.9999997500000625,0,0.0,0.4999999375000079,0.4999999375000079,4
26,0.0,0,0,0,0.0,0.0,0,1,3,0.3333333333333333,3000000.0,3000000.0,0.0,0,0.0,0.0,0.9999990000010001,6
19,0.0,0,0,0,0.0,0.0,0,0,1,0.125,1000000.0,1000000.0,0.0,0,0.0,0.0,0.0,0
38,0.0,0,0,4,305.295,1221.18,4,4,1,0.125,0.24999993750001562,0.0008188800989052554,0.49999987500003124,0,0.0,0.4999999375000079,0.4999999375000079,4
56,0.0,1,1,2,597.015,1194.03,2,2,0,0.0,0.0,0.0,1.499999250000375,0,0.0,0.24999996875000394,0.49999987500003124,2
36,0.0,0,0,3,180.67,542.01,3,2,1,0.14285714285714285,0.33333322222225925,0.001844984406477769,0.0,0,0.0,0.285714244897965,0.399999920000016,2
22,1.0,0,0,0,0.0,0.0,0,0,3,0.375,3000000.0,3000000.0,0.0,0,0.0,0.0,0.0,3
86,0.0,1,0,1,373.83,747.66,2,2,4,0.5,1.9999990000005,0.005350025405465017,0.99999950000025,1,0.24999993750001562,0.24999996875000394,0.49999987500003124,7
39,0.0,0,0,2,668.39,1336.78,2,2,2,0.25,0.99999950000025,0.0014961324963747716,0.499999750000125,0,0.0,0.12499998437500197,0.49999987500003124,1
37,0.0,1,1,4,2710.1175,10840.47,4,3,1,0.125,0.24999993750001562,9.224692286476076e-05,1.4999996250000938,0,0.0,0.3749999531250059,0.4285713673469475,5
38,1.0,0,0,5,431.526,2157.63,5,5,2,0.25,0.399999920000016,0.0009269429879418886,0.399999920000016,0,0.0,0.6249999218750099,0.499999950000005,4
25,0.0,0,0,0,0.0,0.0,0,1,3,0.3333333333333333,3000000.0,3000000.0,0.0,0,0.0,0.0,0.9999990000010001,6
45,0.0,1,1,2,546.69,1093.38,2,3,0,0.0,0.0,0.0,0.99999950000025,0,0.0,0.24999996875000394,0.599999880000024,2
50,0.0,1,1,2,4880.14,14640.42,3,2,1,0.125,0.33333322222225925,6.83040513818385e-05,1.333332888889037,1,0.199999960000008,0.24999996875000394,0.399999920000016,5
49,0.0,0,0,3,293.75333333333333,881.26,3,3,1,0.125,0.33333322222225925,0.0011347388952922645,0.0,0,0.0,0.3749999531250059,0.49999991666668053,4
42,0.0,1,0,4,679.578,3397.89,5,3,1,0.125,0.199999960000008,0.00029430028626756596,0.399999920000016,0,0.0,0.3749999531250059,0.3749999531250059,4
55,0.0,1,0,1,290.26,290.26,1,1,2,0.25,1.9999980000020001,0.006890374123577572,0.0,0,0.0,0.12499998437500197,0.499999750000125,1
53,1.0,1,1,1,411.4,411.4,1,1,1,0.125,0.9999990000010001,0.002430724349949625,0.9999990000010001,0,0.0,0.12499998437500197,0.499999750000125,2
56,0.0,1,0,4,698.3525,2793.41,4,4,0,0.0,0.0,0.0,0.24999993750001562,0,0.0,0.4999999375000079,0.4999999375000079,4
54,0.0,1,0,3,488.61749999999995,1954.4699999999998,4,5,1,0.125,0.24999993750001562,0.0005116476586943531,0.49999987500003124,0,0.0,0.4999999375000079,0.5555554938271674,4
19,0.0,0,0,2,237.185,474.37,2,3,1,0.125,0.499999750000125,0.0021080591055335305,0.99999950000025,0,0.0,0.24999996875000394,0.599999880000024,2
48,0.0,1,0,3,392.88000000000005,1178.64,3,2,1,0.1111111111111111,0.33333322222225925,0.0008484354842458803,0.33333322222225925,0,0.0,0.22222219753086697,0.399999920000016,2
40,0.0,1,0,3,614.2774999999999,2457.1099999999997,4,3,2,0.25,0.49999987500003124,0.0008139643724481346,0.9999997500000625,1,0.1428571224489825,0.3749999531250059,0.4285713673469475,7
65,0.0,1,0,3,374.78999999999996,1124.37,3,2,1,0.125,0.33333322222225925,0.0008893869447874036,0.9999996666667778,0,0.0,0.24999996875000394,0.399999920000016,2
65,0.0,1,0,1,287.17,287.17,1,3,1,0.125,0.9999990000010001,0.003482257883893659,0.0,0,0.0,0.12499998437500197,0.7499998125000469,2
42,0.0,0,0,2,2123.585,4247.17,2,2,1,0.1111111111111111,0.499999750000125,0.00023545090019107994,0.99999950000025,0,0.0,0.22222219753086697,0.49999987500003124,2
47,0.0,1,1,3,251.67999999999998,755.04,3,5,0,0.0,0.0,0.0,0.33333322222225925,0,0.0,0.33333329629630043,0.6249999218750099,4
50,0.0,0,1,2,878.9833333333332,2636.95,3,3,0,0.0,0.0,0.0,0.9999996666667778,0,0.0,0.3749999531250059,0.49999991666668053,2
39,0.0,0,1,2,350.34000000000003,700.6800000000001,2,2,0,0.0,0.0,0.0,0.99999950000025,0,0.0,0.12499998437500197,0.49999987500003124,2
43,1.0,0,0,4,387.3125,1549.25,4,4,1,0.125,0.24999993750001562,0.0006454736158492989,0.24999993750001562,0,0.0,0.4999999375000079,0.4999999375000079,4
29,0.0,0,0,2,691.02,2073.06,3,3,1,0.125,0.33333322222225925,0.0004823787056417187,0.33333322222225925,0,0.0,0.3749999531250059,0.49999991666668053,4
46,0.0,0,0,3,220.32666666666668,660.98,3,3,2,0.25,0.6666664444445185,0.0030258101560927558,0.6666664444445185,0,0.0,0.24999996875000394,0.49999991666668053,1
45,0.0,0,0,4,813.505,3254.02,4,4,3,0.3333333333333333,0.7499998125000469,0.0009219365581889673,0.49999987500003124,0,0.0,0.44444439506173394,0.4999999375000079,4
42,0.0,0,0,4,566.742,2833.71,5,6,2,0.25,0.399999920000016,0.00070578852433531,0.399999920000016,0,0.0,0.6249999218750099,0.5454544958677732,4
36,0.0,0,1,0,0.0,0.0,0,2,4,0.5,4000000.0,4000000.0,0.0,0,0.0,0.0,0.99999950000025,6
37,0.0,0,0,1,347.33,347.33,1,2,1,0.1111111111111111,0.9999990000010001,0.002879106317107344,0.0,0,0.0,0.11111109876543349,0.6666664444445185,2
37,0.0,1,1,0,0.0,0.0,0,1,1,0.125,1000000.0,1000000.0,0.0,0,0.0,0.0,0.9999990000010001,6
52,0.0,1,0,4,442.826,2214.13,5,4,2,0.25,0.399999920000016,0.0009032893276802675,0.399999920000016,0,0.0,0.4999999375000079,0.44444439506173394,4
37,0.0,0,0,2,129.855,259.71,2,2,1,0.125,0.499999750000125,0.003850448562433297,0.499999750000125,0,0.0,0.24999996875000394,0.49999987500003124,2
48,1.0,1,1,2,402.70000000000005,805.4000000000001,2,2,0,0.0,0.0,0.0,0.0,0,0.0,0.24999996875000394,0.49999987500003124,2
37,1.0,0,0,1,421.73,421.73,1,1,2,0.25,1.9999980000020001,0.004742370699873448,0.9999990000010001,0,0.0,0.12499998437500197,0.499999750000125,1
38,0.0,0,0,0,0.0,0.0,0,0,2,0.25,2000000.0,2000000.0,0.0,0,0.0,0.0,0.0,3
35,0.0,0,0,4,384.47400000000005,1922.3700000000001,5,4,2,0.25,0.399999920000016,0.001040382444045432,0.799999840000032,0,0.0,0.4999999375000079,0.44444439506173394,4
21,0.0,0,0,1,744.3,744.3,1,1,2,0.25,1.9999980000020001,0.0026870885359571565,0.9999990000010001,0,0.0,0.0,0.499999750000125,1
38,0.0,1,0,4,387.545,1550.18,4,4,0,0.0,0.0,0.0,0.0,0,0.0,0.4999999375000079,0.4999999375000079,4
35,0.0,0,0,5,456.54800000000006,2282.7400000000002,5,5,0,0.0,0.0,0.0,0.399999920000016,0,0.0,0.5555554938271674,0.499999950000005,4
54,0.0,1,1,1,288.21,288.21,1,2,3,0.3333333333333333,2.9999970000030003,0.010409076678779097,0.0,0,0.0,0.11111109876543349,0.6666664444445185,1
60,0.0,1,0,1,417.86,417.86,1,1,3,0.375,2.9999970000030003,0.0071794380721307656,0.0,0,0.0,0.12499998437500197,0.499999750000125,1
19,0.0,0,0,0,0.0,0.0,0,0,1,0.125,1000000.0,1000000.0,0.0,0,0.0,0.0,0.0,0
37,1.0,0,1,2,297.17,594.34,2,3,1,0.125,0.499999750000125,0.001682538611430261,0.0,0,0.0,0.24999996875000394,0.599999880000024,2
42,0.0,1,1,4,519.26,2077.04,4,4,2,0.2,0.49999987500003124,0.0009629087543028018,0.9999997500000625,0,0.0,0.39999996000000404,0.4999999375000079,4
59,0.0,0,0,0,0.0,0.0,0,0,1,0.125,1000000.0,1000000.0,0.0,0,0.0,0.0,0.0,0
44,0.0,0,0,4,550.12,2750.6,5,5,1,0.125,0.199999960000008,0.0003635570419677318,0.399999920000016,0,0.0,0.6249999218750099,0.499999950000005,4
58,0.0,1,1,2,431.375,862.75,2,3,4,0.5714285714285714,1.9999990000005,0.004636337288164199,0.499999750000125,0,0.0,0.285714244897965,0.599999880000024,1
34,0.0,0,0,4,383.835,1535.34,4,5,2,0.2857142857142857,0.49999987500003124,0.0013026430619259297,0.49999987500003124,0,0.0,0.57142848979593,0.5555554938271674,4
25,0.0,0,0,0,0.0,0.0,0,0,1,0.125,1000000.0,1000000.0,0.0,0,0.0,0.0,0.0,0
19,0.0,0,0,0,0.0,0.0,0,0,1,0.14285714285714285,1000000.0,1000000.0,0.0,0,0.0,0.0,0.0,0
40,0.0,0,0,2,193.14,386.28,2,3,3,0.375,1.499999250000375,0.007766387056626315,0.499999750000125,0,0.0,0.24999996875000394,0.599999880000024,1
41,0.0,1,0,0,0.0,0.0,0,1,0,0.0,0.0,0.0,0.0,0,0.0,0.0,0.9999990000010001,2
40,0.0,0,0,2,450.725,901.45,2,2,0,0.0,0.0,0.0,0.499999750000125,0,0.0,0.24999996875000394,0.49999987500003124,2
38,0.0,0,0,3,469.47,1408.41,3,3,1,0.125,0.33333322222225925,0.000710020519088887,0.33333322222225925,0,0.0,0.3749999531250059,0.49999991666668053,4
19,0.0,0,0,2,313.20000000000005,626.4000000000001,2,2,1,0.125,0.499999750000125,0.001596424007668544,0.499999750000125,0,0.0,0.24999996875000394,0.49999987500003124,2
46,0.0,0,0,2,745.485,1490.97,2,3,2,0.25,0.99999950000025,0.0013414086122850166,0.99999950000025,0,0.0,0.24999996875000394,0.599999880000024,1
41,0.0,0,0,5,616.5360000000001,3082.6800000000003,5,4,1,0.125,0.199999960000008,0.0003243930604784171,0.0,0,0.0,0.4999999375000079,0.44444439506173394,4
37,0.0,0,0,6,599.9783333333334,3599.87,6,6,1,0.125,0.16666663888889352,0.000277787808927048,0.49999991666668053,0,0.0,0.7499999062500118,0.4999999583333368,4
35,0.0,0,0,3,187.035,748.14,4,5,2,0.2222222222222222,0.49999987500003124,0.002673296438269179,0.9999997500000625,1,0.11111109876543349,0.44444439506173394,0.5555554938271674,7
45,0.0,0,1,3,348.92,1046.76,3,3,1,0.125,0.33333322222225925,0.0009553288232686299,0.6666664444445185,0,0.0,0.3749999531250059,0.49999991666668053,4
39,0.0,0,0,3,351.40333333333336,1054.21,3,2,1,0.125,0.33333322222225925,0.0009485776069771888,0.33333322222225925,0,0.0,0.24999996875000394,0.399999920000016,2
50,0.0,0,1,3,97.02333333333333,291.07,3,4,2,0.25,0.6666664444445185,0.006871199344242968,0.33333322222225925,0,0.0,0.3749999531250059,0.57142848979593,1
36,0.0,0,0,1,586.17,586.17,1,1,2,0.25,1.9999980000020001,0.0034119794540628497,0.9999990000010001,0,0.0,0.12499998437500197,0.499999750000125,1
42,0.0,0,1,3,197.61,592.83,3,4,0,0.0,0.0,0.0,0.6666664444445185,0,0.0,0.299999970000003,0.57142848979593,4
47,0.0,1,1,2,941.3900000000001,1882.7800000000002,2,4,3,0.375,1.499999250000375,0.0015933884991377702,0.99999950000025,0,0.0,0.24999996875000394,0.6666665555555741,1
55,0.0,1,0,3,376.50333333333333,1129.51,3,4,0,0.0,0.0,0.0,0.9999996666667778,0,0.0,0.3749999531250059,0.57142848979593,4
51,0.0,1,0,3,968.8,3875.2,4,3,1,0.125,0.24999993750001562,0.00025805119729096533,0.24999993750001562,0,0.0,0.3749999531250059,0.4285713673469475,4
46,0.0,1,0,1,575.03,575.03,1,1,2,0.2222222222222222,1.9999980000020001,0.003478079398504288,0.9999990000010001,0,0.0,0.11111109876543349,0.499999750000125,1
58,0.0,1,1,1,542.21,542.21,1,1,0,0.0,0.0,0.0,0.9999990000010001,0,0.0,0.11111109876543349,0.499999750000125,2
63,0.0,1,0,0,0.0,0.0,0,0,1,0.1,1000000.0,1000000.0,0.0,0,0.0,0.0,0.0,0
33,0.0,0,0,0,0.0,0.0,0,0,3,0.3333333333333333,3000000.0,3000000.0,0.0,0,0.0,0.0,0.0,3
48,0.0,0,0,3,381.27,1143.81,3,2,1,0.125,0.33333322222225925,0.0008742710757256265,0.6666664444445185,0,0.0,0.24999996875000394,0.399999920000016,2
45,1.0,1,1,2,274.055,548.11,2,3,2,0.25,0.99999950000025,0.0036489025858880467,0.499999750000125,0,0.0,0.24999996875000394,0.599999880000024,1
47,0.0,1,0,4,390.54,1952.7,5,4,3,0.3333333333333333,0.599999880000024,0.0015363343055582862,0.399999920000016,1,0.11111109876543349,0.44444439506173394,0.44444439506173394,7
57,0.0,1,0,2,655.1133333333333,1965.34,3,3,0,0.0,0.0,0.0,0.6666664444445185,0,0.0,0.3749999531250059,0.49999991666668053,2
35,0.0,1,1,0,0.0,0.0,0,0,3,0.375,3000000.0,3000000.0,0.0,0,0.0,0.0,0.0,3
55,0.0,0,0,2,170.77,341.54,2,2,1,0.125,0.499999750000125,0.002927914730550112,0.499999750000125,0,0.0,0.24999996875000394,0.49999987500003124,2
44,1.0,1,0,1,316.94,316.94,1,1,1,0.125,0.9999990000010001,0.003155171315847885,0.9999990000010001,0,0.0,0.0,0.499999750000125,2
46,1.0,1,1,2,387.425,774.85,2,4,2,0.25,0.99999950000025,0.002581144734360012,0.499999750000125,0,0.0,0.24999996875000394,0.6666665555555741,1
42,0.0,0,1,3,458.59999999999997,1375.8,3,2,3,0.3333333333333333,0.9999996666667778,0.0021805494968886834,0.6666664444445185,0,0.0,0.22222219753086697,0.399999920000016,1
19,0.0,0,0,0,0.0,0.0,0,0,2,0.25,2000000.0,2000000.0,0.0,0,0.0,0.0,0.0,3
48,1.0,1,1,1,106.04,106.04,1,1,1,0.125,0.9999990000010001,0.009430403532342478,1.9999980000020001,0,0.0,0.12499998437500197,0.499999750000125,2
29,0.0,1,0,2,340.55,1021.6500000000001,3,3,2,0.2222222222222222,0.6666664444445185,0.0019576175774897297,0.6666664444445185,0,0.0,0.33333329629630043,0.49999991666668053,1
65,0.0,1,0,2,2999.2333333333336,8997.7,3,3,4,0.5,1.333332888889037,0.00044455805367543276,0.6666664444445185,1,0.16666663888889352,0.24999996875000394,0.49999991666668053,7
18,0.0,0,0,0,0.0,0.0,0,1,2,0.25,2000000.0,2000000.0,0.0,0,0.0,0.0,0.9999990000010001,6
22,1.0,0,0,0,0.0,0.0,0,0,1,0.125,1000000.0,1000000.0,0.0,0,0.0,0.0,0.0,0
56,0.0,1,0,4,367.17,1468.68,4,3,2,0.25,0.49999987500003124,0.0013617670279694916,0.9999997500000625,0,0.0,0.3749999531250059,0.4285713673469475,4
38,0.0,0,0,0,0.0,0.0,0,1,1,0.125,1000000.0,1000000.0,0.0,0,0.0,0.0,0.9999990000010001,6
41,0.0,0,0,3,346.6625,1386.65,4,4,2,0.25,0.49999987500003124,0.0014423250269048964,0.9999997500000625,0,0.0,0.4999999375000079,0.4999999375000079,4
37,0.0,0,0,4,421.1925,1684.77,4,4,3,0.375,0.7499998125000469,0.0017806584864517657,0.24999993750001562,0,0.0,0.4999999375000079,0.4999999375000079,4
53,1.0,0,0,2,117.68,235.36,2,1,2,0.25,0.99999950000025,0.008497620630108681,0.499999750000125,0,0.0,0.12499998437500197,0.33333322222225925,1
46,0.0,0,1,4,259.08500000000004,1036.3400000000001,4,3,1,0.125,0.24999993750001562,0.0009649342870438905,0.7499998125000469,0,0.0,0.3749999531250059,0.4285713673469475,4
47,1.0,0,0,4,290.134,1450.67,5,4,0,0.0,0.0,0.0,0.799999840000032,0,0.0,0.4999999375000079,0.44444439506173394,4
27,0.0,0,0,0,0.0,0.0,0,1,1,0.125,1000000.0,1000000.0,0.0,0,0.0,0.0,0.9999990000010001,6
45,0.0,0,0,3,514.29,2057.16,4,4,1,0.125,0.24999993750001562,0.0004861070599826426,0.49999987500003124,0,0.0,0.4999999375000079,0.4999999375000079,4
48,0.0,1,0,4,372.575,1490.3,4,4,0,0.0,0.0,0.0,0.49999987500003124,0,0.0,0.4999999375000079,0.4999999375000079,4
38,1.0,0,1,2,2483.54,7450.62,3,3,1,0.125,0.33333322222225925,0.00013421701816302307,0.6666664444445185,1,0.16666663888889352,0.3749999531250059,0.49999991666668053,7
54,1.0,1,0,2,368.35,736.7,2,2,0,0.0,0.0,0.0,0.499999750000125,0,0.0,0.24999996875000394,0.49999987500003124,2
37,0.0,1,1,0,0.0,0.0,0,1,3,0.375,3000000.0,3000000.0,0.0,0,0.0,0.0,0.9999990000010001,6
35,1.0,0,0,2,307.705,615.41,2,3,2,0.2857142857142857,0.99999950000025,0.0032498659377490358,0.99999950000025,0,0.0,0.285714244897965,0.599999880000024,1
45,1.0,0,0,1,463.99,463.99,1,1,1,0.125,0.9999990000010001,0.0021552188578305162,0.0,0,0.0,0.12499998437500197,0.499999750000125,2
31,0.0,0,0,2,926.23,1852.46,2,2,1,0.125,0.499999750000125,0.000539822721926615,0.99999950000025,0,0.0,0.24999996875000394,0.49999987500003124,2
46,0.0,0,0,3,332.12333333333333,996.37,3,2,1,0.125,0.33333322222225925,0.0010036432238991106,0.33333322222225925,0,0.0,0.24999996875000394,0.399999920000016,2
51,0.0,0,0,2,495.21999999999997,990.4399999999999,2,1,0,0.0,0.0,0.0,0.0,0,0.0,0.12499998437500197,0.33333322222225925,2
40,0.0,0,1,2,228.70499999999998,457.40999999999997,2,2,3,0.375,1.499999250000375,0.006558667264470241,0.0,0,0.0,0.24999996875000394,0.49999987500003124,1
58,0.0,0,0,3,427.3066666666667,1281.92,3,2,3,0.3333333333333333,0.9999996666667778,0.002340239638713617,0.33333322222225925,0,0.0,0.22222219753086697,0.399999920000016,1
56,0.0,1,1,4,367.9325,1471.73,4,3,0,0.0,0.0,0.0,0.9999997500000625,0,0.0,0.3749999531250059,0.4285713673469475,4
38,0.0,1,1,2,1013.44,2026.88,2,3,1,0.125,0.499999750000125,0.0004933691187966879,0.499999750000125,0,0.0,0.24999996875000394,0.599999880000024,2
84,1.0,1,0,0,0.0,0.0,0,0,1,0.125,1000000.0,1000000.0,0.0,0,0.0,0.0,0.0,0
35,0.0,0,1,1,543.08,543.08,1,3,3,0.3333333333333333,2.9999970000030003,0.005524048012219105,0.0,0,0.0,0.11111109876543349,0.7499998125000469,1
19,0.0,0,0,1,1141.98,2283.96,2,2,1,0.125,0.499999750000125,0.00043783603896835495,0.0,1,0.24999993750001562,0.24999996875000394,0.49999987500003124,7
34,0.0,0,0,2,352.99,705.98,2,2,1,0.125,0.499999750000125,0.0014164707195437963,0.0,0,0.0,0.24999996875000394,0.49999987500003124,2
45,0.0,1,0,1,651.6,651.6,1,1,0,0.0,0.0,0.0,0.9999990000010001,0,0.0,0.12499998437500197,0.499999750000125,2
28,1.0,1,1,1,255.02,255.02,1,1,1,0.125,0.9999990000010001,0.003921261062186256,0.0,0,0.0,0.12499998437500197,0.499999750000125,2
57,0.0,1,0,1,385.33,385.33,1,1,1,0.1111111111111111,0.9999990000010001,0.0025951781522456645,0.0,0,0.0,0.11111109876543349,0.499999750000125,2
38,0.0,0,0,3,349.5625,1398.25,4,4,4,0.5,0.9999997500000625,0.0028607187535414132,0.7499998125000469,1,0.12499998437500197,0.4999999375000079,0.4999999375000079,7
57,0.0,1,0,2,200.45999999999998,400.91999999999996,2,3,0,0.0,0.0,0.0,0.499999750000125,0,0.0,0.24999996875000394,0.599999880000024,2
21,1.0,0,1,0,0.0,0.0,0,1,0,0.0,0.0,0.0,0.0,0,0.0,0.0,0.9999990000010001,2
53,0.0,1,1,4,364.6175,1458.47,4,4,2,0.25,0.49999987500003124,0.0013713000600826207,0.49999987500003124,0,0.0,0.3749999531250059,0.4999999375000079,4
27,1.0,0,0,0,0.0,0.0,0,0,2,0.25,2000000.0,2000000.0,0.0,0,0.0,0.0,0.0,3
55,1.0,1,0,1,445.62,445.62,1,1,2,0.25,1.9999980000020001,0.00448812888899033,0.9999990000010001,0,0.0,0.12499998437500197,0.499999750000125,1
18,0.0,0,0,0,0.0,0.0,0,0,1,0.1111111111111111,1000000.0,1000000.0,0.0,0,0.0,0.0,0.0,0
46,0.0,0,1,4,542.58,2170.32,4,3,1,0.125,0.24999993750001562,0.0004607615464720587,0.24999993750001562,0,0.0,0.3749999531250059,0.4285713673469475,4
35,0.0,0,1,4,179.916,899.5799999999999,5,5,1,0.125,0.199999960000008,0.001111629870482192,0.399999920000016,0,0.0,0.6249999218750099,0.499999950000005,4
42,0.0,0,1,6,369.1116666666667,2214.67,6,5,1,0.1111111111111111,0.16666663888889352,0.0004515345399307642,0.49999991666668053,0,0.0,0.5555554938271674,0.4545454132231443,4
53,0.0,1,1,3,340.6933333333333,1022.0799999999999,3,3,2,0.25,0.6666664444445185,0.0019567939868143456,0.33333322222225925,0,0.0,0.3749999531250059,0.49999991666668053,1
30,0.0,1,1,3,168.27333333333334,504.82000000000005,3,4,2,0.25,0.6666664444445185,0.003961808161400483,0.33333322222225925,0,0.0,0.3749999531250059,0.57142848979593,1
24,0.0,0,1,1,3812.78,7625.56,2,3,2,0.2222222222222222,0.99999950000025,0.0002622758197086803,0.99999950000025,1,0.199999960000008,0.22222219753086697,0.599999880000024,5
35,0.0,0,0,1,291.71,291.71,1,1,0,0.0,0.0,0.0,0.9999990000010001,0,0.0,0.12499998437500197,0.499999750000125,2
39,1.0,0,0,1,423.1,423.1,1,1,0,0.0,0.0,0.0,0.0,0,0.0,0.0,0.499999750000125,2
35,0.0,0,1,1,151.05,151.05,1,2,1,0.125,0.9999990000010001,0.006620324352066703,1.9999980000020001,0,0.0,0.12499998437500197,0.6666664444445185,2
54,0.0,0,0,1,215.58,215.58,1,1,0,0.0,0.0,0.0,0.9999990000010001,0,0.0,0.11111109876543349,0.499999750000125,2
52,0.0,0,0,5,404.98285714285714,2834.88,7,6,2,0.2,0.285714244897965,0.0007054972342019778,0.57142848979593,1,0.07692307100591762,0.599999940000006,0.4615384260355057,7
57,0.0,1,1,2,884.97,1769.94,2,2,0,0.0,0.0,0.0,0.0,0,0.0,0.12499998437500197,0.49999987500003124,2
50,0.0,1,1,1,748.86,748.86,1,1,5,0.625,4.999995000005001,0.006676815417198388,1.9999980000020001,0,0.0,0.12499998437500197,0.499999750000125,1
46,0.0,1,0,2,462.645,925.29,2,2,1,0.125,0.499999750000125,0.0010807422526118923,0.0,0,0.0,0.12499998437500197,0.49999987500003124,2
47,0.0,0,1,4,570.4660000000001,2852.3300000000004,5,5,4,0.5,0.799999840000032,0.0014023622787677575,0.0,1,0.09999999000000101,0.6249999218750099,0.499999950000005,7
49,0.0,0,1,4,358.3425,1433.37,4,4,2,0.25,0.49999987500003124,0.0013953131421787026,0.49999987500003124,0,0.0,0.4999999375000079,0.4999999375000079,4
41,1.0,0,0,5,272.614,1363.07,5,5,1,0.125,0.199999960000008,0.0007336380371267521,0.399999920000016,0,0.0,0.6249999218750099,0.499999950000005,4
50,0.0,0,0,5,425.28999999999996,2126.45,5,5,2,0.2222222222222222,0.399999920000016,0.0009405346935312213,0.599999880000024,0,0.0,0.5555554938271674,0.499999950000005,4
37,1.0,0,0,3,396.69,1190.07,3,3,3,0.375,0.9999996666667778,0.002520860115353836,0.33333322222225925,0,0.0,0.3749999531250059,0.49999991666668053,1
46,0.0,0,0,3,374.4633333333333,1123.3899999999999,3,3,3,0.375,0.9999996666667778,0.0026704884299571046,0.0,0,0.0,0.3749999531250059,0.49999991666668053,1
45,0.0,0,0,3,312.26,936.78,3,3,0,0.0,0.0,0.0,0.0,0,0.0,0.3749999531250059,0.49999991666668053,4
48,0.0,1,1,2,446.6666666666667,1340.0,3,3,3,0.375,0.9999996666667778,0.0022388059684785027,0.9999996666667778,1,0.16666663888889352,0.3749999531250059,0.49999991666668053,7
24,0.0,0,0,2,1450.9833333333333,4352.95,3,3,3,0.375,0.9999996666667778,0.0006891877920285811,0.6666664444445185,1,0.16666663888889352,0.24999996875000394,0.49999991666668053,7
41,0.0,1,0,2,586.505,1173.01,2,1,0,0.0,0.0,0.0,0.499999750000125,0,0.0,0.12499998437500197,0.33333322222225925,2
52,0.0,1,1,2,504.99,1009.98,2,1,0,0.0,0.0,0.0,0.99999950000025,0,0.0,0.12499998437500197,0.33333322222225925,2
22,1.0,0,1,0,0.0,0.0,0,0,3,0.375,3000000.0,3000000.0,0.0,0,0.0,0.0,0.0,3
40,0.0,0,0,4,315.8775,1263.51,4,4,1,0.125,0.24999993750001562,0.0007914460504535412,0.24999993750001562,0,0.0,0.3749999531250059,0.4999999375000079,4
32,1.0,1,0,2,486.41999999999996,972.8399999999999,2,2,1,0.125,0.499999750000125,0.0010279182588833536,0.499999750000125,0,0.0,0.24999996875000394,0.49999987500003124,2
76,0.0,1,0,1,153.53,307.06,2,2,2,0.25,0.99999950000025,0.006513384984975623,0.99999950000025,1,0.24999993750001562,0.12499998437500197,0.49999987500003124,7
45,0.0,1,0,3,248.925,995.7,4,4,1,0.1111111111111111,0.24999993750001562,0.0010043185688417007,0.24999993750001562,0,0.0,0.44444439506173394,0.4999999375000079,4
55,0.0,0,0,2,249.89999999999998,499.79999999999995,2,2,2,0.25,0.99999950000025,0.004001600632249699,0.0,0,0.0,0.24999996875000394,0.49999987500003124,1
55,0.0,0,1,3,323.81,971.4300000000001,3,3,1,0.1111111111111111,0.33333322222225925,0.0010294102498075927,0.6666664444445185,0,0.0,0.33333329629630043,0.49999991666668053,4
50,0.0,1,1,2,506.41,1519.23,3,4,2,0.25,0.6666664444445185,0.0013164563618961865,0.6666664444445185,0,0.0,0.3749999531250059,0.57142848979593,1
23,0.0,0,1,0,0.0,0.0,0,1,3,0.375,3000000.0,3000000.0,0.0,0,0.0,0.0,0.9999990000010001,6
51,0.0,1,1,0,0.0,0.0,0,1,2,0.25,2000000.0,2000000.0,0.0,0,0.0,0.0,0.9999990000010001,6
43,0.0,1,0,4,370.6475,1482.59,4,3,1,0.125,0.24999993750001562,0.0006744953084301828,0.7499998125000469,0,0.0,0.3749999531250059,0.4285713673469475,4
27,0.0,0,0,3,902.8050000000001,3611.2200000000003,4,4,2,0.25,0.49999987500003124,0.0005538294536046462,0.49999987500003124,1,0.12499998437500197,0.4999999375000079,0.4999999375000079,7
44,0.0,0,0,2,757.085,1514.17,2,3,1,0.125,0.499999750000125,0.000660427824708964,0.0,0,0.0,0.24999996875000394,0.599999880000024,2
46,0.0,0,0,3,341.615,1366.46,4,3,2,0.2222222222222222,0.49999987500003124,0.0014636359633918034,0.49999987500003124,0,0.0,0.33333329629630043,0.4285713673469475,4
58,0.0,0,0,1,230.74,230.74,1,0,1,0.1111111111111111,0.9999990000010001,0.00433388227297442,0.0,0,0.0,0.0,0.0,0
38,0.0,0,0,2,166.75,500.25,3,5,2,0.25,0.6666664444445185,0.003998000991508244,0.33333322222225925,0,0.0,0.3749999531250059,0.6249999218750099,4
32,0.0,0,0,4,236.1325,944.53,4,4,3,0.375,0.7499998125000469,0.003176182860072012,0.24999993750001562,0,0.0,0.4999999375000079,0.4999999375000079,4
54,0.0,1,0,2,606.425,1212.85,2,2,0,0.0,0.0,0.0,0.499999750000125,0,0.0,0.22222219753086697,0.49999987500003124,2
48,0.0,0,1,4,547.6325,2190.53,4,3,3,0.375,0.7499998125000469,0.0013695315739252457,0.0,0,0.0,0.3749999531250059,0.4285713673469475,1
55,0.0,1,1,4,564.688,2823.44,5,5,2,0.25,0.399999920000016,0.0007083557643483284,0.599999880000024,0,0.0,0.6249999218750099,0.499999950000005,4
49,1.0,1,1,3,294.75666666666666,884.27,3,3,0,0.0,0.0,0.0,0.33333322222225925,0,0.0,0.3749999531250059,0.49999991666668053,2
51,0.0,0,0,3,429.58,1288.74,3,4,1,0.125,0.33333322222225925,0.0007759517041637942,0.6666664444445185,0,0.0,0.3749999531250059,0.57142848979593,4
19,0.0,0,0,1,455.84,455.84,1,1,1,0.125,0.9999990000010001,0.0021937521889396454,0.0,0,0.0,0.12499998437500197,0.499999750000125,2
56,0.0,1,0,4,390.7675,1563.07,4,4,1,0.1111111111111111,0.24999993750001562,0.0006397666127302253,0.24999993750001562,0,0.0,0.44444439506173394,0.4999999375000079,4
51,0.0,1,1,2,658.0,1316.0,2,1,0,0.0,0.0,0.0,0.99999950000025,0,0.0,0.11111109876543349,0.33333322222225925,2
58,0.0,0,0,3,810.0174999999999,3240.0699999999997,4,4,3,0.375,0.7499998125000469,0.0009259059214998732,0.49999987500003124,1,0.12499998437500197,0.3749999531250059,0.4999999375000079,7
57,0.0,0,0,3,411.78000000000003,1235.3400000000001,3,3,2,0.25,0.6666664444445185,0.0016189874839161787,0.0,0,0.0,0.3749999531250059,0.49999991666668053,1
23,0.0,0,0,1,287.38,574.76,2,3,1,0.125,0.499999750000125,0.001739856632786108,0.0,1,0.199999960000008,0.24999996875000394,0.599999880000024,7
51,0.0,1,1,3,300.94,902.8199999999999,3,3,1,0.1111111111111111,0.33333322222225925,0.0011076405029710901,0.6666664444445185,0,0.0,0.33333329629630043,0.49999991666668053,4
46,0.0,1,1,2,240.84500000000003,481.69000000000005,2,2,3,0.375,1.499999250000375,0.006228071983582652,0.99999950000025,0,0.0,0.24999996875000394,0.49999987500003124,1
54,0.0,1,1,3,373.75333333333333,1121.26,3,5,1,0.125,0.33333322222225925,0.0008918538065285002,0.0,0,0.0,0.3749999531250059,0.6249999218750099,4
43,0.0,0,0,3,689.9875,2759.95,4,4,1,0.1111111111111111,0.24999993750001562,0.00036232540431445305,0.24999993750001562,1,0.12499998437500197,0.44444439506173394,0.4999999375000079,7
46,0.0,0,0,2,523.525,1047.05,2,2,1,0.1,0.499999750000125,0.0009550642271571899,0.0,0,0.0,0.19999998000000202,0.49999987500003124,2
56,0.0,0,0,3,588.106,2940.5299999999997,5,5,2,0.2222222222222222,0.399999920000016,0.0006801494966281081,0.799999840000032,1,0.09999999000000101,0.44444439506173394,0.499999950000005,7
36,0.0,1,0,1,75.09,75.09,1,1,0,0.0,0.0,0.0,0.0,0,0.0,0.12499998437500197,0.499999750000125,2
45,0.0,1,1,4,251.92600000000002,1259.63,5,5,2,0.25,0.399999920000016,0.0015877678353264305,0.399999920000016,1,0.09999999000000101,0.6249999218750099,0.499999950000005,7
37,0.0,0,0,1,256.53,256.53,1,0,1,0.125,0.9999990000010001,0.0038981795349542765,0.0,0,0.0,0.0,0.0,0
56,0.0,0,1,3,401.16999999999996,1604.6799999999998,4,3,3,0.42857142857142855,0.7499998125000469,0.001869531618846417,0.7499998125000469,1,0.1428571224489825,0.4285713673469475,0.4285713673469475,7
52,0.0,0,0,5,278.002,1390.01,5,5,0,0.0,0.0,0.0,0.399999920000016,0,0.0,0.6249999218750099,0.499999950000005,4
74,0.0,0,0,0,0.0,0.0,0,2,1,0.125,1000000.0,1000000.0,0.0,0,0.0,0.0,0.99999950000025,6
44,0.0,1,0,1,592.55,592.55,1,0,2,0.25,1.9999980000020001,0.003375242589865425,0.0,0,0.0,0.0,0.0,0
45,1.0,1,1,4,340.865,1363.46,4,4,0,0.0,0.0,0.0,0.9999997500000625,0,0.0,0.4999999375000079,0.4999999375000079,4
50,0.0,0,0,3,345.00666666666666,1035.02,3,3,3,0.375,0.9999996666667778,0.0028984947122775453,0.33333322222225925,0,0.0,0.3749999531250059,0.49999991666668053,1
49,0.0,1,0,4,738.11,3690.55,5,4,2,0.2,0.399999920000016,0.000541924645231219,0.99999980000004,1,0.11111109876543349,0.39999996000000404,0.44444439506173394,7
42,0.0,1,0,4,654.395,2617.58,4,1,0,0.0,0.0,0.0,0.49999987500003124,0,0.0,0.12499998437500197,0.199999960000008,2
27,0.0,0,1,1,454.8,454.8,1,1,3,0.375,2.9999970000030003,0.006596306054097832,0.0,0,0.0,0.12499998437500197,0.499999750000125,1
40,0.0,1,1,3,511.19,1533.57,3,3,2,0.25,0.6666664444445185,0.0013041465330541505,0.6666664444445185,0,0.0,0.24999996875000394,0.49999991666668053,1
34,0.0,1,0,1,40.69,40.69,1,1,3,0.375,2.9999970000030003,0.07372818693221464,0.9999990000010001,0,0.0,0.12499998437500197,0.499999750000125,1
41,0.0,1,0,1,468.48,468.48,1,1,1,0.125,0.9999990000010001,0.002134562836973696,0.0,0,0.0,0.12499998437500197,0.499999750000125,2
36,0.0,1,0,3,299.46,898.38,3,3,1,0.125,0.33333322222225925,0.0011131147163637718,0.9999996666667778,0,0.0,0.24999996875000394,0.49999991666668053,2
53,0.0,0,0,3,353.155,1412.62,4,4,3,0.375,0.7499998125000469,0.0021237133821383576,0.7499998125000469,1,0.12499998437500197,0.4999999375000079,0.4999999375000079,7
47,0.0,1,0,2,292.77333333333337,878.32,3,3,2,0.25,0.6666664444445185,0.0022770744121993415,0.0,0,0.0,0.3749999531250059,0.49999991666668053,1
55,0.0,1,0,1,1106.565,2213.13,2,2,2,0.25,0.99999950000025,0.0009036974778238524,0.499999750000125,0,0.0,0.24999996875000394,0.49999987500003124,1
42,0.0,0,0,2,573.95,1147.9,2,2,1,0.125,0.499999750000125,0.0008711560232849933,0.99999950000025,0,0.0,0.24999996875000394,0.49999987500003124,2
46,0.0,0,0,2,505.68499999999995,1011.3699999999999,2,1,1,0.125,0.499999750000125,0.000988757822568637,0.0,0,0.0,0.12499998437500197,0.33333322222225925,2
59,0.0,1,1,2,343.845,687.69,2,2,2,0.25,0.99999950000025,0.002908287160045533,0.99999950000025,0,0.0,0.12499998437500197,0.49999987500003124,1
47,0.0,1,0,0,0.0,0.0,0,1,1,0.125,1000000.0,1000000.0,0.0,0,0.0,0.0,0.9999990000010001,6
47,0.0,1,1,5,421.65199999999993,2108.2599999999998,5,5,2,0.25,0.399999920000016,0.000948649596848278,0.599999880000024,0,0.0,0.6249999218750099,0.499999950000005,4
56,0.0,1,0,3,788.634,3943.17,5,6,3,0.3333333333333333,0.599999880000024,0.0007608091964686258,0.599999880000024,1,0.09090908264462885,0.5555554938271674,0.5454544958677732,7
68,0.0,1,0,0,0.0,0.0,0,1,0,0.0,0.0,0.0,0.0,0,0.0,0.0,0.9999990000010001,2
45,1.0,1,0,2,349.59999999999997,1048.8,3,3,2,0.25,0.6666664444445185,0.0019069412643907882,0.6666664444445185,1,0.16666663888889352,0.3749999531250059,0.49999991666668053,7
53,0.0,0,0,3,602.83,1808.49,3,3,2,0.25,0.6666664444445185,0.0011058949725428976,0.6666664444445185,0,0.0,0.3749999531250059,0.49999991666668053,4
43,0.0,1,1,2,274.595,549.19,2,2,3,0.375,1.499999250000375,0.005462590350402246,0.499999750000125,0,0.0,0.24999996875000394,0.49999987500003124,1
26,0.0,0,0,2,1583.71,3167.42,2,1,2,0.25,0.99999950000025,0.000631428733596609,0.0,0,0.0,0.12499998437500197,0.33333322222225925,1
20,1.0,0,0,0,0.0,0.0,0,1,0,0.0,0.0,0.0,0.0,0,0.0,0.0,0.9999990000010001,2
31,0.0,0,0,2,2063.82,6191.46,3,2,1,0.125,0.33333322222225925,0.00016151279340228107,1.333332888889037,1,0.199999960000008,0.24999996875000394,0.399999920000016,7
40,0.0,0,0,3,371.09666666666664,1113.29,3,3,1,0.125,0.33333322222225925,0.0008982385533883907,0.6666664444445185,0,0.0,0.3749999531250059,0.49999991666668053,4
69,0.0,0,0,0,0.0,0.0,0,0,2,0.25,2000000.0,2000000.0,0.0,0,0.0,0.0,0.0,3
46,0.0,1,0,6,468.89000000000004,2813.34,6,5,3,0.375,0.49999991666668053,0.0010663481836300098,0.33333327777778704,0,0.0,0.6249999218750099,0.4545454132231443,4
51,0.0,1,1,2,591.2750000000001,1182.5500000000002,2,3,2,0.2222222222222222,0.99999950000025,0.001691260410391729,0.499999750000125,0,0.0,0.22222219753086697,0.599999880000024,1
74,0.0,1,0,1,2671.44,5342.88,2,2,1,0.125,0.499999750000125,0.00018716497466026469,0.99999950000025,1,0.24999993750001562,0.24999996875000394,0.49999987500003124,7
34,0.0,1,0,3,269.8125,1079.25,4,5,0,0.0,0.0,0.0,0.24999993750001562,0,0.0,0.4999999375000079,0.5555554938271674,4
35,0.0,0,0,2,418.54999999999995,837.0999999999999,2,3,1,0.125,0.499999750000125,0.0011946004047370682,0.0,0,0.0,0.24999996875000394,0.599999880000024,2
52,1.0,1,0,4,353.478,1767.39,5,5,2,0.25,0.399999920000016,0.001131612150611007,0.599999880000024,0,0.0,0.4999999375000079,0.499999950000005,4
51,0.0,0,0,3,2369.415,9477.66,4,4,3,0.375,0.7499998125000469,0.00031653382793679727,0.9999997500000625,1,0.12499998437500197,0.4999999375000079,0.4999999375000079,7
21,0.0,0,0,1,99.3,198.6,2,2,3,0.375,1.499999250000375,0.015105740105207755,0.0,1,0.24999993750001562,0.12499998437500197,0.49999987500003124,7
45,0.0,1,1,3,594.8299999999999,2379.3199999999997,4,3,1,0.125,0.24999993750001562,0.00042028814937869306,0.24999993750001562,1,0.1428571224489825,0.3749999531250059,0.4285713673469475,7
32,0.0,0,0,1,161.15,161.15,2,3,3,0.375,1.499999250000375,0.018616195975077902,0.0,1,0.199999960000008,0.24999996875000394,0.599999880000024,7
19,0.0,0,0,1,91.79,91.79,1,2,1,0.125,0.9999990000010001,0.010894432826076557,0.0,0,0.0,0.12499998437500197,0.6666664444445185,2
47,0.0,1,1,1,518.55,518.55,1,2,1,0.125,0.9999990000010001,0.0019284543401244735,0.0,0,0.0,0.12499998437500197,0.6666664444445185,2
64,0.0,1,0,1,1349.62,1349.62,1,3,1,0.125,0.9999990000010001,0.0007409493036995974,0.9999990000010001,0,0.0,0.12499998437500197,0.7499998125000469,2
27,0.0,0,0,0,0.0,0.0,0,1,1,0.125,1000000.0,1000000.0,0.0,0,0.0,0.0,0.9999990000010001,6
57,0.0,1,0,2,490.97499999999997,981.9499999999999,2,3,0,0.0,0.0,0.0,0.99999950000025,0,0.0,0.24999996875000394,0.599999880000024,2
34,0.0,0,1,1,335.96,335.96,1,1,3,0.375,2.9999970000030003,0.008929634453715817,0.9999990000010001,0,0.0,0.0,0.499999750000125,1
31,0.0,0,0,0,0.0,0.0,0,1,0,0.0,0.0,0.0,0.0,0,0.0,0.0,0.9999990000010001,2
45,0.0,0,1,2,312.985,625.97,2,2,0,0.0,0.0,0.0,0.99999950000025,0,0.0,0.24999996875000394,0.49999987500003124,2
44,0.0,1,0,1,310.5,310.5,1,1,1,0.1111111111111111,0.9999990000010001,0.003220611905891749,0.0,0,0.0,0.11111109876543349,0.499999750000125,2
28,1.0,0,0,1,255.33,255.33,1,1,1,0.125,0.9999990000010001,0.003916500200068538,0.9999990000010001,0,0.0,0.12499998437500197,0.499999750000125,2
54,1.0,0,0,2,220.155,440.31,2,2,0,0.0,0.0,0.0,0.99999950000025,0,0.0,0.24999996875000394,0.49999987500003124,2
30,0.0,0,1,2,423.08,846.16,2,3,1,0.125,0.499999750000125,0.0011818095854426946,0.499999750000125,0,0.0,0.24999996875000394,0.599999880000024,2
45,0.0,0,0,3,553.1166666666667,1659.35,3,3,0,0.0,0.0,0.0,0.6666664444445185,0,0.0,0.24999996875000394,0.49999991666668053,2
61,0.0,1,0,2,347.53999999999996,695.0799999999999,2,4,1,0.125,0.499999750000125,0.001438683314958446,0.499999750000125,0,0.0,0.24999996875000394,0.6666665555555741,2
36,0.0,0,1,2,270.78,541.56,2,2,0,0.0,0.0,0.0,0.99999950000025,0,0.0,0.24999996875000394,0.49999987500003124,2
47,0.0,1,0,4,350.5,1402.0,4,4,2,0.25,0.49999987500003124,0.0014265335225203042,0.9999997500000625,0,0.0,0.4999999375000079,0.4999999375000079,4
47,0.0,0,0,2,504.2966666666667,3025.78,6,5,1,0.1111111111111111,0.16666663888889352,0.000330493294181833,0.9999998333333611,1,0.09090908264462885,0.5555554938271674,0.4545454132231443,7
38,0.0,1,0,6,239.07666666666668,1434.46,6,5,4,0.5,0.6666665555555741,0.0027885057772342858,0.8333331944444675,0,0.0,0.6249999218750099,0.4545454132231443,4
32,0.0,0,0,1,383.46,383.46,1,2,3,0.375,2.9999970000030003,0.00782350177900302,1.9999980000020001,0,0.0,0.12499998437500197,0.6666664444445185,1
18,0.0,0,0,1,236.54,473.08,2,2,1,0.125,0.499999750000125,0.0021138073854024535,0.99999950000025,1,0.24999993750001562,0.24999996875000394,0.49999987500003124,7
57,0.0,1,1,3,507.76,1523.28,3,3,0,0.0,0.0,0.0,0.33333322222225925,0,0.0,0.3749999531250059,0.49999991666668053,4
41,0.0,0,0,2,493.6133333333333,1480.84,3,3,1,0.125,0.33333322222225925,0.0006752924011538772,0.0,0,0.0,0.24999996875000394,0.49999991666668053,2
55,0.0,1,0,2,338.565,677.13,2,1,3,0.3333333333333333,1.499999250000375,0.004430463863024141,0.0,0,0.0,0.0,0.33333322222225925,1
45,0.0,0,0,2,659.3199999999999,1318.6399999999999,2,2,0,0.0,0.0,0.0,0.0,0,0.0,0.24999996875000394,0.49999987500003124,2
42,0.0,0,0,4,388.33750000000003,1553.3500000000001,4,2,0,0.0,0.0,0.0,0.49999987500003124,0,0.0,0.24999996875000394,0.33333327777778704,4
44,1.0,0,1,1,3718.9,7437.8,2,2,3,0.375,1.499999250000375,0.00040334507510240324,1.9999990000005,1,0.24999993750001562,0.24999996875000394,0.49999987500003124,5
50,0.0,0,0,2,451.07500000000005,902.1500000000001,2,2,4,0.5,1.9999990000005,0.004433852458644512,0.499999750000125,0,0.0,0.24999996875000394,0.49999987500003124,1
45,0.0,0,0,2,409.76,1229.28,3,3,1,0.125,0.33333322222225925,0.0008134843153606302,0.9999996666667778,0,0.0,0.3749999531250059,0.49999991666668053,4
43,0.0,1,1,3,411.8433333333333,1235.53,3,3,2,0.25,0.6666664444445185,0.0016187385157634872,0.9999996666667778,0,0.0,0.3749999531250059,0.49999991666668053,1
40,0.0,0,1,4,642.555,2570.22,4,3,2,0.25,0.49999987500003124,0.00077814350492248,0.49999987500003124,0,0.0,0.24999996875000394,0.4285713673469475,4
28,0.0,0,0,0,0.0,0.0,0,2,1,0.14285714285714285,1000000.0,1000000.0,0.0,0,0.0,0.0,0.99999950000025,6
56,0.0,1,0,3,512.2025,2048.81,4,5,0,0.0,0.0,0.0,0.24999993750001562,0,0.0,0.4999999375000079,0.5555554938271674,4
23,0.0,0,0,1,501.62,501.62,1,2,0,0.0,0.0,0.0,0.9999990000010001,0,0.0,0.12499998437500197,0.6666664444445185,2
27,0.0,0,0,0,0.0,0.0,0,0,3,0.375,3000000.0,3000000.0,0.0,0,0.0,0.0,0.0,3
49,0.0,1,0,2,699.5450000000001,1399.0900000000001,2,2,2,0.25,0.99999950000025,0.001429500602942269,0.0,0,0.0,0.12499998437500197,0.49999987500003124,1
66,0.0,1,1,1,605.2,605.2,1,1,0,0.0,0.0,0.0,0.9999990000010001,0,0.0,0.11111109876543349,0.499999750000125,2
48,1.0,1,1,3,162.66,487.98,3,4,2,0.25,0.6666664444445185,0.0040985286198234995,0.9999996666667778,0,0.0,0.3749999531250059,0.57142848979593,1
27,0.0,0,0,1,1904.91,3809.82,2,4,3,0.375,1.499999250000375,0.00078743877642843,0.0,1,0.16666663888889352,0.24999996875000394,0.6666665555555741,7
41,0.0,0,1,2,500.645,1001.29,2,2,1,0.125,0.499999750000125,0.0009987116609586517,0.499999750000125,0,0.0,0.24999996875000394,0.49999987500003124,2
27,1.0,0,1,1,1867.87,1867.87,1,0,0,0.0,0.0,0.0,0.0,0,0.0,0.0,0.0,0
52,1.0,0,0,4,403.4525,1613.81,4,4,2,0.25,0.49999987500003124,0.0012393032629372087,0.49999987500003124,0,0.0,0.4999999375000079,0.4999999375000079,4
45,0.0,1,1,1,335.13,335.13,1,2,2,0.25,1.9999980000020001,0.005967833360284567,0.9999990000010001,0,0.0,0.12499998437500197,0.6666664444445185,1
59,0.0,1,0,1,327.48,327.48,1,0,0,0.0,0.0,0.0,0.9999990000010001,0,0.0,0.0,0.0,0
38,0.0,0,0,2,376.28999999999996,752.5799999999999,2,2,2,0.25,0.99999950000025,0.002657524777887368,1.499999250000375,0,0.0,0.24999996875000394,0.49999987500003124,1
48,0.0,1,0,4,355.875,1423.5,4,4,2,0.25,0.49999987500003124,0.0014049877053705741,0.7499998125000469,0,0.0,0.4999999375000079,0.4999999375000079,4
43,0.0,0,0,3,369.9766666666667,1109.93,3,2,0,0.0,0.0,0.0,0.6666664444445185,0,0.0,0.24999996875000394,0.399999920000016,2
50,0.0,1,0,2,576.97,1153.94,2,2,0,0.0,0.0,0.0,0.99999950000025,0,0.0,0.24999996875000394,0.49999987500003124,2
38,0.0,1,0,3,613.9366666666666,1841.81,3,3,0,0.0,0.0,0.0,0.33333322222225925,0,0.0,0.3749999531250059,0.49999991666668053,4
23,0.0,0,0,0,0.0,0.0,0,1,1,0.125,1000000.0,1000000.0,0.0,0,0.0,0.0,0.9999990000010001,6
41,0.0,0,0,5,657.022,3285.11,5,4,0,0.0,0.0,0.0,0.599999880000024,0,0.0,0.4999999375000079,0.44444439506173394,4
40,0.0,0,0,4,336.8125,1347.25,4,3,3,0.375,0.7499998125000469,0.002226758209518086,0.49999987500003124,0,0.0,0.3749999531250059,0.4285713673469475,1
48,0.0,0,0,3,334.02,1002.06,3,2,3,0.3333333333333333,0.9999996666667778,0.0029938327016407877,0.9999996666667778,0,0.0,0.22222219753086697,0.399999920000016,1
49,1.0,1,1,0,0.0,0.0,0,0,1,0.125,1000000.0,1000000.0,0.0,0,0.0,0.0,0.0,0
28,0.0,0,0,0,0.0,0.0,0,2,1,0.1111111111111111,1000000.0,1000000.0,0.0,0,0.0,0.0,0.99999950000025,6
31,0.0,0,0,2,243.45666666666668,730.37,3,4,4,0.5,1.333332888889037,0.005476676197712562,0.0,1,0.1428571224489825,0.24999996875000394,0.57142848979593,7
36,0.0,1,0,2,432.1,864.2,2,3,1,0.125,0.499999750000125,0.0011571395496908822,0.99999950000025,0,0.0,0.24999996875000394,0.599999880000024,2
19,0.0,0,1,2,467.59,1402.77,3,1,3,0.375,0.9999996666667778,0.0021386257175883246,0.9999996666667778,1,0.24999993750001562,0.12499998437500197,0.24999993750001562,7
54,0.0,1,1,3,2052.7833333333333,6158.349999999999,3,3,4,0.5,1.333332888889037,0.0006495246290565615,1.333332888889037,0,0.0,0.24999996875000394,0.49999991666668053,1
68,0.0,1,0,0,0.0,0.0,0,1,1,0.125,1000000.0,1000000.0,0.0,0,0.0,0.0,0.9999990000010001,6
60,0.0,1,0,1,79.23,79.23,1,3,1,0.125,0.9999990000010001,0.012621481602657053,0.0,0,0.0,0.12499998437500197,0.7499998125000469,2
43,0.0,1,1,3,281.48,844.44,3,3,0,0.0,0.0,0.0,0.33333322222225925,0,0.0,0.24999996875000394,0.49999991666668053,2
46,1.0,0,0,5,302.0966666666667,1812.5800000000002,6,6,1,0.1111111111111111,0.16666663888889352,0.0005516997867395095,0.33333327777778704,0,0.0,0.6666665925926009,0.4999999583333368,4
44,0.0,1,1,3,227.59333333333333,682.78,3,3,1,0.125,0.33333322222225925,0.0014646006012703936,0.9999996666667778,0,0.0,0.3749999531250059,0.49999991666668053,4
52,0.0,1,1,2,370.6,741.2,2,2,1,0.125,0.499999750000125,0.0013491635167982143,0.0,0,0.0,0.24999996875000394,0.49999987500003124,2
33,0.0,0,0,1,315.31,315.31,1,1,0,0.0,0.0,0.0,0.9999990000010001,0,0.0,0.12499998437500197,0.499999750000125,2
58,0.0,1,1,1,363.18,363.18,1,1,1,0.125,0.9999990000010001,0.002753455579179868,0.9999990000010001,0,0.0,0.12499998437500197,0.499999750000125,2
37,0.0,0,0,5,381.866,1909.33,5,5,1,0.125,0.199999960000008,0.0005237439308428904,1.399999720000056,0,0.0,0.6249999218750099,0.499999950000005,4
40,0.0,1,0,5,338.33,2029.98,6,6,2,0.25,0.33333327777778704,0.000985231381104626,0.9999998333333611,1,0.08333332638888948,0.7499999062500118,0.4999999583333368,7
44,0.0,1,0,2,435.625,871.25,2,2,1,0.1111111111111111,0.499999750000125,0.0011477761823267991,0.0,0,0.0,0.11111109876543349,0.49999987500003124,2
64,0.0,0,0,1,582.82,582.82,1,3,1,0.125,0.9999990000010001,0.0017157956114824547,0.0,0,0.0,0.12499998437500197,0.7499998125000469,2
34,0.0,1,1,1,689.31,689.31,1,2,2,0.25,1.9999980000020001,0.0029014521726052835,0.0,0,0.0,0.0,0.6666664444445185,1
38,0.0,0,0,3,300.82,902.4599999999999,3,3,1,0.125,0.33333322222225925,0.001108082351452605,0.6666664444445185,0,0.0,0.3749999531250059,0.49999991666668053,4
55,0.0,1,1,2,172.04000000000002,344.08000000000004,2,2,1,0.125,0.499999750000125,0.0029063008518184696,0.0,0,0.0,0.24999996875000394,0.49999987500003124,2
39,0.0,0,0,6,354.1614285714286,2479.13,7,5,0,0.0,0.0,0.0,0.4285713673469475,0,0.0,0.6249999218750099,0.41666663194444736,4
47,0.0,1,1,1,446.45,446.45,1,1,1,0.125,0.9999990000010001,0.002239892480143594,0.0,0,0.0,0.12499998437500197,0.499999750000125,2
57,0.0,1,1,4,419.8975,1679.59,4,4,2,0.2222222222222222,0.49999987500003124,0.001190766793568212,0.7499998125000469,0,0.0,0.44444439506173394,0.4999999375000079,4
36,0.0,0,0,2,447.84,895.68,2,2,1,0.125,0.499999750000125,0.0011164701666706077,0.499999750000125,0,0.0,0.24999996875000394,0.49999987500003124,2
43,0.0,1,1,4,391.435,1565.74,4,4,1,0.125,0.24999993750001562,0.0006386756417804516,0.0,0,0.0,0.4999999375000079,0.4999999375000079,4
45,0.0,1,1,5,369.974,1849.87,5,4,3,0.375,0.599999880000024,0.0016217355805425594,0.399999920000016,0,0.0,0.4999999375000079,0.44444439506173394,4
44,0.0,1,1,5,649.74,3248.7000000000003,5,5,1,0.125,0.199999960000008,0.0003078154337711037,0.399999920000016,0,0.0,0.6249999218750099,0.499999950000005,4
43,1.0,0,0,3,323.445,1293.78,4,4,1,0.125,0.24999993750001562,0.000772928936316121,0.49999987500003124,0,0.0,0.4999999375000079,0.4999999375000079,4
40,1.0,1,0,2,227.01,454.02,2,3,1,0.125,0.499999750000125,0.0022025461384904935,0.0,0,0.0,0.24999996875000394,0.599999880000024,2
28,0.0,1,0,1,376.89,376.89,1,2,2,0.2222222222222222,1.9999980000020001,0.005306588115082417,0.9999990000010001,0,0.0,0.11111109876543349,0.6666664444445185,1
55,0.0,1,0,2,580.49,1160.98,2,2,2,0.25,0.99999950000025,0.0017226825598006144,0.99999950000025,0,0.0,0.12499998437500197,0.49999987500003124,1
49,0.0,1,0,3,216.06999999999996,648.2099999999999,3,3,1,0.125,0.33333322222225925,0.001542709921872989,0.6666664444445185,0,0.0,0.3749999531250059,0.49999991666668053,4
21,0.0,0,1,0,0.0,0.0,0,1,3,0.375,3000000.0,3000000.0,0.0,0,0.0,0.0,0.9999990000010001,6
41,0.0,0,1,3,207.2475,828.99,4,3,3,0.375,0.7499998125000469,0.0036188615018047728,0.7499998125000469,1,0.1428571224489825,0.24999996875000394,0.4285713673469475,7
40,0.0,0,0,6,267.0083333333333,1602.05,6,6,0,0.0,0.0,0.0,0.33333327777778704,0,0.0,0.6666665925926009,0.4999999583333368,4
38,0.0,1,0,1,780.46,780.46,1,4,2,0.25,1.9999980000020001,0.0025625912890313517,0.9999990000010001,0,0.0,0.12499998437500197,0.799999840000032,1
50,0.0,1,0,3,355.6166666666666,1066.85,3,4,2,0.25,0.6666664444445185,0.0018746777879976775,0.9999996666667778,0,0.0,0.3749999531250059,0.57142848979593,4
34,0.0,0,0,1,687.54,687.54,1,2,1,0.125,0.9999990000010001,0.001454460829254355,0.9999990000010001,0,0.0,0.12499998437500197,0.6666664444445185,2
31,0.0,1,0,2,2298.37,4596.74,2,2,2,0.25,0.99999950000025,0.00043509095566965047,0.99999950000025,0,0.0,0.24999996875000394,0.49999987500003124,1
35,0.0,0,1,1,263.86,263.86,1,1,0,0.0,0.0,0.0,0.0,0,0.0,0.12499998437500197,0.499999750000125,2
45,0.0,1,1,3,200.21666666666667,600.65,3,3,1,0.125,0.33333322222225925,0.0016648630622411338,0.0,0,0.0,0.3749999531250059,0.49999991666668053,4
75,0.0,0,0,1,227.99,227.99,2,3,3,0.375,1.499999250000375,0.013158471805085873,0.499999750000125,1,0.199999960000008,0.24999996875000394,0.599999880000024,7
29,0.0,1,1,0,0.0,0.0,0,2,2,0.25,2000000.0,2000000.0,0.0,0,0.0,0.0,0.99999950000025,6
34,0.0,0,0,3,395.485,1581.94,4,4,2,0.25,0.49999987500003124,0.0012642704519360592,0.0,1,0.12499998437500197,0.3749999531250059,0.4999999375000079,7
50,1.0,1,1,3,366.05,1098.15,3,5,2,0.25,0.6666664444445185,0.001821244819176574,0.33333322222225925,0,0.0,0.3749999531250059,0.6249999218750099,4
18,0.0,0,0,1,234.96,469.92,2,2,1,0.125,0.499999750000125,0.0021280217864146625,0.99999950000025,1,0.24999993750001562,0.12499998437500197,0.49999987500003124,7
59,0.0,0,0,2,359.1333333333334,1077.4,3,5,0,0.0,0.0,0.0,0.33333322222225925,0,0.0,0.3749999531250059,0.6249999218750099,4
42,0.0,1,1,0,0.0,0.0,0,2,1,0.1111111111111111,1000000.0,1000000.0,0.0,0,0.0,0.0,0.99999950000025,6
32,0.0,0,1,2,688.78,1377.56,2,1,0,0.0,0.0,0.0,0.0,0,0.0,0.12499998437500197,0.33333322222225925,2
52,0.0,0,0,0,0.0,0.0,0,0,2,0.2857142857142857,2000000.0,2000000.0,0.0,0,0.0,0.0,0.0,3
29,0.0,0,1,5,441.008,2205.04,5,5,3,0.375,0.599999880000024,0.0013605195364435477,0.599999880000024,0,0.0,0.6249999218750099,0.499999950000005,4
20,1.0,0,0,0,0.0,0.0,0,1,0,0.0,0.0,0.0,0.0,0,0.0,0.0,0.9999990000010001,2
47,0.0,0,1,3,557.06,1671.1799999999998,3,3,2,0.25,0.6666664444445185,0.0011967591754348669,0.6666664444445185,0,0.0,0.3749999531250059,0.49999991666668053,1
46,0.0,1,1,0,0.0,0.0,0,0,1,0.125,1000000.0,1000000.0,0.0,0,0.0,0.0,0.0,0
38,0.0,0,0,2,275.5933333333333,826.78,3,3,1,0.125,0.33333322222225925,0.0012095115977533181,0.6666664444445185,0,0.0,0.3749999531250059,0.49999991666668053,4
46,0.0,0,1,2,163.70000000000002,327.40000000000003,2,2,1,0.125,0.499999750000125,0.0030543677365474408,0.0,0,0.0,0.24999996875000394,0.49999987500003124,2
19,0.0,0,1,0,0.0,0.0,0,2,3,0.375,3000000.0,3000000.0,0.0,0,0.0,0.0,0.99999950000025,6
47,0.0,0,0,2,314.83,629.66,2,1,3,0.3333333333333333,1.499999250000375,0.004764476058881815,0.99999950000025,0,0.0,0.11111109876543349,0.33333322222225925,1
37,0.0,0,1,3,382.77333333333337,1148.3200000000002,3,3,1,0.125,0.33333322222225925,0.0008708373964828292,0.33333322222225925,0,0.0,0.3749999531250059,0.49999991666668053,4
53,0.0,1,1,4,320.03499999999997,1280.1399999999999,4,4,2,0.25,0.49999987500003124,0.0015623291190320363,0.9999997500000625,0,0.0,0.4999999375000079,0.4999999375000079,4
49,1.0,1,1,0,0.0,0.0,0,0,2,0.25,2000000.0,2000000.0,0.0,0,0.0,0.0,0.0,3
43,0.0,1,1,3,327.5133333333333,982.54,3,4,1,0.125,0.33333322222225925,0.0010177702678590488,0.33333322222225925,0,0.0,0.3749999531250059,0.57142848979593,4
45,0.0,1,0,2,127.365,254.73,3,4,3,0.375,0.9999996666667778,0.011777175787001234,0.9999996666667778,1,0.1428571224489825,0.24999996875000394,0.57142848979593,7
20,0.0,0,1,0,0.0,0.0,0,2,2,0.25,2000000.0,2000000.0,0.0,0,0.0,0.0,0.99999950000025,6
27,0.0,0,1,0,0.0,0.0,0,3,3,0.375,3000000.0,3000000.0,0.0,0,0.0,0.0,0.9999996666667778,6
46,0.0,1,1,1,14280.38,28560.76,2,1,1,0.125,0.499999750000125,3.5013073880561545e-05,4.99999750000125,1,0.33333322222225925,0.12499998437500197,0.33333322222225925,5
49,0.0,1,0,2,126.96666666666665,380.9,3,2,1,0.125,0.33333322222225925,0.002625360980243211,0.33333322222225925,0,0.0,0.24999996875000394,0.399999920000016,2
24,0.0,0,0,1,104.51,104.51,1,1,1,0.125,0.9999990000010001,0.00956846225654519,0.0,0,0.0,0.12499998437500197,0.499999750000125,2
44,0.0,0,0,4,373.586,1867.93,5,5,0,0.0,0.0,0.0,0.99999980000004,0,0.0,0.6249999218750099,0.499999950000005,4
45,0.0,0,1,4,516.8625,2067.45,4,4,4,0.5,0.9999997500000625,0.0019347505371666788,0.49999987500003124,0,0.0,0.3749999531250059,0.4999999375000079,1
50,0.0,1,0,3,424.2833333333333,1272.85,3,2,3,0.375,0.9999996666667778,0.0023569155812885136,0.6666664444445185,0,0.0,0.24999996875000394,0.399999920000016,1
56,0.0,0,1,4,255.2275,1020.91,4,4,0,0.0,0.0,0.0,0.49999987500003124,0,0.0,0.4999999375000079,0.4999999375000079,4
44,0.0,0,0,1,183.7,183.7,1,1,2,0.25,1.9999980000020001,0.010887316217271006,0.0,0,0.0,0.12499998437500197,0.499999750000125,1
48,0.0,1,0,6,329.70666666666665,1978.24,6,6,1,0.125,0.16666663888889352,0.0005054998379845217,0.16666663888889352,0,0.0,0.7499999062500118,0.4999999583333368,4
45,0.0,1,0,2,1006.78,2013.56,2,2,2,0.25,0.99999950000025,0.000993265658339823,1.499999250000375,0,0.0,0.24999996875000394,0.49999987500003124,1
60,0.0,1,1,0,0.0,0.0,0,0,0,0.0,0.0,0.0,0.0,0,0.0,0.0,0.0,0
49,0.0,0,0,6,463.6766666666667,2782.06,6,6,1,0.1111111111111111,0.16666663888889352,0.00035944587810491296,0.33333327777778704,0,0.0,0.6666665925926009,0.4999999583333368,4
40,1.0,0,1,4,292.97,1171.88,4,4,2,0.25,0.49999987500003124,0.0017066593834636143,0.24999993750001562,0,0.0,0.4999999375000079,0.4999999375000079,4
51,0.0,1,1,4,414.45,1657.8,4,4,2,0.2222222222222222,0.49999987500003124,0.0012064181438011714,0.7499998125000469,0,0.0,0.44444439506173394,0.4999999375000079,4
39,0.0,1,1,2,555.6800000000001,2222.7200000000003,4,5,2,0.25,0.49999987500003124,0.0008997984447434681,0.49999987500003124,0,0.0,0.4999999375000079,0.5555554938271674,4
58,1.0,1,1,2,766.28,1532.56,2,2,2,0.25,0.99999950000025,0.0013050060021760936,0.99999950000025,0,0.0,0.24999996875000394,0.49999987500003124,1
36,1.0,0,0,2,1108.725,2217.45,2,1,0,0.0,0.0,0.0,0.499999750000125,0,0.0,0.12499998437500197,0.33333322222225925,2
45,0.0,0,0,5,450.212,2251.06,5,6,1,0.125,0.199999960000008,0.0004442351601271245,0.99999980000004,0,0.0,0.6249999218750099,0.5454544958677732,4
68,0.0,1,0,0,0.0,0.0,0,0,1,0.125,1000000.0,1000000.0,0.0,0,0.0,0.0,0.0,0
40,0.0,0,0,2,248.35500000000002,496.71000000000004,2,2,1,0.125,0.499999750000125,0.002013247162301449,0.0,0,0.0,0.12499998437500197,0.49999987500003124,2
31,0.0,1,1,1,533.85,533.85,1,1,0,0.0,0.0,0.0,0.0,0,0.0,0.12499998437500197,0.499999750000125,2
37,0.0,0,1,4,91.33250000000001,365.33000000000004,4,4,2,0.25,0.49999987500003124,0.005474502489599807,0.24999993750001562,0,0.0,0.3749999531250059,0.4999999375000079,4
41,0.0,1,1,2,602.095,1204.19,2,1,0,0.0,0.0,0.0,3.499998250000875,0,0.0,0.12499998437500197,0.33333322222225925,2
51,0.0,0,0,4,316.3175,1265.27,4,4,2,0.25,0.49999987500003124,0.0015806902861992377,0.24999993750001562,0,0.0,0.4999999375000079,0.4999999375000079,4
50,0.0,1,1,1,232.92,232.92,1,0,2,0.2222222222222222,1.9999980000020001,0.008586639152556075,0.0,0,0.0,0.0,0.0,0
39,0.0,0,0,2,434.8666666666666,1304.6,3,4,4,0.5,1.333332888889037,0.0030660738900306042,0.9999996666667778,1,0.1428571224489825,0.3749999531250059,0.57142848979593,7
51,0.0,1,0,1,658.47,658.47,1,0,2,0.2222222222222222,1.9999980000020001,0.003037344141665764,0.9999990000010001,0,0.0,0.0,0.0,0
35,0.0,0,0,2,456.2,912.4,2,1,1,0.125,0.499999750000125,0.0010960105204997693,0.499999750000125,0,0.0,0.12499998437500197,0.33333322222225925,2
40,0.0,0,0,3,1141.1333333333332,3423.3999999999996,3,5,0,0.0,0.0,0.0,0.6666664444445185,0,0.0,0.3749999531250059,0.6249999218750099,4
34,0.0,0,0,4,290.065,1160.26,4,4,0,0.0,0.0,0.0,0.7499998125000469,0,0.0,0.44444439506173394,0.4999999375000079,4
24,0.0,0,0,0,0.0,0.0,0,0,1,0.125,1000000.0,1000000.0,0.0,0,0.0,0.0,0.0,0
70,1.0,0,0,1,467.37,467.37,1,0,0,0.0,0.0,0.0,0.9999990000010001,0,0.0,0.0,0.0,0
40,0.0,0,1,2,248.85500000000002,497.71000000000004,2,4,2,0.25,0.99999950000025,0.004018404283581997,0.499999750000125,0,0.0,0.24999996875000394,0.6666665555555741,1
39,1.0,0,0,4,354.384,1771.92,5,5,0,0.0,0.0,0.0,0.399999920000016,0,0.0,0.6249999218750099,0.499999950000005,4
52,1.0,1,0,2,338.275,676.55,2,2,1,0.125,0.499999750000125,0.001478087352777936,0.0,0,0.0,0.24999996875000394,0.49999987500003124,2
35,0.0,0,0,1,154.52,154.52,1,2,2,0.25,1.9999980000020001,0.01294330822583932,0.0,0,0.0,0.12499998437500197,0.6666664444445185,1
55,0.0,1,0,3,539.2874999999999,2157.1499999999996,4,4,3,0.3333333333333333,0.7499998125000469,0.001390723871130555,0.7499998125000469,1,0.12499998437500197,0.44444439506173394,0.4999999375000079,7
46,0.0,1,0,2,450.35,900.7,2,2,2,0.25,0.99999950000025,0.002220495167957705,0.0,0,0.0,0.24999996875000394,0.49999987500003124,1
61,0.0,1,1,0,0.0,0.0,0,1,1,0.125,1000000.0,1000000.0,0.0,0,0.0,0.0,0.9999990000010001,6
45,0.0,1,1,2,302.08,604.16,2,2,1,0.125,0.499999750000125,0.0016551906752264457,0.499999750000125,0,0.0,0.24999996875000394,0.49999987500003124,2
29,0.0,0,0,5,760.124,3800.62,5,4,0,0.0,0.0,0.0,0.199999960000008,0,0.0,0.4999999375000079,0.44444439506173394,4
40,0.0,1,0,3,662.41,1987.23,3,3,1,0.1111111111111111,0.33333322222225925,0.0005032130148481992,0.6666664444445185,0,0.0,0.33333329629630043,0.49999991666668053,4
36,0.0,0,0,3,497.48,1492.44,3,3,2,0.25,0.6666664444445185,0.0013400873727988478,0.9999996666667778,0,0.0,0.3749999531250059,0.49999991666668053,1
39,0.0,0,0,2,529.065,1058.13,2,2,1,0.14285714285714285,0.499999750000125,0.0009450634601182617,0.499999750000125,0,0.0,0.285714244897965,0.49999987500003124,2
41,0.0,0,0,4,280.7225,1122.89,4,4,2,0.25,0.49999987500003124,0.0017811183626347026,0.7499998125000469,0,0.0,0.4999999375000079,0.4999999375000079,4
25,0.0,0,0,0,0.0,0.0,0,1,0,0.0,0.0,0.0,0.0,0,0.0,0.0,0.9999990000010001,2
54,0.0,1,0,4,326.3625,1305.45,4,4,2,0.2222222222222222,0.49999987500003124,0.0015320387594070712,0.0,0,0.0,0.44444439506173394,0.4999999375000079,4
44,0.0,1,1,1,123.17,123.17,1,3,3,0.375,2.9999970000030003,0.024356580138373142,0.9999990000010001,0,0.0,0.12499998437500197,0.7499998125000469,1
74,0.0,1,0,2,1545.5,4636.5,3,2,4,0.5,1.333332888889037,0.000862719723743617,0.6666664444445185,1,0.199999960000008,0.24999996875000394,0.399999920000016,7
46,0.0,1,0,1,244.44,244.44,1,1,0,0.0,0.0,0.0,0.0,0,0.0,0.12499998437500197,0.499999750000125,2
51,0.0,1,1,3,101.48333333333335,304.45000000000005,3,4,3,0.3333333333333333,0.9999996666667778,0.009853834751670766,0.0,0,0.0,0.33333329629630043,0.57142848979593,1
29,0.0,0,0,1,402.35,402.35,1,2,0,0.0,0.0,0.0,0.0,0,0.0,0.12499998437500197,0.6666664444445185,2
52,0.0,1,1,1,715.94,715.94,1,2,3,0.375,2.9999970000030003,0.004190295270287601,0.0,0,0.0,0.12499998437500197,0.6666664444445185,1
45,0.0,0,0,3,229.37,917.48,4,3,0,0.0,0.0,0.0,0.49999987500003124,0,0.0,0.33333329629630043,0.4285713673469475,4
46,0.0,0,0,2,539.2766666666666,1617.83,3,4,2,0.25,0.6666664444445185,0.0012362238299226595,0.0,0,0.0,0.3749999531250059,0.57142848979593,1
23,0.0,0,1,0,0.0,0.0,0,0,3,0.375,3000000.0,3000000.0,0.0,0,0.0,0.0,0.0,3
41,0.0,1,1,1,847.81,847.81,1,2,4,0.5,3.9999960000040002,0.004718038234134962,0.9999990000010001,0,0.0,0.12499998437500197,0.6666664444445185,1
39,0.0,1,1,1,715.38,1430.76,2,2,3,0.375,1.499999250000375,0.0020967877197455983,1.9999990000005,1,0.24999993750001562,0.12499998437500197,0.49999987500003124,7
59,0.0,1,1,2,1091.435,2182.87,2,3,0,0.0,0.0,0.0,0.99999950000025,0,0.0,0.22222219753086697,0.599999880000024,2
47,0.0,1,1,5,1183.536,5917.68,5,3,2,0.25,0.399999920000016,0.00033797028559537346,1.199999760000048,0,0.0,0.3749999531250059,0.3749999531250059,4
55,0.0,1,1,2,210.51999999999998,421.03999999999996,2,0,0,0.0,0.0,0.0,0.499999750000125,0,0.0,0.0,0.0,0
72,0.0,1,0,1,5053.2,5053.2,1,0,0,0.0,0.0,0.0,0.9999990000010001,0,0.0,0.0,0.0,2
70,0.0,1,0,0,0.0,0.0,0,2,0,0.0,0.0,0.0,0.0,0,0.0,0.0,0.99999950000025,2
18,0.0,0,0,1,44.93,44.93,1,1,0,0.0,0.0,0.0,0.0,0,0.0,0.12499998437500197,0.499999750000125,2
50,0.0,1,1,1,592.69,592.69,1,1,1,0.1111111111111111,0.9999990000010001,0.0016872226599280859,0.0,0,0.0,0.11111109876543349,0.499999750000125,2
53,0.0,1,1,3,186.56000000000003,559.6800000000001,3,3,1,0.1,0.33333322222225925,0.0017867352741088919,0.33333322222225925,0,0.0,0.299999970000003,0.49999991666668053,4
35,0.0,0,1,1,614.63,614.63,1,3,2,0.25,1.9999980000020001,0.0032539902001952553,0.9999990000010001,0,0.0,0.0,0.7499998125000469,1
48,1.0,1,1,1,435.62,435.62,1,1,1,0.125,0.9999990000010001,0.002295578710124469,0.0,0,0.0,0.12499998437500197,0.499999750000125,2
41,0.0,0,0,5,248.192,1240.96,5,4,2,0.25,0.399999920000016,0.0016116554912232017,0.799999840000032,0,0.0,0.3749999531250059,0.44444439506173394,4
79,0.0,1,0,0,0.0,0.0,1,2,2,0.25,1.9999980000020001,2000000.0,0.0,1,0.33333322222225925,0.12499998437500197,0.6666664444445185,7
49,0.0,1,0,1,141.38,141.38,1,1,0,0.0,0.0,0.0,0.0,0,0.0,0.12499998437500197,0.499999750000125,2
49,0.0,1,1,3,403.65333333333336,1210.96,3,3,3,0.375,0.9999996666667778,0.0024773733215982577,0.33333322222225925,0,0.0,0.3749999531250059,0.49999991666668053,1
18,0.0,0,1,0,0.0,0.0,0,2,1,0.1111111111111111,1000000.0,1000000.0,0.0,0,0.0,0.0,0.99999950000025,6
48,0.0,1,0,4,575.356,2876.78,5,5,2,0.2222222222222222,0.399999920000016,0.000695221740732617,0.399999920000016,0,0.0,0.5555554938271674,0.499999950000005,4
44,0.0,0,0,4,165.95999999999998,663.8399999999999,4,4,1,0.1,0.24999993750001562,0.0015063870789551895,0.7499998125000469,0,0.0,0.39999996000000404,0.4999999375000079,4
48,0.0,0,0,1,955.445,1910.89,2,2,1,0.125,0.499999750000125,0.0005233163601655164,0.0,0,0.0,0.24999996875000394,0.49999987500003124,2
58,0.0,0,0,3,799.668,3998.34,5,3,3,0.375,0.599999880000024,0.0007503113790347216,0.399999920000016,1,0.12499998437500197,0.3749999531250059,0.3749999531250059,7
37,0.0,0,0,3,272.49333333333334,817.48,3,3,2,0.25,0.6666664444445185,0.002446543031699194,0.33333322222225925,0,0.0,0.3749999531250059,0.49999991666668053,1
46,0.0,1,0,3,550.3333333333334,1651.0,3,5,3,0.375,0.9999996666667778,0.0018170805561374436,0.33333322222225925,0,0.0,0.3749999531250059,0.6249999218750099,1
50,0.0,0,1,0,0.0,0.0,0,1,0,0.0,0.0,0.0,0.0,0,0.0,0.0,0.9999990000010001,2
47,0.0,0,0,2,1104.68,3314.04,3,5,1,0.1111111111111111,0.33333322222225925,0.00030174650870184235,0.0,0,0.0,0.33333329629630043,0.6249999218750099,4
41,0.0,0,0,2,553.2249999999999,1106.4499999999998,2,2,1,0.125,0.499999750000125,0.0009037914041269002,0.99999950000025,0,0.0,0.24999996875000394,0.49999987500003124,2
33,0.0,1,0,1,497.99,497.99,1,2,4,0.5,3.9999960000040002,0.008032289788886746,0.9999990000010001,0,0.0,0.12499998437500197,0.6666664444445185,1
18,0.0,0,1,0,0.0,0.0,0,0,3,0.375,3000000.0,3000000.0,0.0,0,0.0,0.0,0.0,3
29,0.0,1,1,0,0.0,0.0,0,0,1,0.125,1000000.0,1000000.0,0.0,0,0.0,0.0,0.0,0
39,0.0,0,0,4,301.69,1206.76,4,4,2,0.25,0.49999987500003124,0.0016573303708630296,0.24999993750001562,0,0.0,0.4999999375000079,0.4999999375000079,4
44,0.0,0,0,2,307.395,614.79,2,1,1,0.125,0.499999750000125,0.0016265716722351183,0.499999750000125,0,0.0,0.12499998437500197,0.33333322222225925,2
30,1.0,0,0,2,507.57500000000005,1015.1500000000001,2,2,1,0.125,0.499999750000125,0.0009850760961581282,0.499999750000125,0,0.0,0.12499998437500197,0.49999987500003124,2
26,0.0,1,1,1,4624.7,9249.4,2,2,1,0.1,0.499999750000125,0.0001081151209691315,4.99999750000125,1,0.24999993750001562,0.19999998000000202,0.49999987500003124,5
43,0.0,1,0,2,381.185,762.37,2,1,1,0.125,0.499999750000125,0.0013116990420508428,0.0,0,0.0,0.12499998437500197,0.33333322222225925,2
56,0.0,1,0,3,194.12,776.48,4,4,2,0.25,0.49999987500003124,0.0025757263515148797,0.7499998125000469,0,0.0,0.4999999375000079,0.4999999375000079,4
51,0.0,1,1,3,400.59999999999997,1201.8,3,3,2,0.25,0.6666664444445185,0.0016641704096653598,0.9999996666667778,0,0.0,0.3749999531250059,0.49999991666668053,1
37,0.0,1,0,1,170.65,170.65,1,1,1,0.125,0.9999990000010001,0.005859947226135674,1.9999980000020001,0,0.0,0.0,0.499999750000125,2
46,0.0,0,0,2,342.1766666666667,1026.53,3,5,1,0.125,0.33333322222225925,0.0009741556496408719,0.9999996666667778,0,0.0,0.3749999531250059,0.6249999218750099,4
45,0.0,0,1,2,995.495,1990.99,2,2,1,0.125,0.499999750000125,0.000502262693181652,0.99999950000025,0,0.0,0.24999996875000394,0.49999987500003124,2
23,0.0,0,0,0,0.0,0.0,0,0,1,0.1111111111111111,1000000.0,1000000.0,0.0,0,0.0,0.0,0.0,0
48,0.0,1,0,3,515.4833333333333,1546.45,3,2,2,0.25,0.6666664444445185,0.0012932846187763685,0.33333322222225925,0,0.0,0.24999996875000394,0.399999920000016,1
53,0.0,0,0,4,461.9175,1847.67,4,4,0,0.0,0.0,0.0,0.49999987500003124,0,0.0,0.4999999375000079,0.4999999375000079,4
79,0.0,1,0,0,0.0,0.0,0,1,0,0.0,0.0,0.0,0.0,0,0.0,0.0,0.9999990000010001,2
19,0.0,0,1,1,866.84,866.84,1,1,2,0.2222222222222222,1.9999980000020001,0.0023072308588583464,0.0,0,0.0,0.11111109876543349,0.499999750000125,1
37,0.0,0,0,0,0.0,0.0,0,2,1,0.125,1000000.0,1000000.0,0.0,0,0.0,0.0,0.99999950000025,6
68,0.0,1,0,0,0.0,0.0,0,0,4,0.5,4000000.0,4000000.0,0.0,0,0.0,0.0,0.0,3
60,0.0,0,1,3,227.63,682.89,3,2,1,0.125,0.33333322222225925,0.0014643646832368834,0.0,0,0.0,0.24999996875000394,0.399999920000016,2
38,0.0,0,1,1,489.59,489.59,1,1,4,0.5,3.9999960000040002,0.008170101496823666,0.0,0,0.0,0.12499998437500197,0.499999750000125,1
52,0.0,1,0,5,714.9016666666666,4289.41,6,6,1,0.125,0.16666663888889352,0.00023313229552942425,0.8333331944444675,0,0.0,0.7499999062500118,0.4999999583333368,4
19,0.0,0,0,1,198.03,198.03,1,1,0,0.0,0.0,0.0,0.9999990000010001,0,0.0,0.12499998437500197,0.499999750000125,2
19,0.0,0,0,1,847.06,847.06,1,1,4,0.5,3.9999960000040002,0.004722215658014527,0.9999990000010001,0,0.0,0.12499998437500197,0.499999750000125,1
31,0.0,1,0,1,235.86,235.86,1,1,3,0.375,2.9999970000030003,0.012719409765456584,0.0,0,0.0,0.0,0.499999750000125,1
31,0.0,0,0,2,367.325,734.65,2,2,4,0.5,1.9999990000005,0.005444769610774152,0.0,0,0.0,0.12499998437500197,0.49999987500003124,1
59,1.0,1,0,1,1425.9,2851.8,2,2,1,0.125,0.499999750000125,0.0003506557260850495,0.0,1,0.24999993750001562,0.24999996875000394,0.49999987500003124,7
34,0.0,0,0,2,222.49,444.98,2,1,0,0.0,0.0,0.0,1.499999250000375,0,0.0,0.12499998437500197,0.33333322222225925,2
47,0.0,0,0,1,519.88,519.88,1,1,1,0.125,0.9999990000010001,0.0019235208087952588,0.0,0,0.0,0.12499998437500197,0.499999750000125,2
56,0.0,0,1,2,358.2266666666667,1074.68,3,4,1,0.125,0.33333322222225925,0.0009305095461621043,0.33333322222225925,0,0.0,0.3749999531250059,0.57142848979593,4
26,0.0,0,1,0,0.0,0.0,0,0,1,0.125,1000000.0,1000000.0,0.0,0,0.0,0.0,0.0,0
32,0.0,0,0,2,910.8249999999999,1821.6499999999999,2,2,1,0.125,0.499999750000125,0.0005489528720945555,0.499999750000125,0,0.0,0.24999996875000394,0.49999987500003124,2
68,1.0,1,0,1,295.01,295.01,1,1,2,0.25,1.9999980000020001,0.006779431182741496,0.0,0,0.0,0.12499998437500197,0.499999750000125,1
35,0.0,0,1,2,183.29000000000002,366.58000000000004,2,3,1,0.125,0.499999750000125,0.0027279175003330305,0.499999750000125,0,0.0,0.24999996875000394,0.599999880000024,2
18,0.0,0,0,1,540.81,540.81,1,1,0,0.0,0.0,0.0,0.0,0,0.0,0.12499998437500197,0.499999750000125,2
46,1.0,1,0,4,305.9975,1223.99,4,5,5,0.625,1.249999687500078,0.0040850006911126715,0.24999993750001562,0,0.0,0.4999999375000079,0.5555554938271674,1
56,0.0,1,0,1,118.16,236.32,2,2,0,0.0,0.0,0.0,0.0,0,0.0,0.12499998437500197,0.49999987500003124,2
38,0.0,1,0,2,262.33,524.66,2,2,2,0.25,0.99999950000025,0.003811992521229001,0.499999750000125,0,0.0,0.24999996875000394,0.49999987500003124,1
33,0.0,0,0,3,512.0300000000001,1536.0900000000001,3,3,1,0.125,0.33333322222225925,0.000651003521505248,0.9999996666667778,0,0.0,0.24999996875000394,0.49999991666668053,4
24,0.0,0,0,0,0.0,0.0,0,0,1,0.125,1000000.0,1000000.0,0.0,0,0.0,0.0,0.0,0
52,0.0,0,0,2,586.36,1172.72,2,2,0,0.0,0.0,0.0,0.99999950000025,0,0.0,0.24999996875000394,0.49999987500003124,2
70,0.0,1,0,0,0.0,0.0,0,1,1,0.125,1000000.0,1000000.0,0.0,0,0.0,0.0,0.9999990000010001,6
39,0.0,0,0,4,550.1225,2200.49,4,3,4,0.5,0.9999997500000625,0.0018177769488533116,0.9999997500000625,0,0.0,0.3749999531250059,0.4285713673469475,1
42,0.0,1,0,2,558.015,1116.03,2,3,2,0.25,0.99999950000025,0.001792066519903527,0.99999950000025,0,0.0,0.24999996875000394,0.599999880000024,1
18,0.0,0,1,1,414.64,414.64,1,2,0,0.0,0.0,0.0,2.9999970000030003,0,0.0,0.12499998437500197,0.6666664444445185,2
19,0.0,0,0,2,627.765,1255.53,2,3,1,0.1111111111111111,0.499999750000125,0.0007964763878230895,0.0,0,0.0,0.22222219753086697,0.599999880000024,2
56,0.0,1,1,1,291.26,291.26,1,1,3,0.3333333333333333,2.9999970000030003,0.010300075498523397,0.0,0,0.0,0.11111109876543349,0.499999750000125,1
30,0.0,0,0,1,135.24,135.24,1,2,1,0.14285714285714285,0.9999990000010001,0.007394261997972035,0.0,0,0.0,0.1428571224489825,0.6666664444445185,2
58,0.0,1,1,0,0.0,0.0,0,0,0,0.0,0.0,0.0,0.0,0,0.0,0.0,0.0,0
55,0.0,1,1,2,9728.346666666666,29185.04,3,4,2,0.2857142857142857,0.6666664444445185,6.852825968138031e-05,2.666665777778074,1,0.1428571224489825,0.4285713673469475,0.57142848979593,5
39,0.0,0,0,3,563.8774999999999,2255.5099999999998,4,5,0,0.0,0.0,0.0,0.7499998125000469,0,0.0,0.4999999375000079,0.5555554938271674,4
53,0.0,0,0,1,419.65,419.65,1,0,2,0.25,1.9999980000020001,0.004765876314152565,0.9999990000010001,0,0.0,0.0,0.0,0
26,0.0,0,0,0,0.0,0.0,0,0,1,0.125,1000000.0,1000000.0,0.0,0,0.0,0.0,0.0,0
57,0.0,1,0,3,200.03333333333333,600.1,3,4,1,0.125,0.33333322222225925,0.0016663889324006183,0.6666664444445185,0,0.0,0.3749999531250059,0.57142848979593,4
46,0.0,0,0,6,614.9599999999999,3689.7599999999998,6,5,1,0.125,0.16666663888889352,0.000271020337292664,0.6666665555555741,0,0.0,0.6249999218750099,0.4545454132231443,4
54,0.0,1,1,3,636.8433333333334,1910.53,3,2,2,0.25,0.6666664444445185,0.0010468299366946188,0.33333322222225925,0,0.0,0.12499998437500197,0.399999920000016,1
42,1.0,1,1,3,972.6833333333334,2918.05,3,3,0,0.0,0.0,0.0,0.33333322222225925,0,0.0,0.3749999531250059,0.49999991666668053,4
59,0.0,1,0,4,406.5975,1626.39,4,4,0,0.0,0.0,0.0,0.49999987500003124,0,0.0,0.4999999375000079,0.4999999375000079,4
33,0.0,1,0,3,320.89000000000004,962.6700000000001,3,3,0,0.0,0.0,0.0,0.9999996666667778,0,0.0,0.3749999531250059,0.49999991666668053,4
38,0.0,1,1,0,0.0,0.0,0,1,1,0.125,1000000.0,1000000.0,0.0,0,0.0,0.0,0.9999990000010001,6
40,0.0,0,0,3,1738.0133333333333,5214.04,3,4,2,0.25,0.6666664444445185,0.0003835797192995106,0.33333322222225925,0,0.0,0.3749999531250059,0.57142848979593,4
50,0.0,1,0,2,239.96499999999997,479.92999999999995,2,2,0,0.0,0.0,0.0,0.499999750000125,0,0.0,0.24999996875000394,0.49999987500003124,2
60,0.0,0,0,3,399.6166666666666,1198.85,3,3,3,0.375,0.9999996666667778,0.0025023981294553964,0.6666664444445185,0,0.0,0.3749999531250059,0.49999991666668053,1
33,0.0,0,0,4,352.3625,1409.45,4,4,1,0.125,0.24999993750001562,0.0007094966116502914,0.24999993750001562,0,0.0,0.4999999375000079,0.4999999375000079,4
50,0.0,1,0,4,628.3975,2513.59,4,3,1,0.125,0.24999993750001562,0.0003978373559737915,0.7499998125000469,0,0.0,0.3749999531250059,0.4285713673469475,4
57,0.0,1,1,2,341.83000000000004,683.6600000000001,2,2,1,0.125,0.499999750000125,0.0014627153827008813,0.499999750000125,0,0.0,0.24999996875000394,0.49999987500003124,2
40,0.0,0,0,3,729.3633333333333,2188.09,3,1,0,0.0,0.0,0.0,0.33333322222225925,0,0.0,0.12499998437500197,0.24999993750001562,2
51,0.0,1,0,1,476.52,476.52,1,2,1,0.125,0.9999990000010001,0.002098547800515093,0.0,0,0.0,0.12499998437500197,0.6666664444445185,2
51,0.0,1,0,1,408.78,408.78,1,0,2,0.25,1.9999980000020001,0.004892607258445601,0.0,0,0.0,0.0,0.0,0
55,0.0,1,1,2,434.755,869.51,2,2,1,0.125,0.499999750000125,0.001150073028314714,0.499999750000125,0,0.0,0.24999996875000394,0.49999987500003124,2
51,0.0,1,0,4,625.4625,2501.85,4,4,0,0.0,0.0,0.0,0.24999993750001562,0,0.0,0.4999999375000079,0.4999999375000079,4
53,0.0,1,1,2,444.14,888.28,2,4,0,0.0,0.0,0.0,0.99999950000025,0,0.0,0.24999996875000394,0.6666665555555741,2
37,1.0,1,1,2,5802.31,11604.62,2,1,2,0.25,0.99999950000025,0.0001723451521745352,1.9999990000005,0,0.0,0.12499998437500197,0.33333322222225925,5
29,0.0,0,0,3,878.9633333333333,2636.89,3,2,1,0.125,0.33333322222225925,0.00037923462852859445,1.333332888889037,0,0.0,0.24999996875000394,0.399999920000016,2
54,0.0,1,1,3,400.84999999999997,1202.55,3,2,2,0.2222222222222222,0.6666664444445185,0.0016631325086997359,0.33333322222225925,0,0.0,0.22222219753086697,0.399999920000016,1
45,0.0,0,1,3,272.5725,1090.29,4,4,3,0.375,0.7499998125000469,0.002751561508633885,0.0,0,0.0,0.4999999375000079,0.4999999375000079,1
19,0.0,0,1,1,6052.9,6052.9,1,1,0,0.0,0.0,0.0,1.9999980000020001,0,0.0,0.12499998437500197,0.499999750000125,5
44,0.0,1,0,3,317.87333333333333,953.62,3,3,2,0.25,0.6666664444445185,0.0020972714476444796,0.6666664444445185,0,0.0,0.3749999531250059,0.49999991666668053,1
47,0.0,1,1,2,318.43333333333334,955.3,3,3,1,0.125,0.33333322222225925,0.0010467915826998938,0.0,0,0.0,0.3749999531250059,0.49999991666668053,2
28,0.0,0,0,2,331.31500000000005,662.6300000000001,2,2,1,0.125,0.499999750000125,0.0015091378272804763,0.499999750000125,0,0.0,0.24999996875000394,0.49999987500003124,2
60,0.0,1,0,2,58.78333333333333,176.35,3,3,3,0.3333333333333333,0.9999996666667778,0.017011624513685146,0.0,1,0.16666663888889352,0.33333329629630043,0.49999991666668053,7
31,0.0,0,0,3,175.35333333333332,526.06,3,3,3,0.375,0.9999996666667778,0.0057027715361312944,0.6666664444445185,0,0.0,0.3749999531250059,0.49999991666668053,1
61,0.0,1,1,0,0.0,0.0,0,1,4,0.4444444444444444,4000000.0,4000000.0,0.0,0,0.0,0.0,0.9999990000010001,6
45,0.0,0,0,2,457.485,914.97,2,2,2,0.25,0.99999950000025,0.002185864015010477,0.99999950000025,0,0.0,0.24999996875000394,0.49999987500003124,1
53,0.0,0,1,4,323.5375,1294.15,4,3,2,0.25,0.49999987500003124,0.0015454159088626386,0.9999997500000625,0,0.0,0.3749999531250059,0.4285713673469475,4
54,0.0,1,0,3,403.74,1211.22,3,1,1,0.125,0.33333322222225925,0.000825613843211296,0.6666664444445185,0,0.0,0.12499998437500197,0.24999993750001562,2
44,1.0,1,0,3,300.52666666666664,901.5799999999999,3,2,3,0.375,0.9999996666667778,0.0033274917330381204,0.9999996666667778,0,0.0,0.24999996875000394,0.399999920000016,1
22,0.0,0,0,1,399.83000000000004,799.6600000000001,2,3,2,0.25,0.99999950000025,0.0025010629486268373,0.99999950000025,0,0.0,0.24999996875000394,0.599999880000024,1
35,0.0,0,0,2,362.77,1088.31,3,3,1,0.125,0.33333322222225925,0.0009188558398628554,0.6666664444445185,0,0.0,0.24999996875000394,0.49999991666668053,2
46,0.0,1,0,2,4303.37,12910.11,3,2,3,0.375,0.9999996666667778,0.00023237602156508534,0.6666664444445185,1,0.199999960000008,0.24999996875000394,0.399999920000016,5
49,0.0,0,1,3,241.6175,966.47,4,4,2,0.25,0.49999987500003124,0.0020693865282218936,0.49999987500003124,0,0.0,0.4999999375000079,0.4999999375000079,4
31,0.0,0,0,2,177.17,531.51,3,4,1,0.125,0.33333322222225925,0.0018814321426098622,0.9999996666667778,0,0.0,0.3749999531250059,0.57142848979593,4
54,1.0,0,0,3,882.2866666666667,2646.86,3,3,0,0.0,0.0,0.0,0.6666664444445185,0,0.0,0.3749999531250059,0.49999991666668053,4
46,0.0,0,0,3,140.09,560.36,4,4,1,0.125,0.24999993750001562,0.0017845670608455865,0.49999987500003124,0,0.0,0.3749999531250059,0.4999999375000079,4
44,0.0,0,0,4,536.895,2147.58,4,5,1,0.125,0.24999993750001562,0.0004656403950187465,0.49999987500003124,0,0.0,0.4999999375000079,0.5555554938271674,4
26,1.0,0,0,1,1083.24,2166.48,2,2,1,0.125,0.499999750000125,0.00046157822806507413,0.0,1,0.24999993750001562,0.24999996875000394,0.49999987500003124,7
42,0.0,0,0,4,720.34,2881.36,4,4,3,0.3333333333333333,0.7499998125000469,0.0010411750003327682,0.7499998125000469,0,0.0,0.44444439506173394,0.4999999375000079,4
48,0.0,1,1,3,360.64000000000004,1081.92,3,2,0,0.0,0.0,0.0,0.9999996666667778,0,0.0,0.12499998437500197,0.399999920000016,2
26,0.0,0,0,0,0.0,0.0,0,1,0,0.0,0.0,0.0,0.0,0,0.0,0.0,0.9999990000010001,2
49,0.0,1,0,4,304.0375,1216.15,4,5,2,0.2222222222222222,0.49999987500003124,0.0016445339788311193,0.7499998125000469,0,0.0,0.44444439506173394,0.5555554938271674,4
59,0.0,0,1,3,126.77750000000002,507.11000000000007,4,5,4,0.4444444444444444,0.9999997500000625,0.007887834970937596,0.0,1,0.11111109876543349,0.44444439506173394,0.5555554938271674,7
50,0.0,1,1,2,238.4333333333333,715.3,3,3,0,0.0,0.0,0.0,0.6666664444445185,0,0.0,0.3749999531250059,0.49999991666668053,2
27,1.0,0,1,1,85.66,85.66,1,1,2,0.25,1.9999980000020001,0.023348120203734297,0.0,0,0.0,0.12499998437500197,0.499999750000125,1
44,0.0,0,0,4,377.06,1508.24,4,3,0,0.0,0.0,0.0,0.9999997500000625,0,0.0,0.3749999531250059,0.4285713673469475,4
43,0.0,1,0,3,295.7133333333333,887.14,3,3,2,0.25,0.6666664444445185,0.002254435599505788,0.9999996666667778,0,0.0,0.24999996875000394,0.49999991666668053,1
44,1.0,0,0,3,528.4366666666666,1585.31,3,2,2,0.25,0.6666664444445185,0.0012615829072789657,0.6666664444445185,0,0.0,0.24999996875000394,0.399999920000016,1
43,0.0,0,1,1,158.96,158.96,1,1,1,0.1111111111111111,0.9999990000010001,0.006290890750560577,0.9999990000010001,0,0.0,0.11111109876543349,0.499999750000125,2
22,0.0,0,1,1,665.04,665.04,1,2,2,0.25,1.9999980000020001,0.003007337899964908,0.9999990000010001,0,0.0,0.12499998437500197,0.6666664444445185,1
44,0.0,0,1,4,346.6725,1386.69,4,4,1,0.125,0.24999993750001562,0.0007211417110376927,0.24999993750001562,0,0.0,0.4999999375000079,0.4999999375000079,4
53,0.0,1,1,3,354.42333333333335,1063.27,3,3,1,0.1111111111111111,0.33333322222225925,0.0009404948875257508,0.6666664444445185,0,0.0,0.33333329629630043,0.49999991666668053,4
60,0.0,1,0,0,0.0,0.0,0,0,3,0.3333333333333333,3000000.0,3000000.0,0.0,0,0.0,0.0,0.0,3
70,0.0,0,0,0,0.0,0.0,0,0,3,0.3333333333333333,3000000.0,3000000.0,0.0,0,0.0,0.0,0.0,3
55,0.0,1,0,3,267.6233333333333,802.8699999999999,3,3,1,0.125,0.33333322222225925,0.0012455316536356678,0.9999996666667778,0,0.0,0.24999996875000394,0.49999991666668053,4
54,0.0,0,0,2,324.49,648.98,2,2,1,0.125,0.499999750000125,0.0015408795316637191,0.499999750000125,0,0.0,0.24999996875000394,0.49999987500003124,2
69,0.0,1,0,0,0.0,0.0,0,0,0,0.0,0.0,0.0,0.0,0,0.0,0.0,0.0,0
26,0.0,0,0,1,1029.99,1029.99,1,2,3,0.375,2.9999970000030003,0.0029126496345472774,0.9999990000010001,0,0.0,0.12499998437500197,0.6666664444445185,1
19,0.0,0,1,1,75.29,75.29,1,0,2,0.25,1.9999980000020001,0.026563952363342375,0.0,0,0.0,0.0,0.0,0
43,0.0,0,0,3,181.45666666666668,544.37,3,3,0,0.0,0.0,0.0,0.6666664444445185,0,0.0,0.3749999531250059,0.49999991666668053,4
49,0.0,1,1,2,358.94666666666666,1076.84,3,3,3,0.375,0.9999996666667778,0.002785929197665457,0.33333322222225925,0,0.0,0.3749999531250059,0.49999991666668053,1
49,0.0,1,1,3,317.416,1587.08,5,4,1,0.1111111111111111,0.199999960000008,0.0006300879598822441,0.0,1,0.11111109876543349,0.44444439506173394,0.44444439506173394,7
35,0.0,0,0,1,30.0,30.0,1,1,1,0.125,0.9999990000010001,0.033333332222222255,0.0,0,0.0,0.12499998437500197,0.499999750000125,2
35,0.0,0,1,3,377.77333333333337,1133.3200000000002,3,3,2,0.25,0.6666664444445185,0.0017647266422857381,0.9999996666667778,0,0.0,0.3749999531250059,0.49999991666668053,1
51,0.0,1,1,2,458.68,917.36,2,2,1,0.125,0.499999750000125,0.0010900845893759433,0.499999750000125,0,0.0,0.24999996875000394,0.49999987500003124,2
32,1.0,0,0,3,329.53000000000003,988.59,3,2,3,0.375,0.9999996666667778,0.0030346250690026955,0.33333322222225925,0,0.0,0.24999996875000394,0.399999920000016,1
57,0.0,1,1,2,445.985,891.97,2,3,2,0.25,0.99999950000025,0.0022422278751054094,1.9999990000005,0,0.0,0.24999996875000394,0.599999880000024,1
21,0.0,0,0,2,1202.55,2405.1,2,2,2,0.25,0.99999950000025,0.0008315662546956193,0.0,0,0.0,0.24999996875000394,0.49999987500003124,1
45,0.0,0,0,2,525.7049999999999,1051.4099999999999,3,4,3,0.375,0.9999996666667778,0.002853311265012401,0.6666664444445185,1,0.1428571224489825,0.3749999531250059,0.57142848979593,7
48,0.0,0,0,4,690.7675,2763.07,4,3,0,0.0,0.0,0.0,0.49999987500003124,0,0.0,0.3749999531250059,0.4285713673469475,4
50,0.0,1,0,6,240.85666666666665,1445.1399999999999,6,6,0,0.0,0.0,0.0,0.6666665555555741,0,0.0,0.7499999062500118,0.4999999583333368,4
42,0.0,0,1,3,409.6875,1638.75,4,3,3,0.375,0.7499998125000469,0.001830663614443531,0.49999987500003124,1,0.1428571224489825,0.3749999531250059,0.4285713673469475,7
49,0.0,1,0,1,390.03,390.03,1,1,3,0.375,2.9999970000030003,0.007691716002123643,0.9999990000010001,0,0.0,0.12499998437500197,0.499999750000125,1
38,0.0,0,0,3,336.155,1344.62,4,4,4,0.5,0.9999997500000625,0.002974818162027325,0.49999987500003124,1,0.12499998437500197,0.4999999375000079,0.4999999375000079,7
56,0.0,1,1,4,478.9,1915.6,4,4,1,0.125,0.24999993750001562,0.000522029651011678,0.24999993750001562,0,0.0,0.4999999375000079,0.4999999375000079,4
39,0.0,0,0,2,531.21,1062.42,2,4,2,0.2857142857142857,0.99999950000025,0.00188249468018063,0.499999750000125,0,0.0,0.285714244897965,0.6666665555555741,1
41,0.0,1,0,3,472.46,1417.3799999999999,3,4,2,0.2222222222222222,0.6666664444445185,0.001411054197596231,0.6666664444445185,0,0.0,0.33333329629630043,0.57142848979593,4
45,0.0,0,0,1,114.49,114.49,1,2,1,0.1111111111111111,0.9999990000010001,0.008734387206442597,0.9999990000010001,0,0.0,0.11111109876543349,0.6666664444445185,2
40,0.0,0,1,4,416.0,2496.0,6,5,0,0.0,0.0,0.0,0.6666665555555741,0,0.0,0.6249999218750099,0.4545454132231443,4
47,0.0,1,0,3,693.4333333333334,2080.3,3,3,1,0.1111111111111111,0.33333322222225925,0.0004806998988219488,0.6666664444445185,0,0.0,0.33333329629630043,0.49999991666668053,4
19,0.0,0,0,1,810.97,810.97,1,2,2,0.25,1.9999980000020001,0.0024661824698001375,0.9999990000010001,0,0.0,0.12499998437500197,0.6666664444445185,1
31,0.0,0,0,3,312.0975,1248.39,4,3,1,0.125,0.24999993750001562,0.0008010317282251284,0.49999987500003124,1,0.1428571224489825,0.3749999531250059,0.4285713673469475,7
26,0.0,0,0,1,991.225,1982.45,2,1,2,0.25,0.99999950000025,0.001008852681778177,0.499999750000125,0,0.0,0.12499998437500197,0.33333322222225925,1
49,0.0,1,1,3,609.4866666666667,1828.46,3,3,2,0.2,0.6666664444445185,0.0010938166538541631,0.6666664444445185,0,0.0,0.299999970000003,0.49999991666668053,1
37,0.0,1,1,2,185.16,370.32,2,2,2,0.25,0.99999950000025,0.0054007344853080185,0.99999950000025,0,0.0,0.24999996875000394,0.49999987500003124,1
23,0.0,0,0,0,0.0,0.0,0,1,0,0.0,0.0,0.0,0.0,0,0.0,0.0,0.9999990000010001,2
69,0.0,1,0,0,0.0,0.0,0,0,2,0.25,2000000.0,2000000.0,0.0,0,0.0,0.0,0.0,3
64,1.0,1,0,0,0.0,0.0,0,0,2,0.25,2000000.0,2000000.0,0.0,0,0.0,0.0,0.0,3
44,0.0,0,1,4,586.11,2344.44,4,3,1,0.125,0.24999993750001562,0.00042654109278695933,0.7499998125000469,0,0.0,0.3749999531250059,0.4285713673469475,4
35,0.0,0,0,3,276.49666666666667,829.49,3,3,0,0.0,0.0,0.0,0.9999996666667778,0,0.0,0.3749999531250059,0.49999991666668053,4
26,0.0,0,0,0,0.0,0.0,0,0,1,0.1111111111111111,1000000.0,1000000.0,0.0,0,0.0,0.0,0.0,0
36,0.0,1,0,1,81.46,81.46,1,3,2,0.25,1.9999980000020001,0.02455192702489655,0.0,0,0.0,0.12499998437500197,0.7499998125000469,1
40,0.0,0,0,3,505.8766666666667,1517.63,3,3,1,0.125,0.33333322222225925,0.0006589221347371083,0.33333322222225925,0,0.0,0.3749999531250059,0.49999991666668053,4
21,0.0,0,0,1,586.32,586.32,1,1,3,0.375,2.9999970000030003,0.0051166598357268046,0.0,0,0.0,0.12499998437500197,0.499999750000125,1
44,0.0,0,0,2,613.7049999999999,1227.4099999999999,2,2,1,0.125,0.499999750000125,0.0008147236857979619,0.0,0,0.0,0.24999996875000394,0.49999987500003124,2
19,0.0,0,0,0,0.0,0.0,0,1,3,0.375,3000000.0,3000000.0,0.0,0,0.0,0.0,0.9999990000010001,6
55,0.0,1,0,2,473.64,947.28,2,1,3,0.375,1.499999250000375,0.0031669622464667656,0.499999750000125,0,0.0,0.12499998437500197,0.33333322222225925,1
25,0.0,1,1,0,0.0,0.0,0,1,1,0.125,1000000.0,1000000.0,0.0,0,0.0,0.0,0.9999990000010001,6
22,0.0,0,0,0,0.0,0.0,0,1,1,0.125,1000000.0,1000000.0,0.0,0,0.0,0.0,0.9999990000010001,6
41,0.0,0,1,4,1421.23,5684.92,4,3,0,0.0,0.0,0.0,0.49999987500003124,0,0.0,0.33333329629630043,0.4285713673469475,4
53,0.0,0,0,3,1174.76,3524.28,3,3,1,0.125,0.33333322222225925,0.00028374589979123513,0.0,0,0.0,0.3749999531250059,0.49999991666668053,4
42,0.0,0,0,1,49.31,49.31,1,2,0,0.0,0.0,0.0,0.0,0,0.0,0.12499998437500197,0.6666664444445185,2
20,0.0,0,0,0,0.0,0.0,0,0,1,0.1111111111111111,1000000.0,1000000.0,0.0,0,0.0,0.0,0.0,0
39,0.0,0,0,4,385.99,1929.95,5,5,1,0.125,0.199999960000008,0.0005181481382843347,0.99999980000004,0,0.0,0.6249999218750099,0.499999950000005,4
41,0.0,1,0,1,327.51,327.51,1,1,0,0.0,0.0,0.0,0.0,0,0.0,0.12499998437500197,0.499999750000125,2
25,0.0,0,0,0,0.0,0.0,0,0,2,0.25,2000000.0,2000000.0,0.0,0,0.0,0.0,0.0,3
27,0.0,0,1,0,0.0,0.0,0,0,3,0.375,3000000.0,3000000.0,0.0,0,0.0,0.0,0.0,3
38,1.0,0,0,4,299.8675,1199.47,4,4,1,0.125,0.24999993750001562,0.000833701550823529,1.999999500000125,0,0.0,0.3749999531250059,0.4999999375000079,4
46,0.0,1,0,2,153.10000000000002,306.20000000000005,2,3,1,0.125,0.499999750000125,0.0032658393100397144,0.499999750000125,0,0.0,0.12499998437500197,0.599999880000024,2
25,0.0,0,0,1,1719.76,3439.52,2,1,1,0.125,0.499999750000125,0.00029073824246094273,0.0,1,0.33333322222225925,0.12499998437500197,0.33333322222225925,7
19,0.0,0,0,2,653.23,1306.46,2,1,0,0.0,0.0,0.0,0.499999750000125,0,0.0,0.12499998437500197,0.33333322222225925,2
19,0.0,0,0,0,0.0,0.0,0,0,3,0.375,3000000.0,3000000.0,0.0,0,0.0,0.0,0.0,3
60,0.0,1,1,2,260.925,521.85,2,2,0,0.0,0.0,0.0,0.99999950000025,0,0.0,0.24999996875000394,0.49999987500003124,2
40,0.0,0,0,3,276.93,830.79,3,2,0,0.0,0.0,0.0,0.6666664444445185,0,0.0,0.24999996875000394,0.399999920000016,2
51,0.0,0,0,3,283.74666666666667,851.24,3,6,1,0.1111111111111111,0.33333322222225925,0.0011747568239571017,0.33333322222225925,0,0.0,0.33333329629630043,0.6666665925926009,4
18,0.0,0,0,1,517.59,517.59,1,1,2,0.2222222222222222,1.9999980000020001,0.0038640622812186045,0.9999990000010001,0,0.0,0.11111109876543349,0.499999750000125,1
38,0.0,0,0,4,719.7475,2878.99,4,5,1,0.125,0.24999993750001562,0.0003473440337245548,0.7499998125000469,0,0.0,0.3749999531250059,0.5555554938271674,4
46,0.0,1,1,1,386.41,386.41,1,2,2,0.25,1.9999980000020001,0.005175849472902229,0.0,0,0.0,0.12499998437500197,0.6666664444445185,1
41,0.0,0,1,4,546.4375,2185.75,4,4,0,0.0,0.0,0.0,0.7499998125000469,0,0.0,0.4999999375000079,0.4999999375000079,4
65,0.0,1,0,0,0.0,0.0,0,0,1,0.125,1000000.0,1000000.0,0.0,0,0.0,0.0,0.0,0
55,0.0,1,0,2,507.385,1014.77,2,2,1,0.1111111111111111,0.499999750000125,0.0009854449767085695,0.499999750000125,0,0.0,0.22222219753086697,0.49999987500003124,2
51,1.0,1,1,2,410.22999999999996,820.4599999999999,2,2,4,0.5,1.9999990000005,0.004875313842386816,0.499999750000125,0,0.0,0.24999996875000394,0.49999987500003124,1
65,0.0,0,0,0,0.0,0.0,0,2,0,0.0,0.0,0.0,0.0,0,0.0,0.0,0.99999950000025,2
45,0.0,1,0,1,666.325,1332.65,2,5,0,0.0,0.0,0.0,0.499999750000125,0,0.0,0.24999996875000394,0.7142856122449125,2
28,0.0,0,0,1,608.07,608.07,1,1,3,0.375,2.9999970000030003,0.004933642500150242,0.0,0,0.0,0.12499998437500197,0.499999750000125,1
29,0.0,0,1,4,508.89,2544.45,5,5,3,0.375,0.599999880000024,0.00117903672653067,0.399999920000016,1,0.09999999000000101,0.6249999218750099,0.499999950000005,7
61,0.0,0,0,2,247.015,494.03,2,2,0,0.0,0.0,0.0,0.499999750000125,0,0.0,0.24999996875000394,0.49999987500003124,2
60,0.0,1,1,1,760.9,760.9,1,1,1,0.1111111111111111,0.9999990000010001,0.001314233143232707,0.9999990000010001,0,0.0,0.11111109876543349,0.499999750000125,2
54,0.0,1,0,1,251.24,251.24,1,1,1,0.125,0.9999990000010001,0.003980257904870809,0.9999990000010001,0,0.0,0.12499998437500197,0.499999750000125,2
47,0.0,1,1,3,247.25666666666666,741.77,3,4,1,0.125,0.33333322222225925,0.0013481267760247426,0.6666664444445185,0,0.0,0.3749999531250059,0.57142848979593,4
40,1.0,1,0,5,291.2083333333333,1747.25,6,7,1,0.125,0.16666663888889352,0.0005723279435843021,0.6666665555555741,1,0.07692307100591762,0.7499999062500118,0.5384614970414233,7
52,1.0,0,0,2,553.95,1107.9,2,2,0,0.0,0.0,0.0,0.499999750000125,0,0.0,0.22222219753086697,0.49999987500003124,2
27,0.0,0,0,1,569.69,569.69,1,0,2,0.2222222222222222,1.9999980000020001,0.0035106812415336736,0.0,0,0.0,0.0,0.0,0
77,0.0,1,0,0,0.0,0.0,0,0,1,0.125,1000000.0,1000000.0,0.0,0,0.0,0.0,0.0,0
55,0.0,1,1,2,1132.49,2264.98,2,3,2,0.25,0.99999950000025,0.0008830100041134977,0.499999750000125,0,0.0,0.24999996875000394,0.599999880000024,1
31,0.0,0,0,3,616.4466666666667,1849.3400000000001,3,3,3,0.375,0.9999996666667778,0.0016222003516810318,0.33333322222225925,0,0.0,0.3749999531250059,0.49999991666668053,1
41,0.0,0,0,4,363.55,1454.2,4,5,1,0.125,0.24999993750001562,0.0006876633195656282,0.7499998125000469,0,0.0,0.4999999375000079,0.5555554938271674,4
52,0.0,0,0,1,230.05,460.1,2,1,1,0.125,0.499999750000125,0.0021734405516769385,0.99999950000025,0,0.0,0.12499998437500197,0.33333322222225925,2
44,0.0,1,1,3,454.18333333333334,1362.55,3,4,0,0.0,0.0,0.0,1.333332888889037,0,0.0,0.3749999531250059,0.57142848979593,4
51,0.0,1,0,2,397.845,795.69,2,2,1,0.1111111111111111,0.499999750000125,0.0012567708513909048,0.499999750000125,0,0.0,0.22222219753086697,0.49999987500003124,2
51,0.0,1,1,2,219.60333333333332,658.81,3,4,2,0.2222222222222222,0.6666664444445185,0.003035776622947775,0.6666664444445185,0,0.0,0.33333329629630043,0.57142848979593,1
37,0.0,1,0,3,600.65,1801.9499999999998,3,3,1,0.125,0.33333322222225925,0.0005549543546963265,0.33333322222225925,0,0.0,0.24999996875000394,0.49999991666668053,4
44,0.0,1,0,2,163.135,326.27,2,2,2,0.25,0.99999950000025,0.006129892401600232,0.0,0,0.0,0.24999996875000394,0.49999987500003124,1
42,1.0,0,0,5,401.224,2006.12,5,5,2,0.2222222222222222,0.399999920000016,0.0009969493345378395,0.399999920000016,0,0.0,0.5555554938271674,0.499999950000005,4
32,0.0,0,0,0,0.0,0.0,0,0,0,0.0,0.0,0.0,0.0,0,0.0,0.0,0.0,0
53,1.0,0,0,2,564.5975,2258.39,4,4,2,0.25,0.49999987500003124,0.000885586634334377,0.49999987500003124,1,0.12499998437500197,0.4999999375000079,0.4999999375000079,7
48,0.0,1,0,2,287.78499999999997,575.5699999999999,2,3,0,0.0,0.0,0.0,0.99999950000025,0,0.0,0.19999998000000202,0.599999880000024,2
71,0.0,1,0,0,0.0,0.0,0,0,0,0.0,0.0,0.0,0.0,0,0.0,0.0,0.0,0
41,0.0,1,0,2,453.045,906.09,2,1,2,0.25,0.99999950000025,0.0022072862494815237,0.0,0,0.0,0.12499998437500197,0.33333322222225925,1
47,0.0,1,1,2,120.475,240.95,2,4,3,0.375,1.499999250000375,0.012450715864491738,0.499999750000125,0,0.0,0.24999996875000394,0.6666665555555741,1
23,0.0,0,0,1,1765.08,3530.16,2,1,2,0.25,0.99999950000025,0.0005665465586357144,0.0,1,0.33333322222225925,0.12499998437500197,0.33333322222225925,7
57,0.0,1,1,1,310.58,310.58,1,2,2,0.25,1.9999980000020001,0.006439564664693269,0.9999990000010001,0,0.0,0.12499998437500197,0.6666664444445185,1
36,1.0,1,1,2,438.185,876.37,2,3,0,0.0,0.0,0.0,0.0,0,0.0,0.24999996875000394,0.599999880000024,2
56,0.0,1,0,3,360.58666666666664,1081.76,3,4,0,0.0,0.0,0.0,0.0,0,0.0,0.3749999531250059,0.57142848979593,4
25,0.0,0,0,0,0.0,0.0,0,0,0,0.0,0.0,0.0,0.0,0,0.0,0.0,0.0,0
51,0.0,1,1,2,169.415,338.83,2,2,3,0.375,1.499999250000375,0.008853997553776237,0.99999950000025,0,0.0,0.24999996875000394,0.49999987500003124,1
47,0.0,1,0,3,317.3725,1269.49,4,3,1,0.1111111111111111,0.24999993750001562,0.0007877179018442698,0.7499998125000469,0,0.0,0.33333329629630043,0.4285713673469475,4
47,0.0,1,0,3,272.9325,1091.73,4,3,3,0.3333333333333333,0.7499998125000469,0.002747932178516728,0.7499998125000469,0,0.0,0.33333329629630043,0.4285713673469475,1
36,1.0,0,0,2,311.3066666666667,933.9200000000001,3,3,0,0.0,0.0,0.0,0.6666664444445185,0,0.0,0.33333329629630043,0.49999991666668053,2
70,0.0,1,0,0,0.0,0.0,0,0,0,0.0,0.0,0.0,0.0,0,0.0,0.0,0.0,0
75,0.0,1,0,0,0.0,0.0,0,1,0,0.0,0.0,0.0,0.0,0,0.0,0.0,0.9999990000010001,2
43,0.0,0,0,7,319.09857142857146,2233.69,7,6,0,0.0,0.0,0.0,0.285714244897965,0,0.0,0.7499999062500118,0.4615384260355057,4
55,0.0,0,0,2,83.18333333333334,249.55,3,3,1,0.125,0.33333322222225925,0.0040072129673123106,0.6666664444445185,0,0.0,0.3749999531250059,0.49999991666668053,4
59,0.0,1,0,3,267.2766666666667,801.83,3,3,1,0.1111111111111111,0.33333322222225925,0.0012471471493369576,0.33333322222225925,0,0.0,0.33333329629630043,0.49999991666668053,4
19,0.0,0,0,1,792.57,792.57,1,0,1,0.125,0.9999990000010001,0.0012617182062635247,0.0,0,0.0,0.0,0.0,0
38,0.0,0,0,3,363.27,1089.81,3,3,2,0.25,0.6666664444445185,0.0018351822777959623,0.33333322222225925,0,0.0,0.3749999531250059,0.49999991666668053,1
41,0.0,1,1,4,250.544,1252.72,5,5,3,0.375,0.599999880000024,0.0023947889373564808,0.199999960000008,0,0.0,0.6249999218750099,0.499999950000005,4
51,1.0,0,1,3,487.4433333333333,1462.33,3,2,2,0.25,0.6666664444445185,0.0013676803448143167,0.33333322222225925,0,0.0,0.24999996875000394,0.399999920000016,1
42,0.0,0,0,2,334.78499999999997,669.5699999999999,2,2,2,0.25,0.99999950000025,0.0029869916468972754,0.499999750000125,0,0.0,0.24999996875000394,0.49999987500003124,1
36,0.0,0,0,3,463.3666666666666,1390.1,3,3,0,0.0,0.0,0.0,0.6666664444445185,0,0.0,0.3749999531250059,0.49999991666668053,4
38,0.0,0,0,3,260.46,781.38,3,4,0,0.0,0.0,0.0,0.6666664444445185,0,0.0,0.3749999531250059,0.57142848979593,4
19,1.0,0,1,0,0.0,0.0,0,0,0,0.0,0.0,0.0,0.0,0,0.0,0.0,0.0,0
48,0.0,0,0,2,911.9150000000001,1823.8300000000002,2,2,1,0.125,0.499999750000125,0.000548296715950337,0.499999750000125,0,0.0,0.24999996875000394,0.49999987500003124,2
58,0.0,0,0,1,418.71000000000004,837.4200000000001,2,2,2,0.2222222222222222,0.99999950000025,0.002388287833598089,0.99999950000025,0,0.0,0.22222219753086697,0.49999987500003124,1
49,0.0,0,0,2,200.99,401.98,2,1,1,0.125,0.499999750000125,0.0024876859483365195,0.499999750000125,0,0.0,0.12499998437500197,0.33333322222225925,2
19,1.0,0,0,1,1672.54,1672.54,1,1,1,0.125,0.9999990000010001,0.0005978930246224945,0.0,0,0.0,0.0,0.499999750000125,2
40,0.0,1,0,2,3343.02,6686.04,2,1,1,0.1111111111111111,0.499999750000125,0.00014956536303259248,0.499999750000125,0,0.0,0.11111109876543349,0.33333322222225925,2
42,0.0,0,0,4,466.0075,1864.03,4,2,2,0.25,0.49999987500003124,0.0010729441044012467,0.7499998125000469,0,0.0,0.24999996875000394,0.33333327777778704,4
44,0.0,1,1,1,111.98,111.98,1,1,2,0.25,1.9999980000020001,0.017860332042683228,0.9999990000010001,0,0.0,0.12499998437500197,0.499999750000125,1
19,0.0,0,0,0,0.0,0.0,0,0,2,0.25,2000000.0,2000000.0,0.0,0,0.0,0.0,0.0,3
31,1.0,1,1,0,0.0,0.0,0,0,2,0.25,2000000.0,2000000.0,0.0,0,0.0,0.0,0.0,3
44,0.0,1,1,2,348.72,697.44,2,3,2,0.25,0.99999950000025,0.002867630186298993,0.99999950000025,0,0.0,0.24999996875000394,0.599999880000024,1
49,0.0,1,0,0,0.0,0.0,1,4,2,0.25,1.9999980000020001,2000000.0,0.0,1,0.199999960000008,0.12499998437500197,0.799999840000032,7
58,0.0,0,0,0,0.0,0.0,0,1,1,0.125,1000000.0,1000000.0,0.0,0,0.0,0.0,0.9999990000010001,6
54,0.0,1,0,4,600.2275,2400.91,4,2,0,0.0,0.0,0.0,0.49999987500003124,0,0.0,0.24999996875000394,0.33333327777778704,4
40,0.0,1,0,2,213.58666666666667,640.76,3,3,3,0.375,0.9999996666667778,0.004681940188710375,0.9999996666667778,1,0.16666663888889352,0.3749999531250059,0.49999991666668053,7
47,0.0,0,0,2,491.295,982.59,2,2,4,0.5,1.9999990000005,0.004070873910714669,0.499999750000125,0,0.0,0.24999996875000394,0.49999987500003124,1
67,0.0,1,0,2,385.44,770.88,2,2,0,0.0,0.0,0.0,0.499999750000125,0,0.0,0.12499998437500197,0.49999987500003124,2
39,0.0,0,0,2,311.125,622.25,2,2,3,0.375,1.499999250000375,0.004821213330942205,0.0,0,0.0,0.24999996875000394,0.49999987500003124,1
47,0.0,0,0,3,426.26666666666665,1278.8,3,3,2,0.25,0.6666664444445185,0.001563966217106689,0.33333322222225925,0,0.0,0.3749999531250059,0.49999991666668053,1
44,0.0,0,0,3,203.7925,815.17,4,4,1,0.125,0.24999993750001562,0.0012267379795297447,0.24999993750001562,0,0.0,0.4999999375000079,0.4999999375000079,4
66,0.0,1,0,2,497.55999999999995,995.1199999999999,2,1,2,0.25,0.99999950000025,0.002009807860348694,0.0,0,0.0,0.0,0.33333322222225925,1
52,0.0,1,0,1,168.18,168.18,1,2,0,0.0,0.0,0.0,0.0,0,0.0,0.0,0.6666664444445185,2
35,0.0,0,1,2,349.01,698.02,2,2,1,0.125,0.499999750000125,0.0014326237050046938,0.0,0,0.0,0.12499998437500197,0.49999987500003124,2
49,0.0,1,1,4,872.42,3489.68,4,3,2,0.25,0.49999987500003124,0.0005731184519574522,0.9999997500000625,0,0.0,0.3749999531250059,0.4285713673469475,4
19,0.0,0,0,0,0.0,0.0,0,1,0,0.0,0.0,0.0,0.0,0,0.0,0.0,0.9999990000010001,2
60,0.0,1,0,3,408.99,1226.97,3,3,1,0.125,0.33333322222225925,0.0008150158513940716,0.6666664444445185,0,0.0,0.3749999531250059,0.49999991666668053,4
41,0.0,0,0,1,610.225,1220.45,2,3,1,0.125,0.499999750000125,0.000819369903872039,0.0,0,0.0,0.24999996875000394,0.599999880000024,2
51,1.0,0,1,3,1637.5600000000002,4912.68,3,4,2,0.25,0.6666664444445185,0.0004071097648519525,0.9999996666667778,0,0.0,0.3749999531250059,0.57142848979593,4
19,0.0,0,0,0,0.0,0.0,0,0,0,0.0,0.0,0.0,0.0,0,0.0,0.0,0.0,0
57,0.0,1,0,3,211.45333333333335,634.36,3,3,2,0.25,0.6666664444445185,0.0031527839032209092,0.6666664444445185,0,0.0,0.3749999531250059,0.49999991666668053,1
48,1.0,0,0,3,576.8833333333333,1730.65,3,1,2,0.25,0.6666664444445185,0.0011556351653103543,0.0,0,0.0,0.12499998437500197,0.24999993750001562,1
50,0.0,0,0,2,782.025,1564.05,2,2,0,0.0,0.0,0.0,0.499999750000125,0,0.0,0.24999996875000394,0.49999987500003124,2
46,0.0,0,0,4,598.5274999999999,2394.1099999999997,4,5,2,0.25,0.49999987500003124,0.0008353835033330201,0.7499998125000469,0,0.0,0.4999999375000079,0.5555554938271674,4
27,1.0,0,0,1,215.8,215.8,1,1,2,0.25,1.9999980000020001,0.009267840550195363,0.0,0,0.0,0.12499998437500197,0.499999750000125,1
41,0.0,0,0,5,300.144,1500.72,5,5,1,0.1111111111111111,0.199999960000008,0.0006663468197489558,0.599999880000024,0,0.0,0.5555554938271674,0.499999950000005,4
58,0.0,1,0,2,122.325,244.65,2,5,0,0.0,0.0,0.0,0.499999750000125,0,0.0,0.24999996875000394,0.7142856122449125,2
55,0.0,1,0,4,754.625,3018.5,4,4,1,0.125,0.24999993750001562,0.00033129037590482347,0.24999993750001562,0,0.0,0.4999999375000079,0.4999999375000079,4
37,0.0,0,0,0,0.0,0.0,0,0,0,0.0,0.0,0.0,0.0,0,0.0,0.0,0.0,0
28,0.0,1,1,2,1661.7475000000002,6646.990000000001,4,5,2,0.25,0.49999987500003124,0.0003008880710967087,1.4999996250000938,1,0.11111109876543349,0.4999999375000079,0.5555554938271674,7
41,0.0,1,0,2,336.22,672.44,2,2,2,0.25,0.99999950000025,0.0029742430507194054,0.499999750000125,0,0.0,0.24999996875000394,0.49999987500003124,1
47,0.0,0,0,2,278.135,556.27,2,2,2,0.25,0.99999950000025,0.003595376339555654,0.0,0,0.0,0.24999996875000394,0.49999987500003124,1
49,0.0,1,1,1,464.45,464.45,1,1,2,0.25,1.9999980000020001,0.004306168577228617,0.0,0,0.0,0.12499998437500197,0.499999750000125,1
48,0.0,1,0,4,456.565,1826.26,4,4,1,0.125,0.24999993750001562,0.0005475671588122353,0.7499998125000469,0,0.0,0.4999999375000079,0.4999999375000079,4
44,0.0,0,0,1,95.52,95.52,1,1,2,0.25,1.9999980000020001,0.020938023231385855,0.0,0,0.0,0.12499998437500197,0.499999750000125,1
57,0.0,1,1,1,344.99,344.99,1,1,1,0.125,0.9999990000010001,0.0028986347346339468,0.0,0,0.0,0.12499998437500197,0.499999750000125,2
39,0.0,0,0,1,509.96,509.96,1,1,1,0.125,0.9999990000010001,0.001960938108947882,0.9999990000010001,0,0.0,0.12499998437500197,0.499999750000125,2
49,1.0,0,0,3,526.1733333333333,1578.52,3,3,2,0.25,0.6666664444445185,0.001267009603130141,0.33333322222225925,0,0.0,0.3749999531250059,0.49999991666668053,1
27,1.0,0,1,1,252.54,252.54,1,2,2,0.25,1.9999980000020001,0.007919537467650522,0.0,0,0.0,0.12499998437500197,0.6666664444445185,1
59,0.0,0,1,1,118.53,118.53,1,1,1,0.125,0.9999990000010001,0.008436682625186176,0.9999990000010001,0,0.0,0.12499998437500197,0.499999750000125,2
36,0.0,0,0,4,924.9075,3699.63,4,4,1,0.125,0.24999993750001562,0.00027029729992720966,0.7499998125000469,0,0.0,0.4999999375000079,0.4999999375000079,4
43,1.0,0,1,3,269.3233333333333,807.97,3,3,0,0.0,0.0,0.0,0.6666664444445185,0,0.0,0.3749999531250059,0.49999991666668053,2
40,0.0,1,0,3,328.09666666666664,984.29,3,5,1,0.125,0.33333322222225925,0.0010159607422447036,0.33333322222225925,0,0.0,0.3749999531250059,0.6249999218750099,4
41,0.0,1,1,1,11743.14,23486.28,2,2,2,0.25,0.99999950000025,8.515609964263579e-05,3.999998000001,1,0.24999993750001562,0.12499998437500197,0.49999987500003124,5
47,0.0,0,0,2,461.73,1385.19,3,2,3,0.375,0.9999996666667778,0.0021657678714358548,0.0,0,0.0,0.24999996875000394,0.399999920000016,1
35,0.0,0,0,2,673.8666666666667,2021.6,3,2,2,0.25,0.6666664444445185,0.0009893153932581543,0.6666664444445185,0,0.0,0.24999996875000394,0.399999920000016,1
44,0.0,0,1,2,652.53,1305.06,2,3,2,0.2222222222222222,0.99999950000025,0.0015324965890208138,1.499999250000375,0,0.0,0.22222219753086697,0.599999880000024,1
51,0.0,1,0,2,3112.526666666666,9337.579999999998,3,1,3,0.375,0.9999996666667778,0.0003212823879076504,0.6666664444445185,1,0.24999993750001562,0.12499998437500197,0.24999993750001562,5
70,0.0,0,0,1,32.0,64.0,3,4,3,0.3333333333333333,0.9999996666667778,0.04687499926757814,0.0,2,0.285714244897965,0.22222219753086697,0.57142848979593,7
47,0.0,0,1,4,397.775,1591.1,4,3,2,0.25,0.49999987500003124,0.0012569920173106707,0.9999997500000625,0,0.0,0.3749999531250059,0.4285713673469475,4
77,0.0,0,0,0,0.0,0.0,0,1,3,0.3333333333333333,3000000.0,3000000.0,0.0,0,0.0,0.0,0.9999990000010001,6
50,0.0,1,0,3,447.34999999999997,1789.3999999999999,4,5,2,0.25,0.49999987500003124,0.0011176930808552068,0.24999993750001562,1,0.11111109876543349,0.4999999375000079,0.5555554938271674,7
19,0.0,0,0,2,276.69,830.0699999999999,3,2,1,0.125,0.33333322222225925,0.0012047176729616568,0.33333322222225925,1,0.199999960000008,0.24999996875000394,0.399999920000016,7
48,0.0,1,0,4,724.1474999999999,2896.5899999999997,4,4,0,0.0,0.0,0.0,1.7499995625001092,0,0.0,0.4999999375000079,0.4999999375000079,4
57,0.0,1,1,2,444.91999999999996,889.8399999999999,2,2,0,0.0,0.0,0.0,0.0,0,0.0,0.24999996875000394,0.49999987500003124,2
40,0.0,0,0,2,362.7,1088.1,3,2,1,0.125,0.33333322222225925,0.0009190331762530713,0.0,0,0.0,0.24999996875000394,0.399999920000016,2
19,0.0,0,0,1,723.76,1447.52,2,2,1,0.125,0.499999750000125,0.0006908367409840025,0.0,1,0.24999993750001562,0.24999996875000394,0.49999987500003124,7
26,0.0,0,0,1,545.1,545.1,1,3,2,0.25,1.9999980000020001,0.0036690515434433103,0.9999990000010001,0,0.0,0.12499998437500197,0.7499998125000469,1
43,0.0,1,0,4,288.8225,1155.29,4,4,2,0.25,0.49999987500003124,0.0017311670647792614,0.7499998125000469,0,0.0,0.4999999375000079,0.4999999375000079,4
31,0.0,0,1,4,351.4275,1405.71,4,3,1,0.125,0.24999993750001562,0.0007113842821695909,0.7499998125000469,0,0.0,0.3749999531250059,0.4285713673469475,4
66,0.0,1,1,1,394.67,394.67,1,3,3,0.375,2.9999970000030003,0.007601287132031096,0.0,0,0.0,0.12499998437500197,0.7499998125000469,1
49,0.0,1,0,2,619.425,1238.85,2,1,1,0.1111111111111111,0.499999750000125,0.0008072002253644911,0.99999950000025,0,0.0,0.11111109876543349,0.33333322222225925,2
47,0.0,1,0,3,1434.7775,5739.11,4,4,1,0.125,0.24999993750001562,0.00017424304462290442,0.49999987500003124,1,0.12499998437500197,0.4999999375000079,0.4999999375000079,7
19,0.0,0,0,2,334.95000000000005,669.9000000000001,2,2,1,0.1,0.499999750000125,0.0014927601112214356,0.99999950000025,0,0.0,0.19999998000000202,0.49999987500003124,2
60,0.0,1,0,0,0.0,0.0,0,0,1,0.1111111111111111,1000000.0,1000000.0,0.0,0,0.0,0.0,0.0,0
49,0.0,1,0,2,491.13,982.26,2,2,4,0.5,1.9999990000005,0.00407224156122387,0.499999750000125,0,0.0,0.24999996875000394,0.49999987500003124,1
40,0.0,1,0,2,263.365,526.73,2,2,1,0.125,0.499999750000125,0.0018985058722713612,0.499999750000125,0,0.0,0.24999996875000394,0.49999987500003124,2
51,1.0,1,0,3,303.71999999999997,911.16,3,3,0,0.0,0.0,0.0,0.0,0,0.0,0.3749999531250059,0.49999991666668053,4
49,0.0,1,0,3,2367.615,9470.46,4,5,1,0.1111111111111111,0.24999993750001562,0.00010559149184880234,0.7499998125000469,1,0.11111109876543349,0.44444439506173394,0.5555554938271674,7
37,0.0,0,0,3,372.365,1489.46,4,4,2,0.25,0.49999987500003124,0.0013427685192333003,0.7499998125000469,0,0.0,0.4999999375000079,0.4999999375000079,4
76,0.0,1,0,0,0.0,0.0,0,1,0,0.0,0.0,0.0,0.0,0,0.0,0.0,0.9999990000010001,2
19,0.0,0,0,2,1123.375,2246.75,2,2,1,0.125,0.499999750000125,0.00044508734819401923,0.0,0,0.0,0.12499998437500197,0.49999987500003124,2
61,0.0,0,0,3,366.79333333333335,1100.38,3,2,2,0.25,0.6666664444445185,0.0018175539342612968,0.6666664444445185,0,0.0,0.24999996875000394,0.399999920000016,1
50,0.0,1,1,3,571.72,1715.16,3,3,2,0.25,0.6666664444445185,0.001166071969282124,0.33333322222225925,0,0.0,0.3749999531250059,0.49999991666668053,1
46,1.0,1,0,4,544.54,2178.16,4,4,3,0.3,0.7499998125000469,0.0013773092879415154,0.49999987500003124,0,0.0,0.39999996000000404,0.4999999375000079,4
51,1.0,0,0,3,548.458,2742.29,5,5,0,0.0,0.0,0.0,1.399999720000056,0,0.0,0.6249999218750099,0.499999950000005,4
34,0.0,1,0,3,375.83,1127.49,3,3,3,0.375,0.9999996666667778,0.0026607774768195036,0.0,0,0.0,0.3749999531250059,0.49999991666668053,1
41,0.0,0,1,3,801.7433333333333,2405.23,3,3,2,0.25,0.6666664444445185,0.0008315213094666534,0.6666664444445185,0,0.0,0.3749999531250059,0.49999991666668053,1
52,1.0,1,1,4,354.0,1416.0,4,4,1,0.125,0.24999993750001562,0.0007062146887667974,0.7499998125000469,0,0.0,0.4999999375000079,0.4999999375000079,4
41,0.0,1,1,3,646.1066666666667,1938.32,3,4,2,0.25,0.6666664444445185,0.0010318213705519102,1.333332888889037,0,0.0,0.3749999531250059,0.57142848979593,4
58,0.0,1,0,2,313.58500000000004,627.1700000000001,2,2,2,0.2222222222222222,0.99999950000025,0.0031889280367541047,0.99999950000025,0,0.0,0.22222219753086697,0.49999987500003124,1
37,0.0,0,1,0,0.0,0.0,0,1,1,0.125,1000000.0,1000000.0,0.0,0,0.0,0.0,0.9999990000010001,6
45,0.0,1,1,1,159.41,159.41,1,1,2,0.2,1.9999980000020001,0.012546264271085477,0.0,0,0.0,0.09999999000000101,0.499999750000125,1
41,0.0,0,0,2,336.41,672.82,2,2,3,0.3333333333333333,1.499999250000375,0.004458844855297338,0.0,0,0.0,0.22222219753086697,0.49999987500003124,1
26,0.0,0,0,3,368.3766666666666,1105.1299999999999,3,2,0,0.0,0.0,0.0,0.6666664444445185,0,0.0,0.24999996875000394,0.399999920000016,2
56,0.0,1,1,2,83.88,167.76,2,2,1,0.125,0.499999750000125,0.005960896483304146,0.499999750000125,0,0.0,0.24999996875000394,0.49999987500003124,2
47,0.0,0,1,2,377.33666666666664,1132.01,3,3,0,0.0,0.0,0.0,0.33333322222225925,0,0.0,0.3749999531250059,0.49999991666668053,2
46,0.0,1,1,2,59.245,118.49,2,1,2,0.25,0.99999950000025,0.0168790613817279,0.99999950000025,0,0.0,0.12499998437500197,0.33333322222225925,1
45,0.0,1,0,1,673.16,673.16,1,1,2,0.25,1.9999980000020001,0.0029710618530942694,0.0,0,0.0,0.12499998437500197,0.499999750000125,1
45,0.0,1,1,2,491.78499999999997,983.5699999999999,2,3,2,0.2222222222222222,0.99999950000025,0.0020334089062970517,0.499999750000125,0,0.0,0.22222219753086697,0.599999880000024,1
46,0.0,1,0,2,376.66499999999996,753.3299999999999,2,1,2,0.25,0.99999950000025,0.0026548790003652067,0.499999750000125,0,0.0,0.12499998437500197,0.33333322222225925,1
40,0.0,1,1,3,331.45,994.35,3,2,1,0.1111111111111111,0.33333322222225925,0.0010056821028755648,0.0,0,0.0,0.22222219753086697,0.399999920000016,2
40,0.0,0,0,5,510.73199999999997,2553.66,5,4,2,0.2222222222222222,0.399999920000016,0.0007831896177317304,0.0,0,0.0,0.44444439506173394,0.44444439506173394,4
35,0.0,1,0,1,3411.73,6823.46,2,2,2,0.25,0.99999950000025,0.0002931064298327965,0.99999950000025,1,0.24999993750001562,0.24999996875000394,0.49999987500003124,7
60,0.0,0,1,0,0.0,0.0,0,0,0,0.0,0.0,0.0,0.0,0,0.0,0.0,0.0,0
19,0.0,0,1,0,0.0,0.0,0,0,1,0.125,1000000.0,1000000.0,0.0,0,0.0,0.0,0.0,0
46,0.0,0,0,4,365.35,1461.4,4,4,1,0.1111111111111111,0.24999993750001562,0.0006842753519335737,0.7499998125000469,0,0.0,0.44444439506173394,0.4999999375000079,4
45,0.0,1,1,3,286.49,859.47,3,3,2,0.2222222222222222,0.6666664444445185,0.0023270154835805606,0.33333322222225925,0,0.0,0.33333329629630043,0.49999991666668053,1
48,1.0,0,0,2,415.815,831.63,2,3,2,0.25,0.99999950000025,0.002404915644691851,0.99999950000025,0,0.0,0.24999996875000394,0.599999880000024,1
64,0.0,1,0,3,471.93666666666667,1415.81,3,3,2,0.25,0.6666664444445185,0.0014126189238579901,0.33333322222225925,0,0.0,0.3749999531250059,0.49999991666668053,1
38,0.0,1,0,3,227.57,910.28,4,3,1,0.1111111111111111,0.24999993750001562,0.0010985630782851836,0.7499998125000469,1,0.1428571224489825,0.33333329629630043,0.4285713673469475,7
41,0.0,0,1,2,282.35,564.7,2,1,4,0.5,1.9999990000005,0.0070834071062804895,0.499999750000125,0,0.0,0.0,0.33333322222225925,1
44,1.0,1,0,3,607.85,1823.5500000000002,3,5,0,0.0,0.0,0.0,0.33333322222225925,0,0.0,0.3749999531250059,0.6249999218750099,4
53,0.0,1,1,0,0.0,0.0,0,1,0,0.0,0.0,0.0,0.0,0,0.0,0.0,0.9999990000010001,2
52,1.0,1,1,3,251.45000000000002,754.35,3,3,3,0.375,0.9999996666667778,0.003976933778780494,0.33333322222225925,0,0.0,0.24999996875000394,0.49999991666668053,1
45,0.0,0,1,3,254.9366666666667,764.8100000000001,3,2,0,0.0,0.0,0.0,0.9999996666667778,0,0.0,0.24999996875000394,0.399999920000016,2
36,0.0,1,1,2,283.39,566.78,2,3,1,0.125,0.499999750000125,0.0017643530086376496,0.499999750000125,0,0.0,0.12499998437500197,0.599999880000024,2
54,0.0,1,0,3,290.8633333333333,872.5899999999999,3,2,2,0.25,0.6666664444445185,0.0022920271808157017,0.9999996666667778,0,0.0,0.24999996875000394,0.399999920000016,1
45,1.0,0,0,1,372.54,372.54,1,1,1,0.125,0.9999990000010001,0.0026842755068334258,0.9999990000010001,0,0.0,0.12499998437500197,0.499999750000125,2
65,0.0,1,1,1,544.33,544.33,1,2,2,0.25,1.9999980000020001,0.0036742417216132825,0.0,0,0.0,0.12499998437500197,0.6666664444445185,1
60,0.0,1,0,2,510.90000000000003,1021.8000000000001,2,2,2,0.25,0.99999950000025,0.00195733019968944,0.499999750000125,0,0.0,0.24999996875000394,0.49999987500003124,1
44,0.0,1,1,3,240.2125,960.85,4,4,2,0.25,0.49999987500003124,0.002081490344922214,0.49999987500003124,0,0.0,0.4999999375000079,0.4999999375000079,4
40,0.0,1,1,1,85.06,85.06,1,1,2,0.25,1.9999980000020001,0.0235128142074675,0.0,0,0.0,0.12499998437500197,0.499999750000125,1
59,1.0,0,0,1,505.98,505.98,1,1,3,0.375,2.9999970000030003,0.00592908809453123,0.9999990000010001,0,0.0,0.12499998437500197,0.499999750000125,1
51,0.0,0,0,1,78.18,78.18,1,1,1,0.125,0.9999990000010001,0.012790994975812292,0.0,0,0.0,0.12499998437500197,0.499999750000125,2
31,0.0,0,0,1,568.65,568.65,1,4,2,0.25,1.9999980000020001,0.0035171019018427822,0.0,0,0.0,0.12499998437500197,0.799999840000032,1
52,0.0,0,0,2,388.145,776.29,2,3,1,0.1111111111111111,0.499999750000125,0.0012881783852836204,0.0,0,0.0,0.22222219753086697,0.599999880000024,2
39,0.0,0,0,1,102.16,102.16,1,1,2,0.25,1.9999980000020001,0.019577133715963844,0.0,0,0.0,0.0,0.499999750000125,1
49,0.0,0,1,2,481.38999999999993,1444.1699999999998,3,3,1,0.125,0.33333322222225925,0.0006924392552868158,1.333332888889037,0,0.0,0.3749999531250059,0.49999991666668053,4
55,0.0,1,0,4,248.72500000000002,994.9000000000001,4,4,2,0.25,0.49999987500003124,0.0020102522846414186,0.7499998125000469,0,0.0,0.4999999375000079,0.4999999375000079,4
19,0.0,0,1,1,229.65,229.65,1,1,0,0.0,0.0,0.0,0.9999990000010001,0,0.0,0.12499998437500197,0.499999750000125,2
68,0.0,1,0,1,165.17,165.17,1,1,2,0.2222222222222222,1.9999980000020001,0.012108736380040345,0.9999990000010001,0,0.0,0.0,0.499999750000125,1
26,0.0,1,1,0,0.0,0.0,0,0,2,0.25,2000000.0,2000000.0,0.0,0,0.0,0.0,0.0,3
38,0.0,0,0,2,352.83500000000004,705.6700000000001,2,1,2,0.25,0.99999950000025,0.002834185946923936,0.499999750000125,0,0.0,0.12499998437500197,0.33333322222225925,1
19,0.0,0,0,0,0.0,0.0,0,0,2,0.25,2000000.0,2000000.0,0.0,0,0.0,0.0,0.0,3
31,0.0,0,0,1,314.62,314.62,1,2,1,0.125,0.9999990000010001,0.003178437470032301,0.9999990000010001,0,0.0,0.12499998437500197,0.6666664444445185,2
44,0.0,0,1,4,950.4775,3801.91,4,3,0,0.0,0.0,0.0,0.49999987500003124,0,0.0,0.3749999531250059,0.4285713673469475,4
43,0.0,0,0,3,330.03000000000003,990.09,3,3,4,0.5,1.333332888889037,0.004040036760254081,0.33333322222225925,0,0.0,0.3749999531250059,0.49999991666668053,1
32,0.0,0,0,1,344.53,344.53,1,1,2,0.2222222222222222,1.9999980000020001,0.005805009706542219,0.0,0,0.0,0.11111109876543349,0.499999750000125,1
55,1.0,1,1,2,1623.61,3247.22,2,2,2,0.25,0.99999950000025,0.0006159114563793303,1.499999250000375,0,0.0,0.24999996875000394,0.49999987500003124,1
70,0.0,1,0,0,0.0,0.0,0,1,5,0.5555555555555556,5000000.0,5000000.0,0.0,0,0.0,0.0,0.9999990000010001,3
23,0.0,0,0,1,60.95,121.9,2,2,3,0.375,1.499999250000375,0.02461033613937378,0.99999950000025,1,0.24999993750001562,0.24999996875000394,0.49999987500003124,7
57,0.0,1,1,3,427.6575,1710.63,4,4,1,0.125,0.24999993750001562,0.0005845799497351385,0.7499998125000469,1,0.12499998437500197,0.3749999531250059,0.4999999375000079,7
42,0.0,0,0,3,312.0833333333333,936.25,3,3,1,0.1111111111111111,0.33333322222225925,0.001068090786576138,0.9999996666667778,0,0.0,0.33333329629630043,0.49999991666668053,4
49,0.0,1,1,0,0.0,0.0,0,1,0,0.0,0.0,0.0,0.0,0,0.0,0.0,0.9999990000010001,2
48,0.0,0,0,5,583.0749999999999,3498.45,6,6,0,0.0,0.0,0.0,0.16666663888889352,0,0.0,0.7499999062500118,0.4999999583333368,4
48,0.0,1,0,3,194.5566666666667,583.6700000000001,3,3,1,0.1111111111111111,0.33333322222225925,0.0017132968942839327,0.9999996666667778,0,0.0,0.33333329629630043,0.49999991666668053,4
41,0.0,0,0,4,354.235,1416.94,4,4,2,0.25,0.49999987500003124,0.0014114923698875799,0.24999993750001562,0,0.0,0.4999999375000079,0.4999999375000079,4
53,0.0,1,0,3,1226.9475,4907.79,4,2,0,0.0,0.0,0.0,0.7499998125000469,0,0.0,0.22222219753086697,0.33333327777778704,4
39,0.0,1,0,5,483.12,2415.6,5,4,1,0.125,0.199999960000008,0.00041397582364051345,0.799999840000032,0,0.0,0.4999999375000079,0.44444439506173394,4
21,0.0,0,0,0,0.0,0.0,0,0,5,0.625,5000000.0,5000000.0,0.0,0,0.0,0.0,0.0,3
52,0.0,1,1,2,402.825,805.65,2,2,1,0.1111111111111111,0.499999750000125,0.0012412337848430042,0.499999750000125,0,0.0,0.22222219753086697,0.49999987500003124,2
58,0.0,1,1,1,728.52,728.52,1,1,1,0.1111111111111111,0.9999990000010001,0.0013726459103763165,0.0,0,0.0,0.11111109876543349,0.499999750000125,2
35,0.0,0,0,3,167.61,502.83000000000004,3,3,1,0.125,0.33333322222225925,0.0019887437066429137,0.6666664444445185,0,0.0,0.3749999531250059,0.49999991666668053,4
38,0.0,0,0,4,425.45500000000004,1701.8200000000002,4,4,0,0.0,0.0,0.0,0.24999993750001562,0,0.0,0.4999999375000079,0.4999999375000079,4
43,0.0,0,0,1,417.71,417.71,1,3,0,0.0,0.0,0.0,0.9999990000010001,0,0.0,0.12499998437500197,0.7499998125000469,2
56,0.0,1,0,3,278.545,1114.18,4,4,3,0.375,0.7499998125000469,0.0026925631381890147,0.0,1,0.12499998437500197,0.4999999375000079,0.4999999375000079,7
46,0.0,0,0,4,256.67833333333334,1540.07,6,6,3,0.375,0.49999991666668053,0.0019479634029959914,0.6666665555555741,0,0.0,0.7499999062500118,0.4999999583333368,4
52,0.0,1,0,1,503.9,503.9,1,1,2,0.25,1.9999980000020001,0.003969041468606784,0.9999990000010001,0,0.0,0.12499998437500197,0.499999750000125,1
19,0.0,0,0,1,615.08,615.08,1,1,1,0.125,0.9999990000010001,0.0016258047707195732,0.9999990000010001,0,0.0,0.12499998437500197,0.499999750000125,2
52,0.0,0,0,2,322.995,645.99,2,2,2,0.25,0.99999950000025,0.003096023153460544,0.99999950000025,0,0.0,0.24999996875000394,0.49999987500003124,1
51,0.0,1,0,2,607.1800000000001,1214.3600000000001,2,4,4,0.4,1.9999990000005,0.0032939161341826832,0.499999750000125,0,0.0,0.19999998000000202,0.6666665555555741,1
57,0.0,1,0,3,343.28999999999996,1029.87,3,2,2,0.25,0.6666664444445185,0.0019419926768019335,0.9999996666667778,0,0.0,0.24999996875000394,0.399999920000016,1
48,0.0,1,1,4,643.8866666666667,3863.3199999999997,6,5,2,0.25,0.33333327777778704,0.0005176894483196605,0.6666665555555741,1,0.09090908264462885,0.6249999218750099,0.4545454132231443,7
31,0.0,0,0,2,149.405,298.81,2,3,2,0.25,0.99999950000025,0.006693216402753535,0.499999750000125,0,0.0,0.24999996875000394,0.599999880000024,1
43,1.0,0,0,2,705.675,1411.35,2,2,1,0.125,0.499999750000125,0.0007085414668873479,0.99999950000025,0,0.0,0.24999996875000394,0.49999987500003124,2
34,0.0,0,0,2,76.69500000000001,153.39000000000001,2,1,2,0.25,0.99999950000025,0.013038659540787145,0.0,0,0.0,0.12499998437500197,0.33333322222225925,1
44,0.0,0,0,5,562.932,2814.66,5,5,0,0.0,0.0,0.0,0.399999920000016,0,0.0,0.4999999375000079,0.499999950000005,4
51,0.0,1,1,2,298.45,596.9,2,2,1,0.125,0.499999750000125,0.001675322496774464,1.499999250000375,0,0.0,0.24999996875000394,0.49999987500003124,2
44,0.0,0,1,2,1533.6500000000003,4600.950000000001,3,3,1,0.1111111111111111,0.33333322222225925,0.00021734641754043258,0.0,0,0.0,0.33333329629630043,0.49999991666668053,4
57,0.0,1,1,0,0.0,0.0,0,1,0,0.0,0.0,0.0,0.0,0,0.0,0.0,0.9999990000010001,2
59,1.0,1,0,2,595.92,1191.84,2,3,0,0.0,0.0,0.0,0.0,0,0.0,0.24999996875000394,0.599999880000024,2
67,0.0,0,0,0,0.0,0.0,0,0,1,0.125,1000000.0,1000000.0,0.0,0,0.0,0.0,0.0,0
47,0.0,1,0,3,438.80999999999995,1316.4299999999998,3,2,3,0.375,0.9999996666667778,0.0022788906343072625,0.9999996666667778,0,0.0,0.24999996875000394,0.399999920000016,1
49,0.0,1,1,1,322.31,322.31,1,3,1,0.125,0.9999990000010001,0.0031026030743613194,0.0,0,0.0,0.12499998437500197,0.7499998125000469,2
46,0.0,0,0,4,329.31,1317.24,4,4,1,0.125,0.24999993750001562,0.0007591630980237745,0.9999997500000625,0,0.0,0.4999999375000079,0.4999999375000079,4
43,0.0,0,0,5,538.326,2691.63,5,4,1,0.1111111111111111,0.199999960000008,0.0003715220887077637,0.399999920000016,0,0.0,0.44444439506173394,0.44444439506173394,4
46,0.0,1,0,4,1135.355,4541.42,4,5,3,0.375,0.7499998125000469,0.0006605863362867591,0.49999987500003124,0,0.0,0.4999999375000079,0.5555554938271674,4
28,0.0,0,0,0,0.0,0.0,0,0,2,0.25,2000000.0,2000000.0,0.0,0,0.0,0.0,0.0,3
42,0.0,1,1,2,98.41666666666667,295.25,3,3,2,0.25,0.6666664444445185,0.006773920383492226,0.33333322222225925,0,0.0,0.3749999531250059,0.49999991666668053,1
43,0.0,1,0,1,519.37,519.37,1,2,2,0.2,1.9999980000020001,0.003850819254383543,2.9999970000030003,0,0.0,0.09999999000000101,0.6666664444445185,1
68,0.0,1,0,0,0.0,0.0,0,0,3,0.375,3000000.0,3000000.0,0.0,0,0.0,0.0,0.0,3
43,0.0,1,0,1,422.16,422.16,1,1,1,0.1111111111111111,0.9999990000010001,0.0023687701289350715,0.0,0,0.0,0.11111109876543349,0.499999750000125,2
55,0.0,0,0,1,323.14,323.14,1,0,1,0.125,0.9999990000010001,0.003094633895232302,0.0,0,0.0,0.0,0.0,0
40,0.0,1,0,5,351.108,1755.54,5,6,3,0.375,0.599999880000024,0.001708875900458619,0.599999880000024,0,0.0,0.6249999218750099,0.5454544958677732,4
53,0.0,0,0,2,348.86,697.72,2,1,1,0.125,0.499999750000125,0.0014332396929524168,0.0,0,0.0,0.12499998437500197,0.33333322222225925,2
19,0.0,0,0,0,0.0,0.0,0,1,1,0.125,1000000.0,1000000.0,0.0,0,0.0,0.0,0.9999990000010001,6
42,0.0,0,0,3,2678.3650000000002,10713.460000000001,4,4,4,0.4444444444444444,0.9999997500000625,0.0003733621070715378,0.9999997500000625,1,0.12499998437500197,0.44444439506173394,0.4999999375000079,7
33,0.0,0,0,3,299.6933333333333,899.0799999999999,3,3,2,0.25,0.6666664444445185,0.0022244961491474664,0.33333322222225925,0,0.0,0.3749999531250059,0.49999991666668053,1
49,0.0,1,1,1,102.49,204.98,2,2,4,0.5,1.9999990000005,0.019514098841281597,0.99999950000025,1,0.24999993750001562,0.24999996875000394,0.49999987500003124,7
48,0.0,1,0,0,0.0,0.0,0,0,1,0.1111111111111111,1000000.0,1000000.0,0.0,0,0.0,0.0,0.0,0
54,0.0,1,0,3,519.6766666666666,1559.03,3,4,2,0.25,0.6666664444445185,0.0012828489501274195,0.9999996666667778,0,0.0,0.3749999531250059,0.57142848979593,4
38,0.0,1,1,4,1659.964,8299.82,5,4,1,0.125,0.199999960000008,0.00012048454061407542,0.599999880000024,1,0.11111109876543349,0.4999999375000079,0.44444439506173394,7
44,0.0,1,0,4,305.66499999999996,1222.6599999999999,4,3,0,0.0,0.0,0.0,0.24999993750001562,0,0.0,0.3749999531250059,0.4285713673469475,4
40,0.0,1,0,2,473.02,946.04,2,1,4,0.5,1.9999990000005,0.004228151025085461,0.99999950000025,0,0.0,0.12499998437500197,0.33333322222225925,1
46,0.0,1,0,5,758.8860000000001,3794.4300000000003,5,5,5,0.625,0.99999980000004,0.0013177209748716616,0.399999920000016,0,0.0,0.6249999218750099,0.499999950000005,1
39,0.0,1,1,4,438.125,1752.5,4,4,0,0.0,0.0,0.0,1.249999687500078,0,0.0,0.44444439506173394,0.4999999375000079,4
55,1.0,1,0,2,541.76,1083.52,2,1,0,0.0,0.0,0.0,0.499999750000125,0,0.0,0.12499998437500197,0.33333322222225925,2
50,0.0,0,0,3,241.27333333333334,723.82,3,2,2,0.2222222222222222,0.6666664444445185,0.0027631178984234782,0.6666664444445185,0,0.0,0.22222219753086697,0.399999920000016,1
55,0.0,0,0,3,425.5366666666667,1276.6100000000001,3,3,0,0.0,0.0,0.0,0.9999996666667778,0,0.0,0.3749999531250059,0.49999991666668053,4
19,0.0,0,0,1,246.33,246.33,1,1,2,0.25,1.9999980000020001,0.008119189671906833,0.9999990000010001,0,0.0,0.12499998437500197,0.499999750000125,1
30,0.0,1,1,1,495.75,495.75,1,2,0,0.0,0.0,0.0,0.9999990000010001,0,0.0,0.09999999000000101,0.6666664444445185,2
26,0.0,0,0,0,0.0,0.0,0,0,1,0.125,1000000.0,1000000.0,0.0,0,0.0,0.0,0.0,0
40,0.0,0,0,1,1212.38,1212.38,1,2,0,0.0,0.0,0.0,1.9999980000020001,0,0.0,0.12499998437500197,0.6666664444445185,2
19,0.0,0,1,1,4589.44,4589.44,1,2,1,0.125,0.9999990000010001,0.0002178915074131285,0.9999990000010001,0,0.0,0.12499998437500197,0.6666664444445185,2
54,0.0,1,1,4,291.4325,1165.73,4,4,2,0.25,0.49999987500003124,0.0017156631452260273,0.49999987500003124,0,0.0,0.4999999375000079,0.4999999375000079,4
44,0.0,1,0,2,278.82,557.64,2,2,2,0.25,0.99999950000025,0.003586543283145859,0.499999750000125,0,0.0,0.12499998437500197,0.49999987500003124,1
37,0.0,0,0,5,351.1466666666667,2106.88,6,6,1,0.125,0.16666663888889352,0.0004746354797261185,0.6666665555555741,1,0.08333332638888948,0.7499999062500118,0.4999999583333368,7
55,0.0,1,1,4,301.48249999999996,1205.9299999999998,4,4,1,0.125,0.24999993750001562,0.0008292355270793201,0.9999997500000625,0,0.0,0.4999999375000079,0.4999999375000079,4
40,0.0,0,0,1,326.74,326.74,1,2,1,0.125,0.9999990000010001,0.003060537421005884,0.9999990000010001,0,0.0,0.12499998437500197,0.6666664444445185,2
69,0.0,0,0,0,0.0,0.0,0,0,2,0.25,2000000.0,2000000.0,0.0,0,0.0,0.0,0.0,3
27,1.0,0,0,3,596.3833333333333,1789.15,3,4,0,0.0,0.0,0.0,0.9999996666667778,0,0.0,0.33333329629630043,0.57142848979593,4
79,0.0,1,0,0,0.0,0.0,0,0,0,0.0,0.0,0.0,0.0,0,0.0,0.0,0.0,0
61,0.0,1,1,2,536.905,1073.81,2,2,1,0.125,0.499999750000125,0.0009312634442487372,2.99999850000075,0,0.0,0.12499998437500197,0.49999987500003124,2
46,0.0,0,0,4,564.4725000000001,2257.8900000000003,4,3,2,0.25,0.49999987500003124,0.0008857827436740572,0.49999987500003124,0,0.0,0.3749999531250059,0.4285713673469475,4
49,0.0,0,1,0,0.0,0.0,0,0,1,0.125,1000000.0,1000000.0,0.0,0,0.0,0.0,0.0,0
39,0.0,0,0,1,137.14,137.14,1,2,1,0.125,0.9999990000010001,0.007291818526383124,0.9999990000010001,0,0.0,0.12499998437500197,0.6666664444445185,2
43,0.0,0,1,2,361.33000000000004,722.6600000000001,2,2,1,0.125,0.499999750000125,0.0013837766011903568,0.0,0,0.0,0.24999996875000394,0.49999987500003124,2
34,0.0,0,0,0,0.0,0.0,0,0,1,0.125,1000000.0,1000000.0,0.0,0,0.0,0.0,0.0,0
44,1.0,1,1,2,527.47,1054.94,2,2,1,0.125,0.499999750000125,0.0009479212078905707,1.9999990000005,0,0.0,0.24999996875000394,0.49999987500003124,2
41,0.0,0,0,4,237.86,951.44,4,3,0,0.0,0.0,0.0,0.0,0,0.0,0.3749999531250059,0.4285713673469475,4
43,0.0,1,0,2,392.895,785.79,2,1,2,0.25,0.99999950000025,0.002545209276593989,0.499999750000125,0,0.0,0.12499998437500197,0.33333322222225925,1
50,0.0,0,1,4,258.6925,1034.77,4,3,0,0.0,0.0,0.0,0.7499998125000469,0,0.0,0.3749999531250059,0.4285713673469475,4
40,0.0,0,0,2,440.3933333333334,1321.18,3,3,2,0.25,0.6666664444445185,0.0015137982700965814,0.33333322222225925,0,0.0,0.24999996875000394,0.49999991666668053,1
62,0.0,1,0,0,0.0,0.0,0,2,2,0.25,2000000.0,2000000.0,0.0,0,0.0,0.0,0.99999950000025,6
54,0.0,0,1,3,377.3566666666666,1132.07,3,4,1,0.125,0.33333322222225925,0.0008833376020181282,0.6666664444445185,0,0.0,0.3749999531250059,0.57142848979593,4
41,1.0,0,0,2,483.7733333333333,1451.32,3,2,1,0.125,0.33333322222225925,0.0006890279189365351,0.33333322222225925,0,0.0,0.24999996875000394,0.399999920000016,2
62,0.0,1,0,2,201.91500000000002,403.83000000000004,2,3,2,0.2857142857142857,0.99999950000025,0.004952579043279154,0.0,0,0.0,0.285714244897965,0.599999880000024,1
47,0.0,0,0,1,1411.68,1411.68,1,1,3,0.375,2.9999970000030003,0.00212512750614507,0.0,0,0.0,0.12499998437500197,0.499999750000125,1
22,0.0,0,0,1,370.185,740.37,2,3,2,0.25,0.99999950000025,0.0027013520230407067,0.0,0,0.0,0.24999996875000394,0.599999880000024,1
19,0.0,0,0,1,380.04,380.04,1,1,0,0.0,0.0,0.0,0.0,0,0.0,0.12499998437500197,0.499999750000125,2
43,0.0,1,1,2,696.91,1393.82,2,0,0,0.0,0.0,0.0,0.99999950000025,0,0.0,0.0,0.0,0
42,0.0,0,0,3,445.0933333333333,1335.28,3,2,0,0.0,0.0,0.0,0.9999996666667778,0,0.0,0.22222219753086697,0.399999920000016,2
50,0.0,1,0,3,524.2466666666668,1572.7400000000002,3,3,0,0.0,0.0,0.0,0.0,0,0.0,0.3749999531250059,0.49999991666668053,4
46,0.0,1,0,1,722.26,722.26,1,2,0,0.0,0.0,0.0,0.0,0,0.0,0.12499998437500197,0.6666664444445185,2
41,0.0,1,0,3,281.0725,1124.29,4,4,2,0.25,0.49999987500003124,0.0017789004600424262,0.7499998125000469,1,0.12499998437500197,0.3749999531250059,0.4999999375000079,7
41,0.0,0,0,2,390.82,781.64,2,3,0,0.0,0.0,0.0,0.499999750000125,0,0.0,0.24999996875000394,0.599999880000024,2
49,0.0,1,1,1,677.81,677.81,1,1,1,0.125,0.9999990000010001,0.0014753396947885993,0.9999990000010001,0,0.0,0.12499998437500197,0.499999750000125,2
36,0.0,0,0,3,236.796,1183.98,5,5,4,0.4444444444444444,0.799999840000032,0.003378435443691248,0.799999840000032,2,0.19999998000000202,0.5555554938271674,0.499999950000005,7
28,0.0,0,0,1,515.23,515.23,1,1,2,0.25,1.9999980000020001,0.003881761535854353,0.9999990000010001,0,0.0,0.12499998437500197,0.499999750000125,1
43,1.0,0,0,6,246.4675,1971.74,8,8,2,0.2222222222222222,0.24999996875000394,0.0010143325179717748,0.6249999218750099,1,0.06249999609375024,0.8888887901234679,0.4999999687500019,4
45,1.0,1,1,2,353.36,706.72,2,2,0,0.0,0.0,0.0,0.499999750000125,0,0.0,0.24999996875000394,0.49999987500003124,2
50,0.0,1,0,3,394.9766666666667,1184.93,3,3,3,0.375,0.9999996666667778,0.0025317951250016495,0.0,0,0.0,0.3749999531250059,0.49999991666668053,1
43,1.0,0,1,5,441.04799999999994,2205.24,5,3,0,0.0,0.0,0.0,0.599999880000024,0,0.0,0.3749999531250059,0.3749999531250059,4
24,0.0,0,0,0,0.0,0.0,0,2,1,0.125,1000000.0,1000000.0,0.0,0,0.0,0.0,0.99999950000025,6
45,1.0,1,1,2,501.395,1002.79,2,2,4,0.5,1.9999990000005,0.003988871045793365,0.499999750000125,0,0.0,0.24999996875000394,0.49999987500003124,1
46,0.0,0,0,5,278.848,1394.24,5,5,1,0.125,0.199999960000008,0.0007172366301947752,0.199999960000008,0,0.0,0.6249999218750099,0.499999950000005,4
40,0.0,1,0,3,266.24,1064.96,4,4,2,0.25,0.49999987500003124,0.0018780048059288564,0.49999987500003124,0,0.0,0.4999999375000079,0.4999999375000079,4
33,0.0,0,0,2,1096.365,2192.73,2,2,0,0.0,0.0,0.0,0.499999750000125,0,0.0,0.24999996875000394,0.49999987500003124,2
43,0.0,1,1,3,290.55,871.65,3,2,2,0.25,0.6666664444445185,0.0022944989361618783,1.333332888889037,0,0.0,0.24999996875000394,0.399999920000016,1
37,0.0,0,0,2,676.0,1352.0,2,2,2,0.25,0.99999950000025,0.0014792899397342528,0.499999750000125,0,0.0,0.24999996875000394,0.49999987500003124,1
49,0.0,1,1,1,356.35,356.35,1,1,0,0.0,0.0,0.0,0.9999990000010001,0,0.0,0.12499998437500197,0.499999750000125,2
57,1.0,0,0,4,261.09833333333336,1566.5900000000001,6,6,2,0.25,0.33333327777778704,0.0012766582186298531,0.8333331944444675,1,0.08333332638888948,0.7499999062500118,0.4999999583333368,7
28,0.0,0,1,0,0.0,0.0,0,1,1,0.125,1000000.0,1000000.0,0.0,0,0.0,0.0,0.9999990000010001,6
48,0.0,1,0,2,320.83,641.66,2,2,2,0.2222222222222222,0.99999950000025,0.0031169154955632025,0.0,0,0.0,0.22222219753086697,0.49999987500003124,1
44,0.0,0,0,3,444.5933333333333,1333.78,3,4,0,0.0,0.0,0.0,0.6666664444445185,0,0.0,0.33333329629630043,0.57142848979593,4
46,0.0,1,0,1,245.51,245.51,1,3,1,0.125,0.9999990000010001,0.004073153826430069,0.9999990000010001,0,0.0,0.12499998437500197,0.7499998125000469,2
30,0.0,0,1,1,398.58,797.16,2,2,2,0.25,0.99999950000025,0.0025089066153483534,0.499999750000125,0,0.0,0.24999996875000394,0.49999987500003124,1
40,0.0,0,0,3,436.04999999999995,1308.1499999999999,3,4,3,0.3333333333333333,0.9999996666667778,0.002293314985060341,0.33333322222225925,0,0.0,0.33333329629630043,0.57142848979593,1
36,0.0,1,0,2,395.735,791.47,2,3,4,0.4444444444444444,1.9999990000005,0.005053887064507957,0.499999750000125,0,0.0,0.22222219753086697,0.599999880000024,1
57,0.0,1,0,3,284.15000000000003,852.45,3,3,0,0.0,0.0,0.0,0.33333322222225925,0,0.0,0.3749999531250059,0.49999991666668053,4
46,0.0,0,0,3,551.79,1655.37,3,3,1,0.125,0.33333322222225925,0.0006040945525144864,0.33333322222225925,0,0.0,0.3749999531250059,0.49999991666668053,4
54,0.0,1,0,3,1337.3999999999999,4012.2,3,1,0,0.0,0.0,0.0,0.9999996666667778,0,0.0,0.12499998437500197,0.24999993750001562,2
19,0.0,0,0,0,0.0,0.0,0,0,0,0.0,0.0,0.0,0.0,0,0.0,0.0,0.0,0
42,0.0,1,1,4,386.7475,1546.99,4,4,1,0.125,0.24999993750001562,0.000646416589217502,0.7499998125000469,0,0.0,0.4999999375000079,0.4999999375000079,4
50,0.0,1,0,1,985.65,985.65,1,2,1,0.125,0.9999990000010001,0.0010145589194799787,0.9999990000010001,0,0.0,0.0,0.6666664444445185,2
45,0.0,0,0,1,692.99,692.99,1,1,2,0.25,1.9999980000020001,0.002886044527502497,0.0,0,0.0,0.12499998437500197,0.499999750000125,1
31,0.0,0,1,0,0.0,0.0,0,1,2,0.25,2000000.0,2000000.0,0.0,0,0.0,0.0,0.9999990000010001,6
43,0.0,0,0,2,510.175,1020.35,3,5,4,0.5,1.333332888889037,0.003920223448894768,0.6666664444445185,1,0.12499998437500197,0.3749999531250059,0.6249999218750099,7
42,0.0,0,1,1,893.08,893.08,1,1,0,0.0,0.0,0.0,0.0,0,0.0,0.12499998437500197,0.499999750000125,2
44,0.0,0,1,3,325.57,976.71,3,3,3,0.375,0.9999996666667778,0.003071536072046425,0.6666664444445185,0,0.0,0.3749999531250059,0.49999991666668053,1
48,0.0,1,0,5,185.85399999999998,929.27,5,5,1,0.125,0.199999960000008,0.0010761135072948514,0.599999880000024,0,0.0,0.6249999218750099,0.499999950000005,4
18,1.0,0,0,0,0.0,0.0,0,1,1,0.125,1000000.0,1000000.0,0.0,0,0.0,0.0,0.9999990000010001,6
35,0.0,1,1,4,620.5799999999999,2482.3199999999997,4,3,2,0.2,0.49999987500003124,0.0008056978951925225,0.24999993750001562,0,0.0,0.19999998000000202,0.4285713673469475,4
56,1.0,1,0,4,350.88,1403.52,4,3,1,0.125,0.24999993750001562,0.0007124942995379514,0.7499998125000469,0,0.0,0.3749999531250059,0.4285713673469475,4
51,0.0,1,0,3,673.1133333333333,2019.3400000000001,3,3,1,0.14285714285714285,0.33333322222225925,0.0004952113064193195,0.6666664444445185,0,0.0,0.4285713673469475,0.49999991666668053,4
48,0.0,1,0,3,368.1666666666667,1104.5,3,3,1,0.14285714285714285,0.33333322222225925,0.0009053870521454168,0.9999996666667778,0,0.0,0.4285713673469475,0.49999991666668053,4
30,0.0,1,0,0,0.0,0.0,0,0,3,0.375,3000000.0,3000000.0,0.0,0,0.0,0.0,0.0,3
40,1.0,0,1,2,562.64,1125.28,2,1,0,0.0,0.0,0.0,0.499999750000125,0,0.0,0.12499998437500197,0.33333322222225925,2
26,0.0,0,0,0,0.0,0.0,0,1,2,0.25,2000000.0,2000000.0,0.0,0,0.0,0.0,0.9999990000010001,6
51,0.0,1,1,1,499.4,499.4,1,1,1,0.125,0.9999990000010001,0.002002402879450535,0.0,0,0.0,0.12499998437500197,0.499999750000125,2
26,0.0,0,0,0,0.0,0.0,0,1,1,0.125,1000000.0,1000000.0,0.0,0,0.0,0.0,0.9999990000010001,6
42,1.0,0,1,5,648.7783333333333,3892.67,6,5,4,0.5,0.6666665555555741,0.0010275723344060576,0.6666665555555741,1,0.09090908264462885,0.6249999218750099,0.4545454132231443,7
21,0.0,0,0,1,263.255,526.51,2,2,0,0.0,0.0,0.0,0.499999750000125,0,0.0,0.24999996875000394,0.49999987500003124,2
32,0.0,0,0,4,493.942,2469.71,5,4,1,0.125,0.199999960000008,0.00040490583898315763,0.399999920000016,1,0.11111109876543349,0.4999999375000079,0.44444439506173394,7
36,0.0,0,1,2,529.9233333333333,1589.77,3,3,1,0.125,0.33333322222225925,0.0006290218077904214,0.0,0,0.0,0.3749999531250059,0.49999991666668053,2
55,1.0,0,0,2,232.275,464.55,2,2,3,0.3333333333333333,1.499999250000375,0.0064578624336285384,0.499999750000125,0,0.0,0.22222219753086697,0.49999987500003124,1
28,0.0,0,0,3,1027.7333333333333,3083.2,3,2,2,0.25,0.6666664444445185,0.0006486766993225621,0.0,0,0.0,0.24999996875000394,0.399999920000016,1
40,0.0,0,1,4,589.2975,2357.19,4,4,0,0.0,0.0,0.0,0.24999993750001562,0,0.0,0.4999999375000079,0.4999999375000079,4
33,0.0,0,0,2,274.265,548.53,2,3,2,0.25,0.99999950000025,0.0036461086838530097,0.99999950000025,0,0.0,0.24999996875000394,0.599999880000024,1
19,0.0,0,0,2,353.59,707.18,2,2,1,0.125,0.499999750000125,0.0014140671379082172,0.499999750000125,0,0.0,0.24999996875000394,0.49999987500003124,2
21,0.0,0,0,2,365.785,731.57,2,2,1,0.125,0.499999750000125,0.0013669231907173294,0.0,0,0.0,0.24999996875000394,0.49999987500003124,2
50,0.0,1,0,1,315.3,315.3,1,2,1,0.14285714285714285,0.9999990000010001,0.0031715826096683076,0.9999990000010001,0,0.0,0.1428571224489825,0.6666664444445185,2
61,1.0,1,0,1,489.69,489.69,1,1,1,0.125,0.9999990000010001,0.0020421082684104063,2.9999970000030003,0,0.0,0.12499998437500197,0.499999750000125,2
43,0.0,1,0,2,512.36,1024.72,2,1,3,0.375,1.499999250000375,0.0029276290079947405,0.499999750000125,0,0.0,0.12499998437500197,0.33333322222225925,1
33,0.0,0,0,1,561.2,561.2,1,1,0,0.0,0.0,0.0,0.0,0,0.0,0.12499998437500197,0.499999750000125,2
67,0.0,1,0,1,278.37,278.37,1,2,3,0.375,2.9999970000030003,0.010777023347426003,0.9999990000010001,0,0.0,0.12499998437500197,0.6666664444445185,1
66,0.0,1,1,2,911.685,1823.37,2,2,2,0.2222222222222222,0.99999950000025,0.0010968700806216676,0.499999750000125,0,0.0,0.11111109876543349,0.49999987500003124,1
61,0.0,1,1,2,303.275,606.55,2,2,1,0.125,0.499999750000125,0.0016486686973066218,0.0,0,0.0,0.24999996875000394,0.49999987500003124,2
65,0.0,1,1,1,534.77,534.77,1,2,0,0.0,0.0,0.0,0.0,0,0.0,0.12499998437500197,0.6666664444445185,2
56,0.0,0,0,2,622.85,1245.7,2,2,0,0.0,0.0,0.0,0.0,0,0.0,0.22222219753086697,0.49999987500003124,2
38,0.0,1,0,4,115.1825,460.73,4,5,0,0.0,0.0,0.0,0.7499998125000469,0,0.0,0.44444439506173394,0.5555554938271674,4
46,0.0,0,0,4,490.73,1962.92,4,4,4,0.5,0.9999997500000625,0.0020377804484962296,0.24999993750001562,0,0.0,0.3749999531250059,0.4999999375000079,1
39,0.0,1,0,3,598.885,2395.54,4,3,1,0.125,0.24999993750001562,0.0004174424136447555,0.9999997500000625,0,0.0,0.3749999531250059,0.4285713673469475,4
51,0.0,1,1,3,351.53999999999996,1054.62,3,3,1,0.125,0.33333322222225925,0.000948208832614393,0.9999996666667778,0,0.0,0.3749999531250059,0.49999991666668053,4
44,0.0,1,1,2,436.17499999999995,872.3499999999999,2,1,4,0.4444444444444444,1.9999990000005,0.004585315521768424,0.499999750000125,0,0.0,0.11111109876543349,0.33333322222225925,1
38,1.0,0,0,2,1211.96,2423.92,2,3,2,0.25,0.99999950000025,0.0008251097392549632,0.0,0,0.0,0.24999996875000394,0.599999880000024,1
22,0.0,0,1,1,71.42,71.42,1,2,3,0.3333333333333333,2.9999970000030003,0.04200504001673145,0.0,0,0.0,0.11111109876543349,0.6666664444445185,1
23,0.0,0,1,0,0.0,0.0,0,0,2,0.2222222222222222,2000000.0,2000000.0,0.0,0,0.0,0.0,0.0,3
19,0.0,0,1,0,0.0,0.0,0,1,1,0.125,1000000.0,1000000.0,0.0,0,0.0,0.0,0.9999990000010001,6
46,0.0,1,0,3,380.99666666666667,1142.99,4,5,2,0.2222222222222222,0.49999987500003124,0.0017497965846159662,0.49999987500003124,1,0.11111109876543349,0.44444439506173394,0.5555554938271674,7
50,0.0,1,0,4,499.68,1998.72,4,4,3,0.375,0.7499998125000469,0.0015009606140425067,0.24999993750001562,0,0.0,0.3749999531250059,0.4999999375000079,1
50,0.0,0,0,4,876.4780000000001,4382.39,5,3,2,0.25,0.399999920000016,0.00045637197956905425,0.599999880000024,0,0.0,0.3749999531250059,0.3749999531250059,4
41,0.0,1,1,2,1222.555,2445.11,2,3,0,0.0,0.0,0.0,0.499999750000125,0,0.0,0.24999996875000394,0.599999880000024,2
31,0.0,0,0,2,405.5,811.0,2,3,3,0.375,1.499999250000375,0.0036991368635029137,0.499999750000125,0,0.0,0.24999996875000394,0.599999880000024,1
31,1.0,0,0,2,208.33,416.66,2,3,2,0.25,0.99999950000025,0.004800076789708451,0.499999750000125,0,0.0,0.24999996875000394,0.599999880000024,1
42,0.0,0,0,3,280.67,842.01,3,3,2,0.25,0.6666664444445185,0.002375268699450994,0.0,0,0.0,0.24999996875000394,0.49999991666668053,1
80,0.0,1,0,1,2207.08,4414.16,2,1,2,0.2222222222222222,0.99999950000025,0.0004530873370124582,0.99999950000025,1,0.33333322222225925,0.11111109876543349,0.33333322222225925,7
30,0.0,0,0,3,325.91,1303.64,4,3,2,0.25,0.49999987500003124,0.0015341658728374658,0.7499998125000469,1,0.1428571224489825,0.3749999531250059,0.4285713673469475,7
34,0.0,0,0,3,910.9766666666666,2732.93,3,3,0,0.0,0.0,0.0,0.33333322222225925,0,0.0,0.3749999531250059,0.49999991666668053,4
45,1.0,0,1,2,154.64333333333332,463.92999999999995,3,3,4,0.5,1.333332888889037,0.008621990367896041,1.6666661111112961,1,0.16666663888889352,0.3749999531250059,0.49999991666668053,7
48,0.0,0,0,2,295.395,590.79,2,2,1,0.125,0.499999750000125,0.001692648823282979,0.499999750000125,0,0.0,0.24999996875000394,0.49999987500003124,2
58,0.0,1,1,0,0.0,0.0,0,1,1,0.125,1000000.0,1000000.0,0.0,0,0.0,0.0,0.9999990000010001,6
28,1.0,0,1,2,1313.525,2627.05,2,2,1,0.125,0.499999750000125,0.00038065510729500576,0.99999950000025,0,0.0,0.24999996875000394,0.49999987500003124,2
51,0.0,0,1,3,349.15333333333336,1047.46,3,3,1,0.125,0.33333322222225925,0.0009546903929938226,0.6666664444445185,0,0.0,0.3749999531250059,0.49999991666668053,4
40,0.0,1,0,5,586.304,2931.52,5,5,3,0.375,0.599999880000024,0.0010233598948588582,0.599999880000024,0,0.0,0.4999999375000079,0.499999950000005,4
18,0.0,0,0,1,1534.85,3069.7,2,1,3,0.375,1.499999250000375,0.0009772941978117425,0.0,1,0.33333322222225925,0.12499998437500197,0.33333322222225925,7
38,0.0,0,0,3,517.0566666666667,1551.17,3,3,2,0.25,0.6666664444445185,0.0012893493290294749,0.33333322222225925,0,0.0,0.3749999531250059,0.49999991666668053,1
41,1.0,0,0,3,488.45000000000005,1465.3500000000001,3,3,1,0.125,0.33333322222225925,0.0006824308181100549,0.33333322222225925,0,0.0,0.3749999531250059,0.49999991666668053,4
56,0.0,1,0,5,392.20799999999997,1961.04,5,4,1,0.125,0.199999960000008,0.0005099335044109587,0.599999880000024,0,0.0,0.4999999375000079,0.44444439506173394,4
44,0.0,0,1,3,235.9466666666667,707.84,3,4,3,0.3333333333333333,0.9999996666667778,0.00423824592529633,0.6666664444445185,0,0.0,0.33333329629630043,0.57142848979593,1
46,0.0,0,0,2,232.99,465.98,2,1,1,0.1111111111111111,0.499999750000125,0.0021460148458173852,0.0,0,0.0,0.11111109876543349,0.33333322222225925,2
43,0.0,0,0,3,496.7833333333333,1490.35,3,3,2,0.25,0.6666664444445185,0.0013419666512282573,0.33333322222225925,0,0.0,0.3749999531250059,0.49999991666668053,1
18,0.0,0,0,1,817.32,817.32,1,3,2,0.25,1.9999980000020001,0.0024470219712633703,0.0,0,0.0,0.12499998437500197,0.7499998125000469,1
43,0.0,0,0,3,282.80333333333334,848.4100000000001,3,3,1,0.125,0.33333322222225925,0.0011786754031910568,0.6666664444445185,0,0.0,0.24999996875000394,0.49999991666668053,4
45,0.0,1,0,3,286.2433333333333,858.7299999999999,3,4,3,0.375,0.9999996666667778,0.0034935311407619032,0.33333322222225925,0,0.0,0.3749999531250059,0.57142848979593,1
56,0.0,0,1,1,720.12,720.12,1,1,3,0.375,2.9999970000030003,0.004165972332158568,0.9999990000010001,0,0.0,0.12499998437500197,0.499999750000125,1
55,0.0,1,1,0,0.0,0.0,0,0,1,0.125,1000000.0,1000000.0,0.0,0,0.0,0.0,0.0,0
39,0.0,0,0,2,542.74,1085.48,2,2,4,0.5,1.9999990000005,0.003685005708364036,0.499999750000125,0,0.0,0.12499998437500197,0.49999987500003124,1
44,0.0,0,1,4,496.18199999999996,2480.91,5,5,0,0.0,0.0,0.0,0.799999840000032,0,0.0,0.4999999375000079,0.499999950000005,4
37,0.0,1,1,0,0.0,0.0,0,0,2,0.25,2000000.0,2000000.0,0.0,0,0.0,0.0,0.0,3
51,0.0,0,1,3,266.375,1065.5,4,5,4,0.5,0.9999997500000625,0.003754106049972683,0.49999987500003124,1,0.11111109876543349,0.4999999375000079,0.5555554938271674,7
23,0.0,0,0,0,0.0,0.0,0,0,3,0.375,3000000.0,3000000.0,0.0,0,0.0,0.0,0.0,3
58,0.0,1,0,4,338.51750000000004,1354.0700000000002,4,4,3,0.375,0.7499998125000469,0.002215542769416985,0.9999997500000625,0,0.0,0.4999999375000079,0.4999999375000079,4
47,0.0,1,0,3,419.9066666666667,1259.72,3,3,1,0.125,0.33333322222225925,0.0007938271990650086,0.0,0,0.0,0.3749999531250059,0.49999991666668053,4
19,0.0,0,1,0,0.0,0.0,0,2,2,0.25,2000000.0,2000000.0,0.0,0,0.0,0.0,0.99999950000025,6
29,0.0,0,0,1,688.4,688.4,1,2,3,0.375,2.9999970000030003,0.004357931428881564,0.0,0,0.0,0.12499998437500197,0.6666664444445185,1
34,0.0,0,1,3,652.91,2611.64,4,4,0,0.0,0.0,0.0,0.7499998125000469,0,0.0,0.4999999375000079,0.4999999375000079,4
39,0.0,1,0,2,278.45,835.3499999999999,3,2,2,0.2222222222222222,0.6666664444445185,0.002394206018562033,0.9999996666667778,0,0.0,0.22222219753086697,0.399999920000016,1
38,0.0,0,0,1,985.45,1970.9,2,3,5,0.625,2.499998750000625,0.002536912069340447,1.499999250000375,0,0.0,0.24999996875000394,0.599999880000024,1
56,0.0,1,0,2,316.32,632.64,2,1,3,0.3333333333333333,1.499999250000375,0.004742033376419396,0.499999750000125,0,0.0,0.11111109876543349,0.33333322222225925,1
44,0.0,0,0,4,323.354,1616.77,5,4,5,0.625,0.99999980000004,0.003092585832807025,0.199999960000008,1,0.11111109876543349,0.4999999375000079,0.44444439506173394,7
30,0.0,0,1,4,207.1575,828.63,4,4,0,0.0,0.0,0.0,0.49999987500003124,0,0.0,0.4999999375000079,0.4999999375000079,4
41,0.0,1,1,3,613.75,1841.25,3,1,1,0.14285714285714285,0.33333322222225925,0.0005431093004518076,1.9999993333335555,0,0.0,0.1428571224489825,0.24999993750001562,2
51,1.0,0,0,5,548.646,2743.23,5,5,1,0.125,0.199999960000008,0.0003645337793897946,0.399999920000016,0,0.0,0.6249999218750099,0.499999950000005,4
48,0.0,0,0,1,307.34,307.34,1,1,3,0.375,2.9999970000030003,0.009761176515386294,0.9999990000010001,0,0.0,0.12499998437500197,0.499999750000125,1
46,0.0,1,1,1,433.82,433.82,1,2,3,0.375,2.9999970000030003,0.006915310481500829,0.9999990000010001,0,0.0,0.12499998437500197,0.6666664444445185,1
25,0.0,0,0,0,0.0,0.0,0,0,0,0.0,0.0,0.0,0.0,0,0.0,0.0,0.0,0
22,1.0,0,1,1,196.155,392.31,2,2,0,0.0,0.0,0.0,0.499999750000125,0,0.0,0.24999996875000394,0.49999987500003124,2
41,0.0,0,0,1,72.53,72.53,1,2,2,0.25,1.9999980000020001,0.02757479625569011,0.9999990000010001,0,0.0,0.12499998437500197,0.6666664444445185,1
54,0.0,1,0,4,508.52250000000004,2034.0900000000001,4,4,0,0.0,0.0,0.0,0.24999993750001562,0,0.0,0.4999999375000079,0.4999999375000079,4
19,0.0,0,0,0,0.0,0.0,0,0,2,0.25,2000000.0,2000000.0,0.0,0,0.0,0.0,0.0,3
68,0.0,0,0,2,590.795,1181.59,2,2,3,0.3333333333333333,1.499999250000375,0.002538951749304791,0.99999950000025,0,0.0,0.22222219753086697,0.49999987500003124,1
26,0.0,0,0,0,0.0,0.0,0,0,1,0.125,1000000.0,1000000.0,0.0,0,0.0,0.0,0.0,0
31,0.0,0,0,4,276.715,1106.86,4,3,5,0.625,1.249999687500078,0.0045172831211559876,0.7499998125000469,0,0.0,0.3749999531250059,0.4285713673469475,1
35,0.0,0,0,3,470.6333333333334,1411.9,3,2,4,0.4,1.333332888889037,0.002833061829567914,0.9999996666667778,0,0.0,0.09999999000000101,0.399999920000016,1
39,0.0,1,0,3,238.75,716.25,3,3,1,0.125,0.33333322222225925,0.0013961605565149591,0.6666664444445185,0,0.0,0.3749999531250059,0.49999991666668053,4
51,0.0,0,0,4,317.1475,1268.59,4,4,3,0.375,0.7499998125000469,0.0023648302427381343,0.9999997500000625,0,0.0,0.4999999375000079,0.4999999375000079,4
41,0.0,0,0,0,0.0,0.0,0,0,2,0.25,2000000.0,2000000.0,0.0,0,0.0,0.0,0.0,3
35,0.0,0,0,2,568.82,1137.64,2,2,2,0.25,0.99999950000025,0.0017580253843412453,0.499999750000125,0,0.0,0.24999996875000394,0.49999987500003124,1
28,1.0,0,0,4,238.85,1194.25,5,6,1,0.125,0.199999960000008,0.0008373456137011968,0.599999880000024,1,0.09090908264462885,0.6249999218750099,0.5454544958677732,7
59,0.0,1,1,1,666.7,666.7,1,1,1,0.125,0.9999990000010001,0.0014999250015000373,0.9999990000010001,0,0.0,0.0,0.499999750000125,2
22,0.0,0,0,2,1643.25,3286.5,2,1,1,0.125,0.499999750000125,0.00030427506456586796,0.499999750000125,0,0.0,0.12499998437500197,0.33333322222225925,2
47,0.0,0,0,4,270.3,1081.2,4,5,1,0.125,0.24999993750001562,0.0009248982603358321,0.7499998125000469,0,0.0,0.4999999375000079,0.5555554938271674,4
40,0.0,0,1,4,500.838,2504.19,5,5,1,0.125,0.199999960000008,0.0003993307215509483,0.399999920000016,0,0.0,0.6249999218750099,0.499999950000005,4
57,0.0,1,0,0,0.0,0.0,0,1,0,0.0,0.0,0.0,0.0,0,0.0,0.0,0.9999990000010001,2
53,1.0,0,1,1,234.44,234.44,1,1,3,0.375,2.9999970000030003,0.012796451062973677,0.9999990000010001,0,0.0,0.12499998437500197,0.499999750000125,1
44,0.0,0,0,3,398.6033333333333,1195.81,3,4,1,0.125,0.33333322222225925,0.0008362532502351935,0.6666664444445185,0,0.0,0.3749999531250059,0.57142848979593,4
23,0.0,0,0,2,2301.355,4602.71,2,1,0,0.0,0.0,0.0,0.499999750000125,0,0.0,0.12499998437500197,0.33333322222225925,2
48,0.0,0,0,3,136.53333333333333,409.6,3,1,4,0.5,1.333332888889037,0.009765624976158141,0.6666664444445185,0,0.0,0.12499998437500197,0.24999993750001562,1
30,0.0,0,0,2,609.8666666666667,1829.6,3,3,3,0.375,0.9999996666667778,0.0016397026663534638,0.33333322222225925,0,0.0,0.3749999531250059,0.49999991666668053,1
40,0.0,0,1,1,270.94,541.88,2,3,3,0.375,1.499999250000375,0.005536281085228683,0.99999950000025,0,0.0,0.24999996875000394,0.599999880000024,1
48,0.0,1,0,2,365.16499999999996,730.3299999999999,2,2,2,0.25,0.99999950000025,0.0027384880769809705,0.0,0,0.0,0.24999996875000394,0.49999987500003124,1
28,0.0,0,0,2,249.02,498.04,2,3,2,0.25,0.99999950000025,0.004015741699430283,0.0,0,0.0,0.24999996875000394,0.599999880000024,1
19,0.0,0,0,0,0.0,0.0,0,0,0,0.0,0.0,0.0,0.0,0,0.0,0.0,0.0,0
47,0.0,0,1,0,0.0,0.0,0,0,2,0.25,2000000.0,2000000.0,0.0,0,0.0,0.0,0.0,3
67,0.0,1,0,3,337.52333333333337,1012.57,3,3,3,0.3333333333333333,0.9999996666667778,0.0029627581273761238,0.6666664444445185,0,0.0,0.33333329629630043,0.49999991666668053,1
19,0.0,0,0,1,219.47,438.94,2,1,3,0.375,1.499999250000375,0.006834647088817043,0.0,1,0.33333322222225925,0.12499998437500197,0.33333322222225925,7
49,0.0,0,0,4,324.35,1297.4,4,3,2,0.2222222222222222,0.49999987500003124,0.0015415446265287923,0.7499998125000469,0,0.0,0.33333329629630043,0.4285713673469475,4
61,0.0,1,1,1,247.27499999999998,494.54999999999995,3,4,4,0.5,1.333332888889037,0.008088160938048407,0.0,1,0.1428571224489825,0.24999996875000394,0.57142848979593,7
40,0.0,0,0,5,333.3616666666667,2000.17,6,6,0,0.0,0.0,0.0,0.9999998333333611,0,0.0,0.6666665925926009,0.4999999583333368,4
28,0.0,1,1,2,769.79,1539.58,2,2,2,0.25,0.99999950000025,0.0012990555857447775,0.499999750000125,0,0.0,0.24999996875000394,0.49999987500003124,1
51,1.0,1,1,0,0.0,0.0,0,0,4,0.5,4000000.0,4000000.0,0.0,0,0.0,0.0,0.0,3
52,0.0,0,0,3,262.2133333333333,786.64,3,4,0,0.0,0.0,0.0,0.9999996666667778,0,0.0,0.3749999531250059,0.57142848979593,4
34,1.0,0,0,1,228.13,228.13,1,1,3,0.375,2.9999970000030003,0.013150396645989583,0.0,0,0.0,0.12499998437500197,0.499999750000125,1
32,0.0,0,1,1,91.96,91.96,1,1,1,0.125,0.9999990000010001,0.01087429305269364,0.9999990000010001,0,0.0,0.12499998437500197,0.499999750000125,2
33,0.0,0,0,4,652.3375,2609.35,4,4,1,0.125,0.24999993750001562,0.0003832372045209584,0.9999997500000625,0,0.0,0.3749999531250059,0.4999999375000079,4
52,0.0,0,0,2,284.03000000000003,852.09,3,3,2,0.25,0.6666664444445185,0.0023471698971386005,0.33333322222225925,0,0.0,0.3749999531250059,0.49999991666668053,1
26,0.0,0,1,0,0.0,0.0,0,1,1,0.125,1000000.0,1000000.0,0.0,0,0.0,0.0,0.9999990000010001,6
26,0.0,1,0,1,4572.97,9145.94,2,1,3,0.375,1.499999250000375,0.0003280143976094295,0.99999950000025,1,0.33333322222225925,0.12499998437500197,0.33333322222225925,5
45,0.0,1,1,2,448.22,896.44,2,3,2,0.25,0.99999950000025,0.0022310472510920446,0.0,0,0.0,0.24999996875000394,0.599999880000024,1
24,0.0,0,1,2,110.64500000000001,221.29000000000002,2,2,2,0.25,0.99999950000025,0.009037914008595445,0.0,0,0.0,0.24999996875000394,0.49999987500003124,1
31,0.0,0,0,2,486.58,973.16,2,1,1,0.125,0.499999750000125,0.0010275802529619176,0.0,0,0.0,0.12499998437500197,0.33333322222225925,2
55,0.0,0,0,1,692.45,692.45,1,1,3,0.3333333333333333,2.9999970000030003,0.004332442769394985,0.0,0,0.0,0.0,0.499999750000125,1
18,0.0,0,1,1,822.73,822.73,1,1,2,0.2222222222222222,1.9999980000020001,0.00243093116522926,0.0,0,0.0,0.11111109876543349,0.499999750000125,1
55,0.0,1,0,3,770.7000000000002,2312.1000000000004,3,3,2,0.25,0.6666664444445185,0.0008650144886185655,0.6666664444445185,0,0.0,0.3749999531250059,0.49999991666668053,1
39,0.0,0,1,3,494.06333333333333,1482.19,3,4,1,0.125,0.33333322222225925,0.0006746773351090768,0.9999996666667778,0,0.0,0.3749999531250059,0.57142848979593,4
70,0.0,1,0,0,0.0,0.0,0,0,1,0.125,1000000.0,1000000.0,0.0,0,0.0,0.0,0.0,0
39,0.0,0,0,5,308.552,1542.7600000000002,5,5,2,0.2,0.399999920000016,0.0012963779192509668,0.599999880000024,0,0.0,0.499999950000005,0.499999950000005,4
55,1.0,1,0,4,627.0175,2508.07,4,3,0,0.0,0.0,0.0,1.7499995625001092,0,0.0,0.3749999531250059,0.4285713673469475,4
60,1.0,1,1,1,1732.29,3464.58,2,1,2,0.25,0.99999950000025,0.0005772705492217612,2.99999850000075,1,0.33333322222225925,0.12499998437500197,0.33333322222225925,7
30,0.0,1,1,4,516.338,2581.69,5,5,3,0.2727272727272727,0.599999880000024,0.0011620295228466511,1.399999720000056,1,0.09999999000000101,0.4545454132231443,0.499999950000005,7
54,1.0,1,1,3,427.6666666666667,1283.0,3,3,2,0.25,0.6666664444445185,0.0015588464524093168,0.6666664444445185,0,0.0,0.3749999531250059,0.49999991666668053,1
41,0.0,0,1,3,287.94,863.8199999999999,3,3,3,0.375,0.9999996666667778,0.003472945748566894,0.0,0,0.0,0.24999996875000394,0.49999991666668053,1
67,0.0,1,0,0,0.0,0.0,0,0,0,0.0,0.0,0.0,0.0,0,0.0,0.0,0.0,0
42,0.0,0,0,4,694.5475,2778.19,4,2,2,0.2222222222222222,0.49999987500003124,0.0007198931675947674,0.24999993750001562,0,0.0,0.22222219753086697,0.33333327777778704,4
47,0.0,0,1,1,727.25,727.25,1,2,2,0.25,1.9999980000020001,0.0027500859364041445,0.0,0,0.0,0.12499998437500197,0.6666664444445185,1
49,1.0,1,1,3,334.02666666666664,1002.0799999999999,3,3,0,0.0,0.0,0.0,0.6666664444445185,0,0.0,0.33333329629630043,0.49999991666668053,2
51,1.0,1,0,2,181.545,363.09,2,3,1,0.125,0.499999750000125,0.0027541380848986807,0.499999750000125,0,0.0,0.24999996875000394,0.599999880000024,2
34,0.0,0,0,1,340.26,340.26,1,2,2,0.25,1.9999980000020001,0.005877858091230653,1.9999980000020001,0,0.0,0.12499998437500197,0.6666664444445185,1
44,0.0,1,0,1,503.93,503.93,1,1,1,0.125,0.9999990000010001,0.0019844025916607414,0.0,0,0.0,0.12499998437500197,0.499999750000125,2
19,0.0,0,0,1,324.65,324.65,1,2,4,0.5,3.9999960000040002,0.012320960997009208,0.9999990000010001,0,0.0,0.12499998437500197,0.6666664444445185,1
51,0.0,1,0,5,565.8466666666667,3395.08,6,6,1,0.125,0.16666663888889352,0.000294543869277147,0.16666663888889352,0,0.0,0.7499999062500118,0.4999999583333368,4
45,0.0,1,0,1,462.85,462.85,1,1,1,0.125,0.9999990000010001,0.002160527163961268,0.0,0,0.0,0.12499998437500197,0.499999750000125,2
39,1.0,0,0,2,430.375,860.75,2,3,0,0.0,0.0,0.0,0.0,0,0.0,0.22222219753086697,0.599999880000024,2
39,0.0,1,0,1,551.9,551.9,1,2,0,0.0,0.0,0.0,0.0,0,0.0,0.12499998437500197,0.6666664444445185,2
65,0.0,1,1,2,882.6966666666667,2648.09,3,4,1,0.1111111111111111,0.33333322222225925,0.00037763066950986156,0.6666664444445185,0,0.0,0.33333329629630043,0.57142848979593,4
45,0.0,0,1,4,641.6324999999999,2566.5299999999997,4,4,2,0.25,0.49999987500003124,0.0007792622721030879,0.7499998125000469,0,0.0,0.4999999375000079,0.4999999375000079,4
34,1.0,0,1,0,0.0,0.0,0,0,0,0.0,0.0,0.0,0.0,0,0.0,0.0,0.0,0
51,1.0,0,0,3,232.6833333333333,698.05,3,2,1,0.125,0.33333322222225925,0.0014325621353304748,0.9999996666667778,0,0.0,0.24999996875000394,0.399999920000016,2
22,0.0,0,0,1,1520.67,3041.34,2,2,1,0.125,0.499999750000125,0.0003288024356603331,0.0,1,0.24999993750001562,0.24999996875000394,0.49999987500003124,7
43,0.0,0,0,1,124.30000000000001,248.60000000000002,2,2,3,0.3333333333333333,1.499999250000375,0.012067578390717705,0.0,0,0.0,0.22222219753086697,0.49999987500003124,1
63,0.0,1,0,0,0.0,0.0,0,0,1,0.125,1000000.0,1000000.0,0.0,0,0.0,0.0,0.0,0
30,0.0,0,0,1,477.61,477.61,1,2,0,0.0,0.0,0.0,0.9999990000010001,0,0.0,0.12499998437500197,0.6666664444445185,2
50,0.0,1,1,2,277.045,554.09,2,4,2,0.2222222222222222,0.99999950000025,0.003609521912307528,0.0,0,0.0,0.22222219753086697,0.6666665555555741,1
51,0.0,1,0,1,32.84,32.84,1,1,3,0.375,2.9999970000030003,0.09135200696248456,0.0,0,0.0,0.12499998437500197,0.499999750000125,1
52,0.0,0,0,2,207.44,414.88,2,2,1,0.125,0.499999750000125,0.0024103355128944864,0.99999950000025,0,0.0,0.24999996875000394,0.49999987500003124,2
53,0.0,0,1,3,482.18333333333334,1446.55,3,2,0,0.0,0.0,0.0,0.33333322222225925,0,0.0,0.24999996875000394,0.399999920000016,2
48,0.0,0,1,2,297.64,595.28,2,3,3,0.375,1.499999250000375,0.00503964520051128,0.499999750000125,0,0.0,0.24999996875000394,0.599999880000024,1
56,0.0,1,1,2,474.91499999999996,949.8299999999999,2,2,0,0.0,0.0,0.0,0.99999950000025,0,0.0,0.24999996875000394,0.49999987500003124,2
57,0.0,0,1,4,592.0025,2368.01,4,4,2,0.25,0.49999987500003124,0.0008445910275528435,0.7499998125000469,0,0.0,0.4999999375000079,0.4999999375000079,4
22,0.0,0,0,0,0.0,0.0,0,0,4,0.5,4000000.0,4000000.0,0.0,0,0.0,0.0,0.0,3
42,0.0,1,1,3,201.90666666666667,605.72,3,4,3,0.375,0.9999996666667778,0.004952783456130252,0.33333322222225925,0,0.0,0.3749999531250059,0.57142848979593,1
33,0.0,1,1,1,981.75,981.75,1,1,1,0.125,0.9999990000010001,0.0010185892528458474,0.9999990000010001,0,0.0,0.0,0.499999750000125,2
44,0.0,0,0,2,590.14,1770.42,3,2,1,0.125,0.33333322222225925,0.0005648377218033926,0.6666664444445185,0,0.0,0.24999996875000394,0.399999920000016,2
44,0.0,1,0,3,361.93666666666667,1085.81,3,4,1,0.125,0.33333322222225925,0.0009209714398274362,0.6666664444445185,0,0.0,0.3749999531250059,0.57142848979593,4
48,0.0,1,1,3,358.1225,1432.49,4,4,0,0.0,0.0,0.0,0.7499998125000469,0,0.0,0.3749999531250059,0.4999999375000079,4
54,0.0,0,0,3,531.15,2124.6,4,3,0,0.0,0.0,0.0,0.7499998125000469,0,0.0,0.4285713673469475,0.4285713673469475,4
55,1.0,1,1,3,709.9225,2839.69,4,3,2,0.2857142857142857,0.49999987500003124,0.000704302229924991,0.7499998125000469,0,0.0,0.4285713673469475,0.4285713673469475,4
32,0.0,0,1,2,1580.8666666666666,4742.599999999999,3,2,3,0.3333333333333333,0.9999996666667778,0.0006325644160096647,0.33333322222225925,1,0.199999960000008,0.22222219753086697,0.399999920000016,7
39,1.0,0,0,2,371.155,742.31,2,3,3,0.375,1.499999250000375,0.004041438207701044,0.499999750000125,0,0.0,0.24999996875000394,0.599999880000024,1
38,0.0,0,0,5,282.758,1413.79,5,5,3,0.375,0.599999880000024,0.002121955875963222,0.99999980000004,0,0.0,0.6249999218750099,0.499999950000005,4
31,0.0,1,1,1,384.92,384.92,1,0,1,0.125,0.9999990000010001,0.002597942422846455,0.9999990000010001,0,0.0,0.0,0.0,0
40,0.0,0,1,2,509.95500000000004,1019.9100000000001,2,2,1,0.125,0.499999750000125,0.0009804786687252025,0.0,0,0.0,0.24999996875000394,0.49999987500003124,2
48,0.0,0,0,2,505.32,2021.28,4,2,3,0.3333333333333333,0.7499998125000469,0.0014842080258627166,0.0,1,0.16666663888889352,0.22222219753086697,0.33333327777778704,7
19,1.0,0,0,0,0.0,0.0,0,1,2,0.25,2000000.0,2000000.0,0.0,0,0.0,0.0,0.9999990000010001,6
35,0.0,1,1,1,258.47,258.47,1,1,2,0.25,1.9999980000020001,0.007737841885952559,0.9999990000010001,0,0.0,0.12499998437500197,0.499999750000125,1
53,0.0,1,0,0,0.0,0.0,0,0,1,0.125,1000000.0,1000000.0,0.0,0,0.0,0.0,0.0,0
56,0.0,1,0,2,184.185,368.37,2,2,1,0.125,0.499999750000125,0.0027146618814923532,0.99999950000025,0,0.0,0.24999996875000394,0.49999987500003124,2
45,0.0,1,0,1,356.35,356.35,1,2,2,0.25,1.9999980000020001,0.005612459644696338,0.0,0,0.0,0.12499998437500197,0.6666664444445185,1
46,0.0,0,0,2,318.675,637.35,2,2,1,0.125,0.499999750000125,0.0015689966241955022,0.499999750000125,0,0.0,0.24999996875000394,0.49999987500003124,2
38,0.0,0,0,3,182.34333333333333,547.03,3,3,2,0.25,0.6666664444445185,0.0036561066053852503,0.6666664444445185,0,0.0,0.3749999531250059,0.49999991666668053,1
34,0.0,0,1,1,250.08,250.08,1,1,2,0.25,1.9999980000020001,0.00799744078695841,0.9999990000010001,0,0.0,0.12499998437500197,0.499999750000125,1
72,1.0,0,0,0,0.0,0.0,0,0,1,0.125,1000000.0,1000000.0,0.0,0,0.0,0.0,0.0,0
47,0.0,1,0,5,669.082,3345.41,5,4,1,0.1111111111111111,0.199999960000008,0.00029891702353406104,0.599999880000024,0,0.0,0.44444439506173394,0.44444439506173394,4
31,0.0,0,1,0,0.0,0.0,0,1,1,0.125,1000000.0,1000000.0,0.0,0,0.0,0.0,0.9999990000010001,6
25,0.0,0,0,0,0.0,0.0,0,0,2,0.25,2000000.0,2000000.0,0.0,0,0.0,0.0,0.0,3
41,0.0,0,0,1,62.47,62.47,1,1,1,0.1111111111111111,0.9999990000010001,0.01600768343192439,0.0,0,0.0,0.11111109876543349,0.499999750000125,2
46,0.0,0,1,5,388.408,1942.04,5,5,1,0.125,0.199999960000008,0.0005149224524134815,0.799999840000032,0,0.0,0.6249999218750099,0.499999950000005,4
47,0.0,1,1,2,384.785,769.57,2,1,1,0.1,0.499999750000125,0.0012994269510253427,0.0,0,0.0,0.09999999000000101,0.33333322222225925,2
19,0.0,0,0,1,457.04,457.04,1,1,0,0.0,0.0,0.0,0.9999990000010001,0,0.0,0.12499998437500197,0.499999750000125,2
38,0.0,0,0,4,994.0425,3976.17,4,3,0,0.0,0.0,0.0,0.7499998125000469,0,0.0,0.33333329629630043,0.4285713673469475,4
57,0.0,0,0,2,161.33499999999998,322.66999999999996,2,3,4,0.4444444444444444,1.9999990000005,0.012396566112757412,0.499999750000125,0,0.0,0.22222219753086697,0.599999880000024,1
35,0.0,0,0,2,999.485,1998.97,2,1,4,0.5,1.9999990000005,0.0020010305297222916,0.99999950000025,0,0.0,0.12499998437500197,0.33333322222225925,1
47,0.0,1,0,1,404.93,404.93,1,1,0,0.0,0.0,0.0,0.9999990000010001,0,0.0,0.11111109876543349,0.499999750000125,2
37,0.0,0,1,1,786.74,786.74,1,2,0,0.0,0.0,0.0,0.0,0,0.0,0.12499998437500197,0.6666664444445185,2
46,0.0,1,0,3,307.2633333333333,921.79,3,1,4,0.5,1.333332888889037,0.0043393831519767155,0.9999996666667778,0,0.0,0.12499998437500197,0.24999993750001562,1
29,0.0,0,0,0,0.0,0.0,0,1,1,0.125,1000000.0,1000000.0,0.0,0,0.0,0.0,0.9999990000010001,6
42,0.0,1,0,2,359.81,719.62,2,3,1,0.125,0.499999750000125,0.0013896222987276308,0.499999750000125,0,0.0,0.24999996875000394,0.599999880000024,2
39,0.0,0,0,4,386.545,1546.18,4,4,3,0.3,0.7499998125000469,0.0019402656857932027,0.49999987500003124,0,0.0,0.39999996000000404,0.4999999375000079,4
38,0.0,0,0,1,587.9633333333333,1763.8899999999999,3,2,0,0.0,0.0,0.0,0.33333322222225925,0,0.0,0.24999996875000394,0.399999920000016,2
45,0.0,0,1,3,323.4066666666667,970.22,3,4,0,0.0,0.0,0.0,0.33333322222225925,0,0.0,0.3749999531250059,0.57142848979593,4
36,0.0,0,1,0,0.0,0.0,0,0,1,0.125,1000000.0,1000000.0,0.0,0,0.0,0.0,0.0,0
42,0.0,1,0,4,508.58500000000004,2034.3400000000001,4,4,2,0.25,0.49999987500003124,0.000983119831993118,0.49999987500003124,0,0.0,0.4999999375000079,0.4999999375000079,4
40,0.0,0,1,2,523.07,1046.14,2,3,0,0.0,0.0,0.0,1.499999250000375,0,0.0,0.24999996875000394,0.599999880000024,2
41,0.0,0,0,3,280.71333333333337,842.1400000000001,3,2,4,0.4444444444444444,1.333332888889037,0.004749804064941928,0.33333322222225925,0,0.0,0.22222219753086697,0.399999920000016,1
35,0.0,0,1,0,0.0,0.0,0,0,0,0.0,0.0,0.0,0.0,0,0.0,0.0,0.0,0
54,0.0,1,0,3,2139.3675,8557.47,4,3,3,0.375,0.7499998125000469,0.00035057090467736717,0.49999987500003124,1,0.1428571224489825,0.3749999531250059,0.4285713673469475,7
28,0.0,0,0,3,777.2666666666668,2331.8,3,2,1,0.125,0.33333322222225925,0.0004288532462351603,0.6666664444445185,0,0.0,0.24999996875000394,0.399999920000016,2
55,0.0,1,1,2,373.84999999999997,1121.55,3,3,0,0.0,0.0,0.0,0.6666664444445185,0,0.0,0.3749999531250059,0.49999991666668053,2
42,0.0,1,0,2,350.51666666666665,1051.55,3,3,2,0.2222222222222222,0.6666664444445185,0.00190195425619138,0.33333322222225925,0,0.0,0.33333329629630043,0.49999991666668053,1
43,0.0,0,1,2,390.985,781.97,2,4,3,0.375,1.499999250000375,0.003836464309581615,0.0,0,0.0,0.24999996875000394,0.6666665555555741,1
47,0.0,1,0,2,415.0,830.0,2,2,2,0.25,0.99999950000025,0.0024096385513136887,0.99999950000025,0,0.0,0.24999996875000394,0.49999987500003124,1
38,0.0,1,1,2,703.345,1406.69,2,1,1,0.125,0.499999750000125,0.000710888681435932,0.499999750000125,0,0.0,0.12499998437500197,0.33333322222225925,2
61,0.0,0,0,1,353.44,353.44,1,1,4,0.5,3.9999960000040002,0.011317338130043746,0.0,0,0.0,0.12499998437500197,0.499999750000125,1
41,0.0,0,0,3,275.76666666666665,827.3,3,3,1,0.125,0.33333322222225925,0.0012087513583842,0.33333322222225925,0,0.0,0.3749999531250059,0.49999991666668053,4
55,0.0,1,1,3,597.2275,2388.91,4,3,0,0.0,0.0,0.0,0.49999987500003124,0,0.0,0.3749999531250059,0.4285713673469475,4
41,0.0,0,1,3,194.14000000000001,582.4200000000001,3,4,3,0.375,0.9999996666667778,0.005150922006196692,0.33333322222225925,0,0.0,0.3749999531250059,0.57142848979593,1
42,1.0,1,1,2,414.025,828.05,2,2,2,0.25,0.99999950000025,0.0024153130820417693,1.499999250000375,0,0.0,0.24999996875000394,0.49999987500003124,1
23,0.0,0,1,0,0.0,0.0,0,1,1,0.125,1000000.0,1000000.0,0.0,0,0.0,0.0,0.9999990000010001,6
35,0.0,0,0,3,783.68,2351.04,3,4,2,0.25,0.6666664444445185,0.0008506873550213151,0.33333322222225925,0,0.0,0.3749999531250059,0.57142848979593,4
39,0.0,0,1,1,252.9,252.9,1,2,0,0.0,0.0,0.0,0.9999990000010001,0,0.0,0.12499998437500197,0.6666664444445185,2
25,0.0,0,0,0,0.0,0.0,0,2,1,0.125,1000000.0,1000000.0,0.0,0,0.0,0.0,0.99999950000025,6
68,0.0,1,0,1,407.66,407.66,1,1,3,0.375,2.9999970000030003,0.007359073719866865,0.9999990000010001,0,0.0,0.12499998437500197,0.499999750000125,1
34,0.0,0,0,1,71.26,71.26,1,1,1,0.125,0.9999990000010001,0.014033117961926495,0.0,0,0.0,0.12499998437500197,0.499999750000125,2
48,0.0,1,0,4,400.685,1602.74,4,4,1,0.125,0.24999993750001562,0.0006239315168873732,0.7499998125000469,0,0.0,0.4999999375000079,0.4999999375000079,4
33,1.0,0,1,2,917.5600000000001,1835.1200000000001,2,2,1,0.125,0.499999750000125,0.0005449234924446774,0.499999750000125,0,0.0,0.24999996875000394,0.49999987500003124,2
55,0.0,0,0,2,180.55,361.1,2,2,2,0.2222222222222222,0.99999950000025,0.005538631942568175,0.0,0,0.0,0.22222219753086697,0.49999987500003124,1
61,0.0,1,0,3,423.135,1692.54,4,4,2,0.25,0.49999987500003124,0.0011816559719819584,0.49999987500003124,0,0.0,0.4999999375000079,0.4999999375000079,4
27,0.0,0,1,0,0.0,0.0,0,2,1,0.1,1000000.0,1000000.0,0.0,0,0.0,0.0,0.99999950000025,6
78,0.0,1,0,0,0.0,0.0,0,0,0,0.0,0.0,0.0,0.0,0,0.0,0.0,0.0,0
37,0.0,0,1,2,372.15333333333336,1116.46,3,3,4,0.4444444444444444,1.333332888889037,0.003582752625635712,0.33333322222225925,1,0.16666663888889352,0.33333329629630043,0.49999991666668053,7
25,0.0,0,0,1,113.18,226.36,2,3,4,0.5,1.9999990000005,0.01767096652380736,0.0,1,0.199999960000008,0.24999996875000394,0.599999880000024,7
46,0.0,1,0,1,24.2,24.2,1,1,3,0.375,2.9999970000030003,0.12396693702615963,0.9999990000010001,0,0.0,0.12499998437500197,0.499999750000125,1
50,0.0,1,1,3,237.09333333333333,711.28,3,2,0,0.0,0.0,0.0,0.6666664444445185,0,0.0,0.22222219753086697,0.399999920000016,2
50,1.0,0,0,3,387.1666666666667,1161.5,3,4,1,0.125,0.33333322222225925,0.0008609556600422249,0.33333322222225925,0,0.0,0.3749999531250059,0.57142848979593,4
43,0.0,0,0,5,303.608,1518.04,5,4,2,0.2222222222222222,0.399999920000016,0.001317488339360301,0.99999980000004,0,0.0,0.44444439506173394,0.44444439506173394,4
46,0.0,1,1,5,345.7383333333333,2074.43,6,6,2,0.2,0.33333327777778704,0.0009641202638970127,0.33333327777778704,1,0.08333332638888948,0.599999940000006,0.4999999583333368,7
54,1.0,0,0,3,318.41333333333336,955.24,3,3,2,0.25,0.6666664444445185,0.002093714666373147,0.6666664444445185,0,0.0,0.3749999531250059,0.49999991666668053,1
24,0.0,0,0,0,0.0,0.0,0,0,1,0.125,1000000.0,1000000.0,0.0,0,0.0,0.0,0.0,0
45,0.0,1,1,5,240.22333333333336,1441.3400000000001,6,4,1,0.125,0.16666663888889352,0.0006937988256110293,0.6666665555555741,1,0.09999999000000101,0.4999999375000079,0.39999996000000404,7
46,0.0,0,1,2,200.37,400.74,2,0,1,0.125,0.499999750000125,0.002495383534223228,0.499999750000125,0,0.0,0.0,0.0,0
69,0.0,1,0,0,0.0,0.0,0,1,1,0.125,1000000.0,1000000.0,0.0,0,0.0,0.0,0.9999990000010001,6
34,0.0,0,0,2,1310.3850000000002,2620.7700000000004,2,2,3,0.3333333333333333,1.499999250000375,0.0011447017475227884,0.0,0,0.0,0.22222219753086697,0.49999987500003124,1
49,0.0,1,0,3,522.7066666666666,1568.12,3,2,1,0.125,0.33333322222225925,0.0006377062975807296,0.6666664444445185,0,0.0,0.24999996875000394,0.399999920000016,2
21,0.0,0,0,0,0.0,0.0,0,0,2,0.25,2000000.0,2000000.0,0.0,0,0.0,0.0,0.0,3
41,0.0,0,0,5,292.058,1460.29,5,4,0,0.0,0.0,0.0,0.99999980000004,0,0.0,0.4999999375000079,0.44444439506173394,4
43,0.0,0,0,3,316.02,948.06,3,5,1,0.125,0.33333322222225925,0.0010547855609826535,1.333332888889037,0,0.0,0.3749999531250059,0.6249999218750099,4
46,0.0,0,1,2,674.825,1349.65,2,2,1,0.125,0.499999750000125,0.0007409328338895766,1.499999250000375,0,0.0,0.12499998437500197,0.49999987500003124,2
41,1.0,0,0,1,493.22,493.22,1,1,1,0.125,0.9999990000010001,0.0020274927982898245,0.0,0,0.0,0.12499998437500197,0.499999750000125,2
57,0.0,1,0,3,346.33666666666664,1039.01,3,4,1,0.125,0.33333322222225925,0.0009624546433985671,0.9999996666667778,0,0.0,0.3749999531250059,0.57142848979593,4
45,0.0,0,0,3,835.75,2507.25,3,3,1,0.125,0.33333322222225925,0.00039884335411353343,0.6666664444445185,0,0.0,0.3749999531250059,0.49999991666668053,4
39,0.0,0,1,2,529.91,1059.82,2,2,2,0.25,0.99999950000025,0.0018871129041845662,0.499999750000125,0,0.0,0.24999996875000394,0.49999987500003124,1
68,0.0,0,0,3,429.06666666666666,1287.2,3,4,0,0.0,0.0,0.0,0.0,0,0.0,0.299999970000003,0.57142848979593,4
37,0.0,1,1,0,0.0,0.0,0,1,2,0.25,2000000.0,2000000.0,0.0,0,0.0,0.0,0.9999990000010001,6
38,0.0,1,1,3,513.2066666666666,1539.62,3,1,1,0.125,0.33333322222225925,0.0006495109178566718,0.6666664444445185,0,0.0,0.12499998437500197,0.24999993750001562,2
41,0.0,1,1,2,246.74,493.48,2,3,1,0.125,0.499999750000125,0.002026424572370867,0.499999750000125,0,0.0,0.24999996875000394,0.599999880000024,2
33,0.0,0,0,1,98.49,98.49,1,1,0,0.0,0.0,0.0,0.9999990000010001,0,0.0,0.12499998437500197,0.499999750000125,2
43,0.0,1,1,2,223.65333333333334,670.96,3,3,3,0.375,0.9999996666667778,0.0044712054303219185,0.33333322222225925,0,0.0,0.3749999531250059,0.49999991666668053,1
44,0.0,1,0,2,274.725,549.45,2,2,0,0.0,0.0,0.0,0.0,0,0.0,0.24999996875000394,0.49999987500003124,2
47,0.0,1,0,3,461.15333333333336,1383.46,3,3,4,0.5,1.333332888889037,0.002891301517289042,0.6666664444445185,0,0.0,0.3749999531250059,0.49999991666668053,1
50,0.0,1,0,4,461.14799999999997,2305.74,5,2,2,0.2222222222222222,0.399999920000016,0.0008674004871028823,0.599999880000024,0,0.0,0.22222219753086697,0.285714244897965,4
43,0.0,1,1,3,284.9866666666667,854.96,3,4,2,0.25,0.6666664444445185,0.0023392907243154175,0.6666664444445185,0,0.0,0.3749999531250059,0.57142848979593,1
70,0.0,1,0,0,0.0,0.0,0,0,3,0.375,3000000.0,3000000.0,0.0,0,0.0,0.0,0.0,3
50,0.0,0,0,4,250.0075,1000.03,4,4,1,0.125,0.24999993750001562,0.000999969999900033,0.49999987500003124,0,0.0,0.4999999375000079,0.4999999375000079,4
40,0.0,1,0,3,108.5,542.5,5,3,2,0.25,0.399999920000016,0.0036866359379048187,0.599999880000024,0,0.0,0.3749999531250059,0.3749999531250059,4
45,0.0,1,0,2,313.625,627.25,2,2,0,0.0,0.0,0.0,0.0,0,0.0,0.24999996875000394,0.49999987500003124,2
39,1.0,0,0,1,283.82,283.82,1,2,1,0.125,0.9999990000010001,0.003523359863563668,0.0,0,0.0,0.12499998437500197,0.6666664444445185,2
37,0.0,0,0,4,200.8075,803.23,4,4,2,0.25,0.49999987500003124,0.0024899468365350563,0.49999987500003124,0,0.0,0.4999999375000079,0.4999999375000079,4
37,1.0,1,0,1,69.715,139.43,2,3,2,0.25,0.99999950000025,0.014344115223810405,0.99999950000025,0,0.0,0.24999996875000394,0.599999880000024,1
41,0.0,1,0,3,328.306,1641.53,5,5,2,0.25,0.399999920000016,0.0012183755391504416,0.99999980000004,0,0.0,0.6249999218750099,0.499999950000005,4
35,0.0,1,0,1,595.15,595.15,1,1,1,0.1111111111111111,0.9999990000010001,0.0016802486739809315,0.9999990000010001,0,0.0,0.11111109876543349,0.499999750000125,2
41,0.0,0,0,6,467.0133333333333,2802.08,6,5,1,0.125,0.16666663888889352,0.00035687774783129756,0.49999991666668053,0,0.0,0.6249999218750099,0.4545454132231443,4
52,0.0,1,0,3,288.2366666666667,864.71,3,4,0,0.0,0.0,0.0,0.33333322222225925,0,0.0,0.33333329629630043,0.57142848979593,4
35,0.0,1,0,1,391.78,391.78,1,2,2,0.25,1.9999980000020001,0.005104905801457692,0.0,0,0.0,0.12499998437500197,0.6666664444445185,1
25,1.0,0,0,1,646.32,646.32,1,0,1,0.125,0.9999990000010001,0.001547221188347535,0.0,0,0.0,0.0,0.0,0
39,0.0,0,1,2,581.8566666666667,1745.57,3,3,0,0.0,0.0,0.0,0.9999996666667778,0,0.0,0.3749999531250059,0.49999991666668053,2
31,0.0,0,0,2,143.46666666666667,430.4,3,3,3,0.375,0.9999996666667778,0.006970260206853485,0.0,1,0.16666663888889352,0.3749999531250059,0.49999991666668053,7
44,0.0,1,1,4,259.65999999999997,1038.6399999999999,4,3,1,0.125,0.24999993750001562,0.0009627975035018895,0.9999997500000625,0,0.0,0.3749999531250059,0.4285713673469475,4
38,0.0,0,1,3,285.21,855.63,3,4,3,0.375,0.9999996666667778,0.003506188418468043,0.6666664444445185,0,0.0,0.3749999531250059,0.57142848979593,1
47,0.0,0,0,1,1329.6899999999998,3989.0699999999997,3,2,2,0.25,0.6666664444445185,0.0005013699933815727,0.33333322222225925,0,0.0,0.24999996875000394,0.399999920000016,1
40,0.0,0,0,4,336.7225,1346.89,4,3,1,0.125,0.24999993750001562,0.0007424511276032554,0.7499998125000469,0,0.0,0.3749999531250059,0.4285713673469475,4
39,0.0,0,0,1,296.34000000000003,592.6800000000001,2,2,0,0.0,0.0,0.0,0.499999750000125,0,0.0,0.24999996875000394,0.49999987500003124,2
33,0.0,0,0,4,263.41749999999996,1053.6699999999998,4,4,1,0.125,0.24999993750001562,0.0009490637477112723,0.7499998125000469,0,0.0,0.4999999375000079,0.4999999375000079,4
20,0.0,0,0,0,0.0,0.0,0,0,1,0.125,1000000.0,1000000.0,0.0,0,0.0,0.0,0.0,0
27,0.0,0,0,1,91.29,91.29,1,1,4,0.5,3.9999960000040002,0.04381640876529293,0.0,0,0.0,0.12499998437500197,0.499999750000125,1
56,0.0,1,1,2,233.9,467.8,2,2,3,0.3333333333333333,1.499999250000375,0.00641299699355922,0.499999750000125,0,0.0,0.22222219753086697,0.49999987500003124,1
27,1.0,0,1,0,0.0,0.0,0,0,0,0.0,0.0,0.0,0.0,0,0.0,0.0,0.0,0
56,0.0,1,0,2,331.975,663.95,2,1,1,0.1111111111111111,0.499999750000125,0.001506137508086245,0.499999750000125,0,0.0,0.0,0.33333322222225925,2
38,0.0,0,0,4,672.4275,2689.71,4,5,1,0.125,0.24999993750001562,0.00037178729291567224,0.49999987500003124,0,0.0,0.4999999375000079,0.5555554938271674,4
38,0.0,1,0,3,259.06666666666666,777.2,3,3,0,0.0,0.0,0.0,0.6666664444445185,0,0.0,0.24999996875000394,0.49999991666668053,2
41,0.0,0,0,4,491.105,1964.42,4,3,1,0.1111111111111111,0.24999993750001562,0.0005090561079051037,0.49999987500003124,0,0.0,0.33333329629630043,0.4285713673469475,4
46,0.0,1,0,2,120.285,240.57,2,2,2,0.25,0.99999950000025,0.008313588525944264,0.499999750000125,0,0.0,0.24999996875000394,0.49999987500003124,1
40,0.0,0,0,3,290.32666666666665,870.98,3,3,2,0.25,0.6666664444445185,0.002296263975870555,0.33333322222225925,0,0.0,0.3749999531250059,0.49999991666668053,1
68,0.0,1,0,1,5009.3,5009.3,1,1,1,0.1,0.9999990000010001,0.0001996286905955665,0.9999990000010001,0,0.0,0.09999999000000101,0.499999750000125,5
39,1.0,1,1,2,205.475,410.95,2,1,3,0.375,1.499999250000375,0.007300158152329582,0.99999950000025,0,0.0,0.12499998437500197,0.33333322222225925,1
24,0.0,0,1,1,1114.5,1114.5,1,1,0,0.0,0.0,0.0,0.0,0,0.0,0.12499998437500197,0.499999750000125,2
50,0.0,1,0,4,369.5075,1478.03,4,4,1,0.125,0.24999993750001562,0.0006765762530688982,0.7499998125000469,0,0.0,0.4999999375000079,0.4999999375000079,4
48,0.0,1,1,1,602.09,602.09,1,1,3,0.375,2.9999970000030003,0.0049826437825198164,0.0,0,0.0,0.12499998437500197,0.499999750000125,1
34,0.0,0,0,3,619.1666666666666,1857.5,3,2,3,0.3333333333333333,0.9999996666667778,0.0016150740233566222,0.0,0,0.0,0.22222219753086697,0.399999920000016,1
35,0.0,0,0,1,504.45,504.45,1,1,3,0.375,2.9999970000030003,0.005947071055710039,0.0,0,0.0,0.12499998437500197,0.499999750000125,1
36,0.0,1,0,2,389.275,778.55,2,3,1,0.125,0.499999750000125,0.0012844390196076823,0.99999950000025,0,0.0,0.24999996875000394,0.599999880000024,2
49,0.0,0,0,3,722.1375,2888.55,4,4,0,0.0,0.0,0.0,0.9999997500000625,0,0.0,0.4999999375000079,0.4999999375000079,4
36,0.0,0,0,2,345.855,691.71,2,2,0,0.0,0.0,0.0,0.0,0,0.0,0.24999996875000394,0.49999987500003124,2
58,0.0,0,0,2,350.23,700.46,2,2,1,0.125,0.499999750000125,0.0014276332675275771,0.499999750000125,0,0.0,0.12499998437500197,0.49999987500003124,2
18,1.0,0,0,1,474.29,474.29,1,1,1,0.125,0.9999990000010001,0.00210841467855444,0.0,0,0.0,0.12499998437500197,0.499999750000125,2
52,0.0,0,0,2,1500.21,3000.42,2,1,0,0.0,0.0,0.0,1.499999250000375,0,0.0,0.12499998437500197,0.33333322222225925,2
43,0.0,0,0,2,416.955,833.91,2,2,4,0.5,1.9999990000005,0.004796680691205669,0.99999950000025,0,0.0,0.12499998437500197,0.49999987500003124,1
70,0.0,0,0,2,88.40333333333335,265.21000000000004,3,1,2,0.25,0.6666664444445185,0.007541193742539143,0.33333322222225925,1,0.24999993750001562,0.12499998437500197,0.24999993750001562,7
44,0.0,1,0,4,574.75,2299.0,4,5,1,0.125,0.24999993750001562,0.00043497172664855516,0.24999993750001562,0,0.0,0.4999999375000079,0.5555554938271674,4
42,0.0,1,1,3,482.6233333333333,1447.87,3,3,1,0.125,0.33333322222225925,0.0006906697419722283,0.6666664444445185,0,0.0,0.3749999531250059,0.49999991666668053,4
47,1.0,1,0,3,454.15333333333336,1362.46,3,3,4,0.5,1.333332888889037,0.0029358660049206096,0.6666664444445185,0,0.0,0.3749999531250059,0.49999991666668053,1
40,0.0,0,0,5,361.886,1809.43,5,4,1,0.125,0.199999960000008,0.0005526602297117543,0.399999920000016,0,0.0,0.4999999375000079,0.44444439506173394,4
79,0.0,1,0,0,0.0,0.0,0,1,1,0.125,1000000.0,1000000.0,0.0,0,0.0,0.0,0.9999990000010001,6
49,0.0,0,0,2,1018.575,2037.15,2,2,4,0.5,1.9999990000005,0.001963527476148773,0.499999750000125,0,0.0,0.24999996875000394,0.49999987500003124,1
19,0.0,0,0,0,0.0,0.0,0,1,2,0.2222222222222222,2000000.0,2000000.0,0.0,0,0.0,0.0,0.9999990000010001,6
57,0.0,1,0,2,532.4549999999999,1064.9099999999999,2,2,0,0.0,0.0,0.0,0.0,0,0.0,0.24999996875000394,0.49999987500003124,2
78,0.0,1,0,1,2640.91,2640.91,1,3,0,0.0,0.0,0.0,0.9999990000010001,0,0.0,0.12499998437500197,0.7499998125000469,2
68,0.0,1,0,1,383.4,383.4,1,1,2,0.25,1.9999980000020001,0.005216484076117673,0.0,0,0.0,0.12499998437500197,0.499999750000125,1
18,1.0,0,0,0,0.0,0.0,0,1,3,0.375,3000000.0,3000000.0,0.0,0,0.0,0.0,0.9999990000010001,6
31,0.0,1,0,5,210.106,1050.53,5,5,1,0.125,0.199999960000008,0.0009519004683808168,0.399999920000016,0,0.0,0.6249999218750099,0.499999950000005,4
61,0.0,1,0,2,1050.44,2100.88,2,4,1,0.1111111111111111,0.499999750000125,0.00047599101306310164,0.499999750000125,0,0.0,0.22222219753086697,0.6666665555555741,2
48,0.0,0,0,4,421.2375,1684.95,4,5,2,0.2222222222222222,0.49999987500003124,0.00118697884139768,0.9999997500000625,0,0.0,0.44444439506173394,0.5555554938271674,4
36,0.0,1,1,1,423.35,846.7,2,2,2,0.25,0.99999950000025,0.002362111725094943,2.99999850000075,1,0.24999993750001562,0.24999996875000394,0.49999987500003124,7
46,0.0,0,0,1,396.48,396.48,1,1,2,0.25,1.9999980000020001,0.005044390624888038,0.9999990000010001,0,0.0,0.12499998437500197,0.499999750000125,1
48,0.0,0,1,2,270.63,811.89,3,2,3,0.3333333333333333,0.9999996666667778,0.0036950818415116805,0.9999996666667778,1,0.199999960000008,0.22222219753086697,0.399999920000016,7
61,0.0,0,0,1,540.54,540.54,1,1,2,0.25,1.9999980000020001,0.0037000036931586866,0.0,0,0.0,0.12499998437500197,0.499999750000125,1
50,1.0,1,0,3,331.4275,1325.71,4,4,3,0.375,0.7499998125000469,0.002262938348309254,0.7499998125000469,1,0.12499998437500197,0.4999999375000079,0.4999999375000079,7
55,0.0,1,0,1,352.26,352.26,1,3,1,0.125,0.9999990000010001,0.0028388122328995282,0.0,0,0.0,0.12499998437500197,0.7499998125000469,2
48,0.0,0,0,1,563.375,1126.75,2,3,1,0.125,0.499999750000125,0.0008875083196028325,0.99999950000025,0,0.0,0.24999996875000394,0.599999880000024,2
43,0.0,1,1,2,450.82,901.64,2,2,0,0.0,0.0,0.0,0.99999950000025,0,0.0,0.22222219753086697,0.49999987500003124,2
38,0.0,1,0,3,611.0933333333334,1833.28,3,3,0,0.0,0.0,0.0,0.0,0,0.0,0.3749999531250059,0.49999991666668053,4
47,0.0,1,0,3,380.43,1141.29,3,2,1,0.125,0.33333322222225925,0.0008762014905272091,0.0,0,0.0,0.24999996875000394,0.399999920000016,2
33,0.0,0,0,3,288.06333333333333,864.19,3,4,3,0.375,0.9999996666667778,0.003471458818695589,0.6666664444445185,0,0.0,0.3749999531250059,0.57142848979593,1
51,1.0,1,1,3,587.0225,2348.09,4,5,1,0.125,0.24999993750001562,0.0004258780538966232,0.49999987500003124,0,0.0,0.4999999375000079,0.5555554938271674,4
53,0.0,0,0,3,359.51666666666665,1078.55,3,2,3,0.375,0.9999996666667778,0.0027815122128955426,0.6666664444445185,0,0.0,0.24999996875000394,0.399999920000016,1
33,0.0,0,0,0,0.0,0.0,0,1,1,0.1111111111111111,1000000.0,1000000.0,0.0,0,0.0,0.0,0.9999990000010001,6
58,0.0,0,0,5,550.8000000000001,3304.8,6,6,1,0.125,0.16666663888889352,0.0003025901717796568,0.6666665555555741,0,0.0,0.7499999062500118,0.4999999583333368,4
30,0.0,0,0,2,540.1,1080.2,2,1,2,0.25,0.99999950000025,0.001851508978104509,0.499999750000125,0,0.0,0.12499998437500197,0.33333322222225925,1
19,0.0,0,0,1,766.31,766.31,1,1,1,0.125,0.9999990000010001,0.0013049549121048208,0.9999990000010001,0,0.0,0.12499998437500197,0.499999750000125,2
42,0.0,0,1,2,593.585,1187.17,2,2,1,0.125,0.499999750000125,0.0008423393441189219,0.99999950000025,0,0.0,0.12499998437500197,0.49999987500003124,2
42,0.0,1,1,2,440.845,881.69,2,1,2,0.2222222222222222,0.99999950000025,0.0022683709668155803,0.99999950000025,0,0.0,0.11111109876543349,0.33333322222225925,1
37,0.0,0,0,3,370.15000000000003,1110.45,3,3,3,0.375,0.9999996666667778,0.0027016074540036853,0.6666664444445185,0,0.0,0.3749999531250059,0.49999991666668053,1
30,0.0,0,0,0,0.0,0.0,0,0,1,0.125,1000000.0,1000000.0,0.0,0,0.0,0.0,0.0,0
51,0.0,1,0,3,388.46333333333337,1165.39,3,3,4,0.5,1.333332888889037,0.0034323273724398457,0.33333322222225925,0,0.0,0.3749999531250059,0.49999991666668053,1
38,0.0,0,0,3,386.01,1158.03,3,3,3,0.375,0.9999996666667778,0.002590606458735433,0.0,0,0.0,0.3749999531250059,0.49999991666668053,1
58,0.0,1,0,2,575.125,1150.25,2,3,2,0.25,0.99999950000025,0.0017387524436089958,0.499999750000125,0,0.0,0.24999996875000394,0.599999880000024,1
41,0.0,0,0,4,266.818,1334.09,5,5,4,0.5,0.799999840000032,0.002998298463373312,0.199999960000008,1,0.09999999000000101,0.6249999218750099,0.499999950000005,7
23,0.0,0,0,1,132.93,132.93,1,2,2,0.25,1.9999980000020001,0.015045512562660703,0.0,0,0.0,0.12499998437500197,0.6666664444445185,1
37,0.0,0,1,0,0.0,0.0,0,2,4,0.4444444444444444,4000000.0,4000000.0,0.0,0,0.0,0.0,0.99999950000025,6
57,0.0,1,0,0,0.0,0.0,0,1,1,0.125,1000000.0,1000000.0,0.0,0,0.0,0.0,0.9999990000010001,6
74,0.0,1,0,0,0.0,0.0,0,1,1,0.125,1000000.0,1000000.0,0.0,0,0.0,0.0,0.9999990000010001,6
48,0.0,1,1,0,0.0,0.0,0,1,1,0.125,1000000.0,1000000.0,0.0,0,0.0,0.0,0.9999990000010001,6
73,1.0,0,0,1,121.28,121.28,1,1,0,0.0,0.0,0.0,0.0,0,0.0,0.12499998437500197,0.499999750000125,2
70,0.0,1,0,0,0.0,0.0,0,0,1,0.125,1000000.0,1000000.0,0.0,0,0.0,0.0,0.0,0
44,0.0,0,0,6,340.8183333333333,2044.9099999999999,6,6,0,0.0,0.0,0.0,0.16666663888889352,0,0.0,0.7499999062500118,0.4999999583333368,4
50,0.0,0,1,3,253.17666666666665,759.53,3,2,3,0.375,0.9999996666667778,0.003949811062170275,0.33333322222225925,0,0.0,0.24999996875000394,0.399999920000016,1
54,0.0,1,1,0,0.0,0.0,0,0,2,0.25,2000000.0,2000000.0,0.0,0,0.0,0.0,0.0,3
42,0.0,1,1,2,297.39,594.78,2,2,1,0.1111111111111111,0.499999750000125,0.0016812939209770103,0.0,0,0.0,0.22222219753086697,0.49999987500003124,2
49,0.0,1,0,3,285.38,1141.52,4,4,1,0.125,0.24999993750001562,0.0008760249484231332,0.24999993750001562,0,0.0,0.4999999375000079,0.4999999375000079,4
47,0.0,1,1,2,5730.576666666667,17191.73,3,2,4,0.5,1.333332888889037,0.0002326700105089674,1.9999993333335555,1,0.199999960000008,0.12499998437500197,0.399999920000016,5
59,0.0,1,0,2,407.58500000000004,815.1700000000001,2,3,2,0.25,0.99999950000025,0.0024534759590594895,0.99999950000025,0,0.0,0.24999996875000394,0.599999880000024,1
65,0.0,1,0,2,185.79,371.58,2,2,3,0.375,1.499999250000375,0.00807363149772961,0.0,0,0.0,0.24999996875000394,0.49999987500003124,1
55,1.0,1,0,3,236.88666666666668,710.6600000000001,3,3,1,0.125,0.33333322222225925,0.0014071426541424272,0.6666664444445185,0,0.0,0.3749999531250059,0.49999991666668053,4
55,0.0,0,0,6,270.81333333333333,1624.88,6,6,1,0.1111111111111111,0.16666663888889352,0.0006154300621489401,0.8333331944444675,0,0.0,0.44444439506173394,0.4999999583333368,4
41,0.0,0,0,2,184.66,369.32,2,2,2,0.25,0.99999950000025,0.0054153579404977855,0.499999750000125,0,0.0,0.24999996875000394,0.49999987500003124,1
44,0.0,1,0,2,428.9,857.8,2,2,2,0.25,0.99999950000025,0.0023315458121572095,0.99999950000025,0,0.0,0.24999996875000394,0.49999987500003124,1
42,0.0,1,0,2,353.34000000000003,706.6800000000001,2,3,3,0.375,1.499999250000375,0.00424520291469236,0.499999750000125,0,0.0,0.24999996875000394,0.599999880000024,1
46,0.0,1,1,3,274.34666666666664,823.04,3,3,0,0.0,0.0,0.0,0.6666664444445185,0,0.0,0.3749999531250059,0.49999991666668053,2
52,0.0,1,0,1,192.71,192.71,1,2,3,0.3333333333333333,2.9999970000030003,0.015567432849528136,0.0,0,0.0,0.11111109876543349,0.6666664444445185,1
57,0.0,0,1,4,343.3075,1373.23,4,4,1,0.125,0.24999993750001562,0.000728210131785491,0.9999997500000625,0,0.0,0.3749999531250059,0.4999999375000079,4
32,0.0,1,0,2,449.03333333333336,1347.1000000000001,3,4,2,0.25,0.6666664444445185,0.001484670773153685,0.0,0,0.0,0.3749999531250059,0.57142848979593,1
44,0.0,1,1,1,365.0,365.0,1,2,4,0.5,3.9999960000040002,0.010958904079564647,0.0,0,0.0,0.12499998437500197,0.6666664444445185,1
22,0.0,0,0,0,0.0,0.0,0,0,1,0.125,1000000.0,1000000.0,0.0,0,0.0,0.0,0.0,0
51,0.0,1,1,1,45.66,45.66,1,2,0,0.0,0.0,0.0,0.0,0,0.0,0.11111109876543349,0.6666664444445185,2
53,0.0,1,1,5,492.53200000000004,2462.6600000000003,5,4,0,0.0,0.0,0.0,0.799999840000032,0,0.0,0.4999999375000079,0.44444439506173394,4
77,0.0,1,0,0,0.0,0.0,0,0,1,0.125,1000000.0,1000000.0,0.0,0,0.0,0.0,0.0,0
49,0.0,0,0,4,703.6450000000001,2814.5800000000004,4,4,2,0.2222222222222222,0.49999987500003124,0.0007105855933352096,0.9999997500000625,0,0.0,0.44444439506173394,0.4999999375000079,4
47,0.0,0,1,3,1105.69,4422.76,4,3,2,0.25,0.49999987500003124,0.0004522063145067319,0.7499998125000469,1,0.1428571224489825,0.3749999531250059,0.4285713673469475,7
44,0.0,1,0,2,1073.695,2147.39,2,4,0,0.0,0.0,0.0,0.99999950000025,0,0.0,0.24999996875000394,0.6666665555555741,2
48,1.0,0,0,3,534.3666666666667,1603.1,3,3,1,0.125,0.33333322222225925,0.000623791403765335,0.33333322222225925,0,0.0,0.3749999531250059,0.49999991666668053,4
46,0.0,0,1,2,292.425,584.85,3,4,3,0.375,0.9999996666667778,0.00512952038107289,0.6666664444445185,1,0.1428571224489825,0.3749999531250059,0.57142848979593,7
52,0.0,1,0,3,276.9975,1107.99,4,4,0,0.0,0.0,0.0,0.24999993750001562,0,0.0,0.4999999375000079,0.4999999375000079,4
43,0.0,1,0,3,276.8933333333334,830.6800000000001,3,4,1,0.125,0.33333322222225925,0.0012038330028364315,1.333332888889037,0,0.0,0.3749999531250059,0.57142848979593,4
44,1.0,0,0,4,436.06800000000004,2180.34,5,4,1,0.125,0.199999960000008,0.0004586440644768045,0.799999840000032,1,0.11111109876543349,0.4999999375000079,0.44444439506173394,7
53,0.0,1,0,3,618.0550000000001,2472.2200000000003,4,4,0,0.0,0.0,0.0,0.9999997500000625,0,0.0,0.4999999375000079,0.4999999375000079,4
39,1.0,0,0,3,1785.345,7141.38,4,4,4,0.5,0.9999997500000625,0.0005601158318756156,1.249999687500078,1,0.12499998437500197,0.4999999375000079,0.4999999375000079,7
38,0.0,0,1,1,399.84,399.84,1,1,2,0.25,1.9999980000020001,0.005002000787810122,0.9999990000010001,0,0.0,0.12499998437500197,0.499999750000125,1
39,0.0,0,0,2,685.32,2055.96,3,4,0,0.0,0.0,0.0,0.6666664444445185,0,0.0,0.3749999531250059,0.57142848979593,4
49,1.0,0,0,3,466.25333333333333,1398.76,3,3,1,0.125,0.33333322222225925,0.0007149189276824337,0.0,0,0.0,0.3749999531250059,0.49999991666668053,4
58,0.0,1,0,4,317.41999999999996,1587.1,5,4,3,0.375,0.599999880000024,0.0018902400592966794,0.199999960000008,0,0.0,0.4999999375000079,0.44444439506173394,4
21,0.0,0,0,1,1198.27,1198.27,1,0,1,0.125,0.9999990000010001,0.0008345364560286609,0.0,0,0.0,0.0,0.0,0
50,0.0,0,0,2,233.67,467.34,2,1,1,0.125,0.499999750000125,0.002139769756195126,0.499999750000125,0,0.0,0.12499998437500197,0.33333322222225925,2
46,0.0,1,1,5,615.32,3076.6000000000004,5,5,0,0.0,0.0,0.0,0.199999960000008,0,0.0,0.6249999218750099,0.499999950000005,4
47,0.0,1,0,3,1029.6925,4118.77,4,5,2,0.2222222222222222,0.49999987500003124,0.0004855818604861203,0.7499998125000469,0,0.0,0.44444439506173394,0.5555554938271674,4
38,0.0,0,0,5,403.334,2016.67,5,4,4,0.5,0.799999840000032,0.0019834677949374623,0.399999920000016,0,0.0,0.4999999375000079,0.44444439506173394,1
22,0.0,0,0,0,0.0,0.0,0,0,2,0.25,2000000.0,2000000.0,0.0,0,0.0,0.0,0.0,3
56,0.0,1,0,3,433.1000000000001,1299.3000000000002,3,3,2,0.25,0.6666664444445185,0.0015392903859468246,1.333332888889037,0,0.0,0.24999996875000394,0.49999991666668053,1
50,0.0,1,1,3,360.95,1082.85,3,3,3,0.3333333333333333,0.9999996666667778,0.002770466821101291,0.6666664444445185,0,0.0,0.33333329629630043,0.49999991666668053,1
45,0.0,1,0,2,699.62,1399.24,2,1,0,0.0,0.0,0.0,0.0,0,0.0,0.12499998437500197,0.33333322222225925,2
28,0.0,0,0,5,243.72600000000003,1218.63,5,3,1,0.125,0.199999960000008,0.0008205936167494696,0.199999960000008,0,0.0,0.3749999531250059,0.3749999531250059,4
39,1.0,1,0,1,210.1,210.1,1,1,1,0.125,0.9999990000010001,0.004759638244837515,0.0,0,0.0,0.12499998437500197,0.499999750000125,2
41,0.0,0,0,4,483.5325,1934.13,4,4,0,0.0,0.0,0.0,0.49999987500003124,0,0.0,0.4999999375000079,0.4999999375000079,4
51,0.0,1,1,4,253.265,1013.06,4,4,3,0.3333333333333333,0.7499998125000469,0.0029613250913457004,0.24999993750001562,0,0.0,0.44444439506173394,0.4999999375000079,1
40,0.0,0,0,4,514.024,2570.12,5,4,1,0.125,0.199999960000008,0.0003890868907330837,0.399999920000016,1,0.11111109876543349,0.4999999375000079,0.44444439506173394,7
33,0.0,0,0,4,350.422,1752.1100000000001,5,7,3,0.375,0.599999880000024,0.001712221263669392,0.799999840000032,1,0.08333332638888948,0.6249999218750099,0.5833332847222263,7
32,0.0,0,0,2,361.44000000000005,1084.3200000000002,3,2,3,0.3333333333333333,0.9999996666667778,0.0027667109314900473,0.6666664444445185,1,0.199999960000008,0.22222219753086697,0.399999920000016,7
49,0.0,1,0,5,419.89799999999997,2099.49,5,5,2,0.25,0.399999920000016,0.000952612300628909,0.399999920000016,0,0.0,0.6249999218750099,0.499999950000005,4
50,0.0,1,1,1,447.55,447.55,1,0,3,0.375,2.9999970000030003,0.0067031616429378575,0.0,0,0.0,0.0,0.0,0
47,0.0,0,0,2,627.02,1881.06,3,3,1,0.125,0.33333322222225925,0.0005316151528757109,0.33333322222225925,0,0.0,0.3749999531250059,0.49999991666668053,4
47,0.0,0,0,1,444.44,444.44,1,1,1,0.125,0.9999990000010001,0.002250022495162401,1.9999980000020001,0,0.0,0.12499998437500197,0.499999750000125,2
37,0.0,1,1,2,346.46,692.92,2,2,1,0.125,0.499999750000125,0.0014431680404041333,0.499999750000125,0,0.0,0.24999996875000394,0.49999987500003124,2
45,0.0,1,1,1,734.88,734.88,1,2,0,0.0,0.0,0.0,0.0,0,0.0,0.12499998437500197,0.6666664444445185,2
42,0.0,1,1,2,328.22499999999997,656.4499999999999,2,2,1,0.125,0.499999750000125,0.0015233452638840047,0.0,0,0.0,0.24999996875000394,0.49999987500003124,2
25,0.0,0,1,0,0.0,0.0,0,0,0,0.0,0.0,0.0,0.0,0,0.0,0.0,0.0,0
18,0.0,0,0,3,558.2733333333333,1674.82,3,3,1,0.125,0.33333322222225925,0.0005970790887396382,0.9999996666667778,0,0.0,0.3749999531250059,0.49999991666668053,4
53,0.0,1,0,2,455.36,910.72,2,4,1,0.125,0.499999750000125,0.0010980323248660046,0.99999950000025,0,0.0,0.24999996875000394,0.6666665555555741,2
51,0.0,0,0,2,415.395,830.79,2,2,2,0.25,0.99999950000025,0.0024073472208291542,0.499999750000125,0,0.0,0.24999996875000394,0.49999987500003124,1
49,0.0,1,1,3,354.79333333333335,1064.38,3,3,0,0.0,0.0,0.0,0.0,0,0.0,0.3749999531250059,0.49999991666668053,4
44,1.0,0,0,3,615.8125,2463.25,4,3,2,0.2222222222222222,0.49999987500003124,0.0008119354508020155,0.49999987500003124,1,0.1428571224489825,0.33333329629630043,0.4285713673469475,7
46,0.0,1,0,4,314.645,1258.58,4,4,0,0.0,0.0,0.0,0.49999987500003124,0,0.0,0.4999999375000079,0.4999999375000079,4
56,0.0,0,0,4,226.475,905.9,4,4,1,0.125,0.24999993750001562,0.0011038745986269183,0.49999987500003124,0,0.0,0.4999999375000079,0.4999999375000079,4
47,0.0,1,1,0,0.0,0.0,0,1,0,0.0,0.0,0.0,0.0,0,0.0,0.0,0.9999990000010001,2
44,0.0,1,0,2,394.16499999999996,788.3299999999999,2,1,0,0.0,0.0,0.0,0.499999750000125,0,0.0,0.12499998437500197,0.33333322222225925,2
56,1.0,1,0,3,498.1833333333334,1494.5500000000002,3,2,2,0.25,0.6666664444445185,0.0013381954425491314,0.6666664444445185,0,0.0,0.24999996875000394,0.399999920000016,1
37,0.0,1,1,1,351.35,351.35,1,2,0,0.0,0.0,0.0,0.0,0,0.0,0.12499998437500197,0.6666664444445185,2
49,0.0,1,0,2,226.28500000000003,452.57000000000005,2,3,3,0.3333333333333333,1.499999250000375,0.006628808788411054,1.499999250000375,0,0.0,0.22222219753086697,0.599999880000024,1
24,0.0,0,0,0,0.0,0.0,0,0,2,0.25,2000000.0,2000000.0,0.0,0,0.0,0.0,0.0,3
41,1.0,0,1,2,250.54999999999998,751.65,3,3,3,0.375,0.9999996666667778,0.003991219312191553,0.0,1,0.16666663888889352,0.3749999531250059,0.49999991666668053,7
35,1.0,0,0,2,244.605,489.21,2,2,1,0.125,0.499999750000125,0.0020441119313911985,0.499999750000125,0,0.0,0.24999996875000394,0.49999987500003124,2
51,0.0,1,1,2,566.625,1133.25,2,2,1,0.125,0.499999750000125,0.0008824178240614004,0.99999950000025,0,0.0,0.24999996875000394,0.49999987500003124,2
34,0.0,1,0,3,220.37333333333333,661.12,3,3,0,0.0,0.0,0.0,0.33333322222225925,0,0.0,0.3749999531250059,0.49999991666668053,4
47,1.0,1,1,4,318.165,1272.66,4,3,0,0.0,0.0,0.0,0.7499998125000469,0,0.0,0.3749999531250059,0.4285713673469475,4
53,0.0,1,1,2,464.045,928.09,2,2,1,0.125,0.499999750000125,0.0010774817085870102,0.99999950000025,0,0.0,0.24999996875000394,0.49999987500003124,2
38,0.0,1,0,3,151.01,453.03,3,3,4,0.4444444444444444,1.333332888889037,0.008829437324615507,0.9999996666667778,0,0.0,0.33333329629630043,0.49999991666668053,1
46,0.0,0,0,4,442.0275,1768.11,4,2,0,0.0,0.0,0.0,0.49999987500003124,0,0.0,0.24999996875000394,0.33333327777778704,4
43,0.0,1,1,3,386.3066666666666,1158.9199999999998,3,4,1,0.125,0.33333322222225925,0.0008628723286655918,0.33333322222225925,0,0.0,0.3749999531250059,0.57142848979593,4
53,0.0,1,0,4,350.3375,1401.35,4,3,0,0.0,0.0,0.0,0.49999987500003124,0,0.0,0.3749999531250059,0.4285713673469475,4
42,0.0,0,0,1,574.26,574.26,1,2,4,0.5,3.9999960000040002,0.006965486004657322,0.9999990000010001,0,0.0,0.12499998437500197,0.6666664444445185,1
44,0.0,0,0,2,379.77,759.54,2,1,2,0.25,0.99999950000025,0.0026331727063312366,0.499999750000125,0,0.0,0.12499998437500197,0.33333322222225925,1
40,0.0,0,1,3,394.05,1182.15,3,2,4,0.5,1.333332888889037,0.003383665352634043,0.9999996666667778,0,0.0,0.24999996875000394,0.399999920000016,1
38,0.0,0,0,1,176.13,176.13,1,1,1,0.125,0.9999990000010001,0.005677624449681347,0.0,0,0.0,0.12499998437500197,0.499999750000125,2
45,0.0,1,1,2,290.1066666666667,870.32,3,3,0,0.0,0.0,0.0,0.9999996666667778,0,0.0,0.3749999531250059,0.49999991666668053,2
43,0.0,1,1,1,50.54,50.54,1,1,1,0.125,0.9999990000010001,0.019786307483452566,0.9999990000010001,0,0.0,0.12499998437500197,0.499999750000125,2
51,0.0,0,0,4,313.4325,1253.73,4,3,2,0.25,0.49999987500003124,0.0015952398031512049,0.49999987500003124,0,0.0,0.3749999531250059,0.4285713673469475,4
40,0.0,0,0,4,883.6275,3534.51,4,4,0,0.0,0.0,0.0,0.49999987500003124,0,0.0,0.44444439506173394,0.4999999375000079,4
26,0.0,0,0,0,0.0,0.0,0,1,1,0.125,1000000.0,1000000.0,0.0,0,0.0,0.0,0.9999990000010001,6
39,0.0,0,0,3,111.82000000000001,335.46000000000004,3,3,0,0.0,0.0,0.0,0.6666664444445185,0,0.0,0.3749999531250059,0.49999991666668053,4
41,0.0,0,0,1,592.07,592.07,1,1,0,0.0,0.0,0.0,0.0,0,0.0,0.12499998437500197,0.499999750000125,2
49,0.0,1,0,1,93.64,93.64,1,3,0,0.0,0.0,0.0,0.0,0,0.0,0.12499998437500197,0.7499998125000469,2
45,1.0,1,1,2,301.21,903.63,3,2,1,0.125,0.33333322222225925,0.0011066476311027216,0.6666664444445185,0,0.0,0.24999996875000394,0.399999920000016,2
45,0.0,1,0,3,547.6066666666667,1642.82,3,3,1,0.125,0.33333322222225925,0.0006087094139292743,0.6666664444445185,0,0.0,0.3749999531250059,0.49999991666668053,4
44,0.0,0,0,4,663.0525,2652.21,4,3,1,0.125,0.24999993750001562,0.0003770440499142059,0.49999987500003124,0,0.0,0.24999996875000394,0.4285713673469475,4
58,0.0,1,0,2,545.165,1090.33,2,3,0,0.0,0.0,0.0,0.99999950000025,0,0.0,0.24999996875000394,0.599999880000024,2
57,0.0,0,0,3,422.30499999999995,1689.2199999999998,4,4,2,0.25,0.49999987500003124,0.0011839784035330043,0.49999987500003124,0,0.0,0.4999999375000079,0.4999999375000079,4
53,1.0,0,0,2,609.3199999999999,1218.6399999999999,2,2,0,0.0,0.0,0.0,0.0,0,0.0,0.24999996875000394,0.49999987500003124,2
55,0.0,1,0,2,334.05,668.1,2,2,1,0.1111111111111111,0.499999750000125,0.0014967819166340638,0.0,0,0.0,0.22222219753086697,0.49999987500003124,2
46,0.0,1,0,2,335.50666666666666,1006.52,3,1,2,0.25,0.6666664444445185,0.001987044468081067,1.333332888889037,1,0.24999993750001562,0.12499998437500197,0.24999993750001562,7
47,0.0,1,0,3,293.32666666666665,879.9799999999999,3,3,2,0.25,0.6666664444445185,0.002272778924211029,0.9999996666667778,0,0.0,0.3749999531250059,0.49999991666668053,1
53,1.0,0,0,2,188.59333333333333,565.78,3,3,3,0.375,0.9999996666667778,0.0053024143566361235,0.33333322222225925,0,0.0,0.3749999531250059,0.49999991666668053,1
45,0.0,1,0,4,167.6525,670.61,4,5,1,0.1111111111111111,0.24999993750001562,0.0014911796700150912,0.24999993750001562,0,0.0,0.44444439506173394,0.5555554938271674,4
26,0.0,0,1,0,0.0,0.0,0,0,2,0.25,2000000.0,2000000.0,0.0,0,0.0,0.0,0.0,3
50,0.0,1,1,2,525.755,1051.51,2,3,1,0.1111111111111111,0.499999750000125,0.000951013303771706,0.99999950000025,0,0.0,0.22222219753086697,0.599999880000024,2
48,0.0,1,0,0,0.0,0.0,0,0,2,0.25,2000000.0,2000000.0,0.0,0,0.0,0.0,0.0,3
40,0.0,0,0,2,1242.02,3726.06,3,3,1,0.125,0.33333322222225925,0.0002683800045441083,0.0,1,0.16666663888889352,0.24999996875000394,0.49999991666668053,7
43,0.0,1,0,3,497.46333333333337,1492.39,3,3,1,0.125,0.33333322222225925,0.0006700661350785878,0.33333322222225925,0,0.0,0.3749999531250059,0.49999991666668053,4
50,0.0,1,0,2,631.605,1263.21,2,3,1,0.125,0.499999750000125,0.000791634011136997,0.0,0,0.0,0.24999996875000394,0.599999880000024,2
43,0.0,1,0,1,1427.64,1427.64,1,1,4,0.4444444444444444,3.9999960000040002,0.0028018267891052172,0.0,0,0.0,0.11111109876543349,0.499999750000125,1
68,0.0,1,0,2,423.26,846.52,2,1,4,0.5,1.9999990000005,0.004725227986668681,0.99999950000025,0,0.0,0.12499998437500197,0.33333322222225925,1
31,0.0,0,1,3,522.915,2091.66,4,3,4,0.4,0.9999997500000625,0.0019123566918560588,0.49999987500003124,1,0.1428571224489825,0.299999970000003,0.4285713673469475,7
41,0.0,1,1,1,131.49,131.49,1,2,1,0.125,0.9999990000010001,0.007605141017528777,0.0,0,0.0,0.12499998437500197,0.6666664444445185,2
60,0.0,1,0,0,0.0,0.0,0,0,3,0.3,3000000.0,3000000.0,0.0,0,0.0,0.0,0.0,3
53,0.0,0,0,5,326.82399999999996,1634.12,5,5,0,0.0,0.0,0.0,0.799999840000032,0,0.0,0.6249999218750099,0.499999950000005,4
29,1.0,0,0,2,439.635,879.27,2,2,1,0.125,0.499999750000125,0.0011373070829923605,0.0,0,0.0,0.24999996875000394,0.49999987500003124,2
52,0.0,1,1,1,99.94,99.94,2,3,2,0.25,0.99999950000025,0.020012007004082382,0.499999750000125,1,0.199999960000008,0.24999996875000394,0.599999880000024,7
53,0.0,0,0,2,211.38,422.76,2,3,3,0.3333333333333333,1.499999250000375,0.0070962247916164616,0.499999750000125,0,0.0,0.22222219753086697,0.599999880000024,1
29,0.0,1,1,1,24.44,24.44,1,2,1,0.1111111111111111,0.9999990000010001,0.040916528604070024,0.9999990000010001,0,0.0,0.11111109876543349,0.6666664444445185,2
40,0.0,0,0,5,265.84000000000003,1329.2,5,4,1,0.125,0.199999960000008,0.0007523322293467256,0.799999840000032,0,0.0,0.4999999375000079,0.44444439506173394,4
32,0.0,1,1,1,101.29,101.29,1,2,1,0.125,0.9999990000010001,0.009872642809036995,0.0,0,0.0,0.12499998437500197,0.6666664444445185,2
42,0.0,0,1,4,313.9275,1255.71,4,3,1,0.125,0.24999993750001562,0.0007963622167567652,0.49999987500003124,0,0.0,0.3749999531250059,0.4285713673469475,4
35,0.0,1,0,1,115.85,115.85,1,2,0,0.0,0.0,0.0,0.9999990000010001,0,0.0,0.12499998437500197,0.6666664444445185,2
46,0.0,0,0,3,282.77333333333337,848.32,3,2,2,0.25,0.6666664444445185,0.0023576009025396065,0.6666664444445185,0,0.0,0.24999996875000394,0.399999920000016,1
49,0.0,1,0,1,64.81,64.81,1,1,2,0.25,1.9999980000020001,0.03085943479618215,0.0,0,0.0,0.12499998437500197,0.499999750000125,1
36,1.0,0,0,2,1661.0266666666666,4983.08,3,3,2,0.25,0.6666664444445185,0.0004013581960551791,0.33333322222225925,1,0.16666663888889352,0.3749999531250059,0.49999991666668053,7
49,0.0,0,0,2,555.3050000000001,1110.6100000000001,2,4,4,0.5,1.9999990000005,0.0036016243293310658,0.99999950000025,0,0.0,0.24999996875000394,0.6666665555555741,1
46,0.0,1,1,3,464.99,1394.97,3,2,2,0.25,0.6666664444445185,0.001433722587988471,1.333332888889037,0,0.0,0.24999996875000394,0.399999920000016,1
39,0.0,0,0,4,533.5,2667.5,5,4,0,0.0,0.0,0.0,0.199999960000008,0,0.0,0.4999999375000079,0.44444439506173394,4
44,0.0,1,1,1,13.68,13.68,1,1,3,0.375,2.9999970000030003,0.21929822958346276,0.0,0,0.0,0.12499998437500197,0.499999750000125,1
19,0.0,0,0,0,0.0,0.0,0,0,3,0.3333333333333333,3000000.0,3000000.0,0.0,0,0.0,0.0,0.0,3
54,0.0,1,0,4,90.822,454.11,5,5,2,0.2222222222222222,0.399999920000016,0.004404219232335295,0.399999920000016,1,0.09999999000000101,0.5555554938271674,0.499999950000005,7
45,0.0,1,1,4,358.3575,1433.43,4,4,1,0.125,0.24999993750001562,0.000697627368830269,0.7499998125000469,0,0.0,0.3749999531250059,0.4999999375000079,4
71,0.0,0,0,0,0.0,0.0,0,1,1,0.125,1000000.0,1000000.0,0.0,0,0.0,0.0,0.9999990000010001,6
22,0.0,0,0,1,599.04,1198.08,2,1,4,0.5,1.9999990000005,0.0033386752108885255,0.0,1,0.33333322222225925,0.12499998437500197,0.33333322222225925,7
34,1.0,1,1,0,0.0,0.0,0,0,2,0.25,2000000.0,2000000.0,0.0,0,0.0,0.0,0.0,3
42,0.0,0,1,3,467.7125,1870.85,4,3,1,0.125,0.24999993750001562,0.0005345163960047484,0.0,0,0.0,0.3749999531250059,0.4285713673469475,4
21,0.0,0,1,0,0.0,0.0,0,1,0,0.0,0.0,0.0,0.0,0,0.0,0.0,0.9999990000010001,2
39,0.0,1,0,2,427.855,855.71,3,5,3,0.375,0.9999996666667778,0.003505860626256722,0.6666664444445185,1,0.12499998437500197,0.3749999531250059,0.6249999218750099,7
39,0.0,1,1,1,338.3,338.3,1,1,0,0.0,0.0,0.0,0.9999990000010001,0,0.0,0.12499998437500197,0.499999750000125,2
19,0.0,0,0,0,0.0,0.0,0,0,0,0.0,0.0,0.0,0.0,0,0.0,0.0,0.0,0
51,1.0,1,1,1,643.99,643.99,1,1,0,0.0,0.0,0.0,0.9999990000010001,0,0.0,0.12499998437500197,0.499999750000125,2
46,0.0,0,0,1,2547.78,2547.78,1,2,5,0.625,4.999995000005001,0.0019624928361308695,0.0,0,0.0,0.0,0.6666664444445185,1
56,0.0,0,0,2,253.53000000000003,507.06000000000006,2,2,2,0.2222222222222222,0.99999950000025,0.003944306385941888,0.0,0,0.0,0.22222219753086697,0.49999987500003124,1
41,0.0,1,0,3,359.99333333333334,1079.98,3,4,1,0.125,0.33333322222225925,0.0009259430721625001,0.33333322222225925,0,0.0,0.3749999531250059,0.57142848979593,4
41,0.0,1,0,1,404.03,404.03,1,3,2,0.25,1.9999980000020001,0.004950127453530363,2.9999970000030003,0,0.0,0.12499998437500197,0.7499998125000469,1
56,0.0,1,1,2,301.6466666666667,904.94,3,2,1,0.1111111111111111,0.33333322222225925,0.0011050456371637393,0.33333322222225925,0,0.0,0.22222219753086697,0.399999920000016,2
44,0.0,1,1,1,94.26,94.26,1,1,2,0.25,1.9999980000020001,0.021217907689179846,0.0,0,0.0,0.12499998437500197,0.499999750000125,1
54,0.0,1,0,3,143.04333333333332,429.13,3,4,1,0.125,0.33333322222225925,0.0023302961752142796,0.6666664444445185,0,0.0,0.3749999531250059,0.57142848979593,4
65,0.0,1,1,3,428.53,1285.59,3,2,0,0.0,0.0,0.0,0.6666664444445185,0,0.0,0.24999996875000394,0.399999920000016,2
32,0.0,0,0,3,367.97333333333336,1103.92,3,4,3,0.375,0.9999996666667778,0.002717588228569472,0.0,0,0.0,0.3749999531250059,0.57142848979593,1
44,0.0,0,0,4,385.77750000000003,1543.1100000000001,4,5,1,0.1111111111111111,0.24999993750001562,0.0006480419408544808,1.4999996250000938,0,0.0,0.33333329629630043,0.5555554938271674,4
50,0.0,1,0,5,234.12600000000003,1170.63,5,5,2,0.25,0.399999920000016,0.001708481756226577,0.599999880000024,0,0.0,0.6249999218750099,0.499999950000005,4
45,0.0,0,1,1,170.97,170.97,1,2,1,0.125,0.9999990000010001,0.005848979318892325,0.0,0,0.0,0.12499998437500197,0.6666664444445185,2
33,0.0,0,0,1,291.0,291.0,1,1,3,0.3333333333333333,2.9999970000030003,0.010309278315088391,0.0,0,0.0,0.11111109876543349,0.499999750000125,1
48,0.0,1,1,2,313.86,627.72,2,4,2,0.25,0.99999950000025,0.0031861339399953258,0.99999950000025,0,0.0,0.24999996875000394,0.6666665555555741,1
47,0.0,1,0,2,348.695,697.39,2,2,0,0.0,0.0,0.0,1.499999250000375,0,0.0,0.24999996875000394,0.49999987500003124,2
47,0.0,0,0,2,807.98,1615.96,2,3,3,0.3333333333333333,1.499999250000375,0.0018564815949302694,0.499999750000125,0,0.0,0.22222219753086697,0.599999880000024,1
45,0.0,0,1,4,375.054,1875.27,5,5,2,0.25,0.399999920000016,0.0010665130882131569,0.399999920000016,1,0.09999999000000101,0.6249999218750099,0.499999950000005,7
42,0.0,1,1,1,520.36,520.36,1,1,3,0.375,2.9999970000030003,0.005765239438532479,0.0,0,0.0,0.12499998437500197,0.499999750000125,1
49,0.0,1,1,0,0.0,0.0,0,0,1,0.125,1000000.0,1000000.0,0.0,0,0.0,0.0,0.0,0
54,0.0,0,0,2,611.585,1223.17,2,1,2,0.25,0.99999950000025,0.0016350956926387207,0.499999750000125,0,0.0,0.12499998437500197,0.33333322222225925,1
37,0.0,1,1,3,154.0666666666667,462.20000000000005,3,5,0,0.0,0.0,0.0,0.9999996666667778,0,0.0,0.3749999531250059,0.6249999218750099,4
27,0.0,1,0,0,0.0,0.0,0,0,2,0.2857142857142857,2000000.0,2000000.0,0.0,0,0.0,0.0,0.0,3
35,0.0,0,1,2,140.955,281.91,2,2,3,0.375,1.499999250000375,0.010641694119961355,0.99999950000025,0,0.0,0.24999996875000394,0.49999987500003124,1
35,0.0,0,0,3,152.72750000000002,610.9100000000001,4,3,3,0.375,0.7499998125000469,0.0049107069700762675,0.49999987500003124,1,0.1428571224489825,0.3749999531250059,0.4285713673469475,7
54,0.0,0,0,4,2009.618,10048.09,5,4,3,0.375,0.599999880000024,0.00029856420470969464,0.599999880000024,1,0.11111109876543349,0.4999999375000079,0.44444439506173394,7
28,0.0,1,0,4,227.786,1138.93,5,3,1,0.125,0.199999960000008,0.0008780170854415835,0.599999880000024,0,0.0,0.3749999531250059,0.3749999531250059,4
43,0.0,0,1,2,467.875,935.75,2,1,1,0.125,0.499999750000125,0.0010686615003273722,0.499999750000125,0,0.0,0.12499998437500197,0.33333322222225925,2
46,0.0,1,1,4,245.81,983.24,4,4,1,0.1111111111111111,0.24999993750001562,0.0010170456846578194,0.49999987500003124,0,0.0,0.44444439506173394,0.4999999375000079,4
39,0.0,0,0,3,329.046,1645.23,5,5,1,0.1111111111111111,0.199999960000008,0.0006078177515558203,0.599999880000024,0,0.0,0.5555554938271674,0.499999950000005,4
21,0.0,0,0,0,0.0,0.0,0,0,1,0.125,1000000.0,1000000.0,0.0,0,0.0,0.0,0.0,0
39,0.0,1,0,1,242.14,242.14,1,0,2,0.25,1.9999980000020001,0.008259684445941669,0.0,0,0.0,0.0,0.0,0
19,1.0,0,0,1,394.76,394.76,1,1,0,0.0,0.0,0.0,0.9999990000010001,0,0.0,0.12499998437500197,0.499999750000125,2
29,0.0,1,1,2,565.1333333333333,1695.4,3,3,1,0.125,0.33333322222225925,0.0005898313078979406,0.0,1,0.16666663888889352,0.3749999531250059,0.49999991666668053,7
30,0.0,1,1,1,9747.52,19495.04,2,2,2,0.25,0.99999950000025,0.00010259019729620507,2.99999850000075,1,0.24999993750001562,0.24999996875000394,0.49999987500003124,5
46,1.0,1,0,3,329.52750000000003,1318.1100000000001,4,4,2,0.25,0.49999987500003124,0.0015173240461590274,0.9999997500000625,0,0.0,0.4999999375000079,0.4999999375000079,4
28,0.0,0,0,1,53.15,53.15,1,2,4,0.5,3.9999960000040002,0.07525870037142615,0.0,0,0.0,0.12499998437500197,0.6666664444445185,1
47,0.0,1,0,2,179.8033333333333,539.41,3,4,0,0.0,0.0,0.0,0.33333322222225925,0,0.0,0.3749999531250059,0.57142848979593,4
70,0.0,1,0,0,0.0,0.0,0,1,0,0.0,0.0,0.0,0.0,0,0.0,0.0,0.9999990000010001,2
48,0.0,0,1,3,373.20666666666665,1119.62,3,3,2,0.25,0.6666664444445185,0.0017863203570976577,0.33333322222225925,0,0.0,0.3749999531250059,0.49999991666668053,1
32,0.0,0,0,1,379.88,379.88,1,1,0,0.0,0.0,0.0,0.9999990000010001,0,0.0,0.12499998437500197,0.499999750000125,2
43,0.0,0,0,3,275.8566666666667,827.57,3,2,0,0.0,0.0,0.0,0.0,0,0.0,0.24999996875000394,0.399999920000016,2
61,0.0,1,0,2,512.4,1024.8,2,3,1,0.125,0.499999750000125,0.000975800155175839,0.99999950000025,0,0.0,0.24999996875000394,0.599999880000024,2
44,0.0,0,1,2,318.135,636.27,2,2,1,0.125,0.499999750000125,0.001571659827476292,0.499999750000125,0,0.0,0.24999996875000394,0.49999987500003124,2
57,0.0,1,1,1,690.99,690.99,1,3,3,0.375,2.9999970000030003,0.004341596833034347,0.9999990000010001,0,0.0,0.12499998437500197,0.7499998125000469,1
40,0.0,0,0,3,426.78,1280.34,3,1,0,0.0,0.0,0.0,0.6666664444445185,0,0.0,0.12499998437500197,0.24999993750001562,2
53,0.0,0,0,1,95.00999999999999,190.01999999999998,2,2,3,0.375,1.499999250000375,0.015787811726198236,0.99999950000025,0,0.0,0.24999996875000394,0.49999987500003124,1
52,0.0,1,0,2,153.35,306.7,2,3,1,0.125,0.499999750000125,0.0032605151507645418,0.99999950000025,0,0.0,0.24999996875000394,0.599999880000024,2
55,0.0,1,1,1,1321.25,1321.25,1,1,0,0.0,0.0,0.0,0.0,0,0.0,0.11111109876543349,0.499999750000125,2
40,0.0,1,0,4,338.005,1352.02,4,4,1,0.1111111111111111,0.24999993750001562,0.0007396340285353515,0.49999987500003124,0,0.0,0.44444439506173394,0.4999999375000079,4
41,0.0,0,0,4,275.026,1375.13,5,4,2,0.2222222222222222,0.399999920000016,0.0014544079458273702,0.799999840000032,0,0.0,0.33333329629630043,0.44444439506173394,4
35,1.0,0,0,5,373.024,1865.12,5,5,0,0.0,0.0,0.0,0.399999920000016,0,0.0,0.6249999218750099,0.499999950000005,4
42,0.0,1,1,0,0.0,0.0,0,0,2,0.25,2000000.0,2000000.0,0.0,0,0.0,0.0,0.0,3
35,0.0,0,0,2,126.53999999999999,253.07999999999998,2,2,4,0.5,1.9999990000005,0.01580527890072199,0.499999750000125,0,0.0,0.24999996875000394,0.49999987500003124,1
27,0.0,1,1,1,793.05,793.05,1,1,2,0.2222222222222222,1.9999980000020001,0.0025219090819974667,0.9999990000010001,0,0.0,0.0,0.499999750000125,1
36,0.0,0,1,4,516.3875,2065.55,4,4,2,0.25,0.49999987500003124,0.0009682651105186197,0.49999987500003124,0,0.0,0.4999999375000079,0.4999999375000079,4
39,0.0,1,0,3,523.46,1570.38,3,2,1,0.125,0.33333322222225925,0.0006367885475892531,0.6666664444445185,0,0.0,0.24999996875000394,0.399999920000016,2
47,0.0,1,0,4,486.5925,1946.37,4,4,0,0.0,0.0,0.0,1.249999687500078,0,0.0,0.3749999531250059,0.4999999375000079,4
49,0.0,1,1,3,325.47333333333336,976.4200000000001,3,4,2,0.25,0.6666664444445185,0.0020482988856759398,0.33333322222225925,0,0.0,0.3749999531250059,0.57142848979593,1
30,0.0,0,1,2,516.03,1032.06,2,2,1,0.125,0.499999750000125,0.0009689359136397729,0.0,0,0.0,0.24999996875000394,0.49999987500003124,2
39,1.0,0,0,1,396.55,396.55,1,1,2,0.25,1.9999980000020001,0.00504350017641281,0.9999990000010001,0,0.0,0.12499998437500197,0.499999750000125,1
48,0.0,1,0,0,0.0,0.0,0,0,1,0.1111111111111111,1000000.0,1000000.0,0.0,0,0.0,0.0,0.0,0
51,0.0,1,1,4,254.10750000000002,1016.4300000000001,4,4,2,0.25,0.49999987500003124,0.0019676711608594085,0.49999987500003124,0,0.0,0.4999999375000079,0.4999999375000079,4
46,1.0,0,0,1,216.93,216.93,1,0,2,0.25,1.9999980000020001,0.00921956387212666,0.9999990000010001,0,0.0,0.0,0.0,0
47,0.0,1,0,4,1638.7620000000002,8193.810000000001,5,6,2,0.25,0.399999920000016,0.00024408669468243868,0.599999880000024,1,0.09090908264462885,0.6249999218750099,0.5454544958677732,7
56,0.0,1,1,4,189.13166666666666,1134.79,6,5,1,0.1111111111111111,0.16666663888889352,0.0008812203131141265,0.49999991666668053,1,0.09090908264462885,0.5555554938271674,0.4545454132231443,7
30,0.0,0,1,3,321.2233333333333,963.67,3,3,0,0.0,0.0,0.0,0.9999996666667778,0,0.0,0.3749999531250059,0.49999991666668053,2
40,0.0,0,0,4,495.645,1982.58,4,4,0,0.0,0.0,0.0,0.0,0,0.0,0.4999999375000079,0.4999999375000079,4
74,0.0,1,0,0,0.0,0.0,0,0,0,0.0,0.0,0.0,0.0,0,0.0,0.0,0.0,0
47,0.0,1,0,3,510.53999999999996,1531.62,3,2,0,0.0,0.0,0.0,0.9999996666667778,0,0.0,0.24999996875000394,0.399999920000016,2
50,0.0,1,0,6,470.32666666666665,2821.96,6,5,2,0.25,0.33333327777778704,0.0007087272673217455,0.16666663888889352,0,0.0,0.6249999218750099,0.4545454132231443,4
44,0.0,1,1,2,335.85,671.7,2,2,3,0.3333333333333333,1.499999250000375,0.00446627958245306,0.499999750000125,0,0.0,0.22222219753086697,0.49999987500003124,1
87,0.0,1,0,0,0.0,0.0,0,2,0,0.0,0.0,0.0,0.0,0,0.0,0.0,0.99999950000025,2
26,0.0,0,0,0,0.0,0.0,0,0,0,0.0,0.0,0.0,0.0,0,0.0,0.0,0.0,0
48,0.0,1,0,4,284.7675,1139.07,4,5,1,0.125,0.24999993750001562,0.0008779091707463903,0.24999993750001562,0,0.0,0.4999999375000079,0.5555554938271674,4
56,0.0,1,0,2,152.025,304.05,2,3,3,0.375,1.499999250000375,0.009866798191525084,0.99999950000025,0,0.0,0.24999996875000394,0.599999880000024,1
61,0.0,0,0,3,444.89333333333326,1334.6799999999998,3,3,1,0.125,0.33333322222225925,0.0007492432637416885,0.6666664444445185,0,0.0,0.3749999531250059,0.49999991666668053,4
27,0.0,0,0,0,0.0,0.0,0,1,2,0.25,2000000.0,2000000.0,0.0,0,0.0,0.0,0.9999990000010001,6
37,0.0,0,1,3,529.5,2118.0,4,5,1,0.1111111111111111,0.24999993750001562,0.00047214353141069714,0.49999987500003124,0,0.0,0.44444439506173394,0.5555554938271674,4
79,0.0,1,0,0,0.0,0.0,0,0,0,0.0,0.0,0.0,0.0,0,0.0,0.0,0.0,0
18,0.0,0,0,0,0.0,0.0,0,1,2,0.25,2000000.0,2000000.0,0.0,0,0.0,0.0,0.9999990000010001,6
78,0.0,1,0,0,0.0,0.0,0,0,3,0.3333333333333333,3000000.0,3000000.0,0.0,0,0.0,0.0,0.0,3
34,0.0,1,0,1,242.83,242.83,1,2,2,0.25,1.9999980000020001,0.008236214601835792,0.0,0,0.0,0.12499998437500197,0.6666664444445185,1
40,0.0,0,0,5,290.40833333333336,1742.45,6,6,1,0.125,0.16666663888889352,0.00057390455934236,0.8333331944444675,0,0.0,0.7499999062500118,0.4999999583333368,4
47,0.0,0,0,3,300.96666666666664,902.9,3,4,2,0.25,0.6666664444445185,0.0022150847245375072,0.33333322222225925,0,0.0,0.3749999531250059,0.57142848979593,4
43,0.0,0,0,4,500.515,2002.06,4,4,0,0.0,0.0,0.0,0.9999997500000625,0,0.0,0.3749999531250059,0.4999999375000079,4
44,0.0,0,1,3,213.58666666666667,640.76,3,2,2,0.25,0.6666664444445185,0.00312129345914025,0.33333322222225925,0,0.0,0.24999996875000394,0.399999920000016,1
49,0.0,0,0,3,895.7066666666666,2687.12,3,3,5,0.5555555555555556,1.6666661111112961,0.0018607282139016018,0.6666664444445185,0,0.0,0.33333329629630043,0.49999991666668053,1
44,0.0,0,1,4,675.3774999999999,2701.5099999999998,4,4,0,0.0,0.0,0.0,0.24999993750001562,0,0.0,0.44444439506173394,0.4999999375000079,4
39,0.0,0,0,4,401.2975,1605.19,4,3,0,0.0,0.0,0.0,0.24999993750001562,0,0.0,0.3749999531250059,0.4285713673469475,4
69,0.0,1,0,0,0.0,0.0,0,0,2,0.25,2000000.0,2000000.0,0.0,0,0.0,0.0,0.0,3
53,0.0,1,0,3,798.7199999999999,2396.16,3,2,2,0.2222222222222222,0.6666664444445185,0.0008346688030704675,0.33333322222225925,0,0.0,0.22222219753086697,0.399999920000016,1
48,0.0,0,0,3,218.53666666666666,655.61,3,3,1,0.125,0.33333322222225925,0.0015252970492742682,0.33333322222225925,0,0.0,0.3749999531250059,0.49999991666668053,4
73,0.0,1,0,0,0.0,0.0,0,2,1,0.125,1000000.0,1000000.0,0.0,0,0.0,0.0,0.99999950000025,6
55,0.0,1,0,1,28.555,57.11,2,2,2,0.2222222222222222,0.99999950000025,0.03502013596532769,0.0,0,0.0,0.22222219753086697,0.49999987500003124,1
43,0.0,1,1,2,397.65999999999997,795.3199999999999,2,2,0,0.0,0.0,0.0,0.499999750000125,0,0.0,0.12499998437500197,0.49999987500003124,2
45,1.0,0,0,2,421.235,842.47,2,2,2,0.2222222222222222,0.99999950000025,0.0023739717706577424,0.0,0,0.0,0.22222219753086697,0.49999987500003124,1
46,0.0,0,0,3,405.566,2027.83,5,4,1,0.125,0.199999960000008,0.0004931379846963809,0.599999880000024,0,0.0,0.4999999375000079,0.44444439506173394,4
28,0.0,1,1,4,333.976,1669.88,5,5,2,0.25,0.399999920000016,0.0011976908513200402,0.199999960000008,1,0.09999999000000101,0.6249999218750099,0.499999950000005,7
44,0.0,0,0,1,2198.61,2198.61,1,1,2,0.25,1.9999980000020001,0.0009096656519757185,0.0,0,0.0,0.12499998437500197,0.499999750000125,1
33,1.0,0,0,4,407.7425,1630.97,4,4,0,0.0,0.0,0.0,0.7499998125000469,0,0.0,0.4999999375000079,0.4999999375000079,4
45,0.0,1,1,0,0.0,0.0,0,0,0,0.0,0.0,0.0,0.0,0,0.0,0.0,0.0,0
47,0.0,1,1,4,356.57,1426.28,4,3,2,0.25,0.49999987500003124,0.0014022492067460462,0.49999987500003124,0,0.0,0.3749999531250059,0.4285713673469475,4
42,0.0,0,0,3,402.765,1611.06,4,4,2,0.25,0.49999987500003124,0.0012414186925121232,0.9999997500000625,1,0.12499998437500197,0.4999999375000079,0.4999999375000079,7
38,1.0,0,1,2,266.145,532.29,2,1,0,0.0,0.0,0.0,0.99999950000025,0,0.0,0.12499998437500197,0.33333322222225925,2
51,0.0,1,0,2,719.6975,2878.79,4,4,0,0.0,0.0,0.0,0.24999993750001562,0,0.0,0.4999999375000079,0.4999999375000079,4
33,0.0,0,0,2,480.64,961.28,2,3,1,0.1111111111111111,0.499999750000125,0.0010402796260816,0.0,0,0.0,0.22222219753086697,0.599999880000024,2
26,0.0,0,0,2,1124.3633333333335,3373.09,3,3,2,0.25,0.6666664444445185,0.0005929281458268448,0.9999996666667778,1,0.16666663888889352,0.3749999531250059,0.49999991666668053,7
33,0.0,0,0,1,287.72,287.72,1,1,1,0.125,0.9999990000010001,0.0034756012669414664,1.9999980000020001,0,0.0,0.12499998437500197,0.499999750000125,2
52,0.0,1,1,0,0.0,0.0,0,1,2,0.25,2000000.0,2000000.0,0.0,0,0.0,0.0,0.9999990000010001,6
27,0.0,0,0,1,445.88,445.88,1,1,2,0.25,1.9999980000020001,0.004485511786836118,0.9999990000010001,0,0.0,0.12499998437500197,0.499999750000125,1
40,0.0,0,1,3,668.41,2005.23,3,2,4,0.5,1.333332888889037,0.001994783639784571,0.33333322222225925,0,0.0,0.24999996875000394,0.399999920000016,1
49,0.0,0,0,2,255.21999999999997,510.43999999999994,2,2,0,0.0,0.0,0.0,0.99999950000025,0,0.0,0.24999996875000394,0.49999987500003124,2
41,1.0,1,0,3,515.2466666666667,1545.74,3,3,1,0.125,0.33333322222225925,0.0006469393296110993,0.9999996666667778,0,0.0,0.3749999531250059,0.49999991666668053,4
19,0.0,0,0,0,0.0,0.0,0,1,3,0.375,3000000.0,3000000.0,0.0,0,0.0,0.0,0.9999990000010001,6
19,0.0,0,0,2,469.92333333333335,1409.77,3,3,3,0.3333333333333333,0.9999996666667778,0.002128006694618266,0.6666664444445185,1,0.16666663888889352,0.22222219753086697,0.49999991666668053,7
39,0.0,1,0,4,419.2225,1676.89,4,4,2,0.2222222222222222,0.49999987500003124,0.0011926840751673132,0.24999993750001562,0,0.0,0.33333329629630043,0.4999999375000079,4
39,1.0,1,0,2,440.15500000000003,880.3100000000001,2,2,1,0.125,0.499999750000125,0.0011359634661244748,0.499999750000125,0,0.0,0.24999996875000394,0.49999987500003124,2
19,0.0,0,1,0,0.0,0.0,0,0,2,0.2222222222222222,2000000.0,2000000.0,0.0,0,0.0,0.0,0.0,3
53,0.0,1,0,3,633.81,1901.4299999999998,3,3,2,0.25,0.6666664444445185,0.001051839930446117,0.6666664444445185,0,0.0,0.3749999531250059,0.49999991666668053,1
21,0.0,0,1,1,2464.25,4928.5,2,1,2,0.25,0.99999950000025,0.0004058029825695844,0.99999950000025,1,0.33333322222225925,0.12499998437500197,0.33333322222225925,7
59,0.0,1,1,1,398.57,398.57,1,1,1,0.125,0.9999990000010001,0.002508969559904234,0.9999990000010001,0,0.0,0.12499998437500197,0.499999750000125,2
44,0.0,0,0,5,391.094,1955.47,5,5,0,0.0,0.0,0.0,0.399999920000016,0,0.0,0.6249999218750099,0.499999950000005,4
69,0.0,0,0,1,348.83,697.66,2,1,2,0.2,0.99999950000025,0.002866725908226463,0.0,1,0.33333322222225925,0.09999999000000101,0.33333322222225925,7
57,0.0,1,1,1,490.36,490.36,1,2,0,0.0,0.0,0.0,0.0,0,0.0,0.12499998437500197,0.6666664444445185,2
40,0.0,0,0,4,299.9175,1199.67,4,5,2,0.25,0.49999987500003124,0.0016671251246866844,0.7499998125000469,0,0.0,0.4999999375000079,0.5555554938271674,4
48,0.0,1,0,2,507.965,1015.93,2,1,1,0.125,0.499999750000125,0.0009843197848431293,0.499999750000125,0,0.0,0.12499998437500197,0.33333322222225925,2
55,0.0,1,0,3,315.605,1262.42,4,4,2,0.25,0.49999987500003124,0.001584258803263368,0.24999993750001562,0,0.0,0.3749999531250059,0.4999999375000079,4
19,0.0,0,0,0,0.0,0.0,0,0,2,0.25,2000000.0,2000000.0,0.0,0,0.0,0.0,0.0,3
65,0.0,1,1,4,496.355,1985.42,4,4,3,0.375,0.7499998125000469,0.0015110153007872312,0.7499998125000469,0,0.0,0.4999999375000079,0.4999999375000079,4
30,0.0,0,0,2,1186.18,2372.36,2,2,2,0.2222222222222222,0.99999950000025,0.0008430423709542218,2.499998750000625,0,0.0,0.22222219753086697,0.49999987500003124,1
70,0.0,1,0,0,0.0,0.0,0,0,0,0.0,0.0,0.0,0.0,0,0.0,0.0,0.0,0
32,0.0,0,1,3,550.3933333333333,1651.18,3,3,2,0.25,0.6666664444445185,0.001211254980552541,0.33333322222225925,0,0.0,0.24999996875000394,0.49999991666668053,1
42,0.0,1,0,0,0.0,0.0,0,0,2,0.25,2000000.0,2000000.0,0.0,0,0.0,0.0,0.0,3
51,0.0,0,0,4,222.56,890.24,4,3,2,0.25,0.49999987500003124,0.0022465851879868515,0.49999987500003124,0,0.0,0.3749999531250059,0.4285713673469475,4
57,0.0,0,0,3,1344.2350000000001,5376.9400000000005,4,4,0,0.0,0.0,0.0,0.7499998125000469,0,0.0,0.4999999375000079,0.4999999375000079,4
59,0.0,1,0,1,653.76,653.76,1,2,0,0.0,0.0,0.0,0.0,0,0.0,0.11111109876543349,0.6666664444445185,2
47,0.0,1,0,4,212.70250000000001,850.8100000000001,4,4,0,0.0,0.0,0.0,1.249999687500078,0,0.0,0.4999999375000079,0.4999999375000079,4
44,0.0,1,0,3,326.73,980.19,3,3,1,0.125,0.33333322222225925,0.001020210366336924,0.6666664444445185,0,0.0,0.24999996875000394,0.49999991666668053,4
37,0.0,0,0,2,489.575,979.15,2,2,1,0.125,0.499999750000125,0.0010212939784289496,0.99999950000025,0,0.0,0.24999996875000394,0.49999987500003124,2
35,0.0,0,1,2,499.9766666666667,1499.93,3,3,2,0.25,0.6666664444445185,0.0013333955575704228,0.33333322222225925,1,0.16666663888889352,0.24999996875000394,0.49999991666668053,7
42,0.0,1,0,1,584.72,584.72,1,2,2,0.2222222222222222,1.9999980000020001,0.0034204405468934865,0.9999990000010001,0,0.0,0.11111109876543349,0.6666664444445185,1
40,0.0,1,1,3,207.19333333333336,621.58,3,3,0,0.0,0.0,0.0,0.6666664444445185,0,0.0,0.3749999531250059,0.49999991666668053,2
43,0.0,1,1,3,364.29333333333335,1092.88,3,3,2,0.2222222222222222,0.6666664444445185,0.0018300270827263491,0.6666664444445185,0,0.0,0.33333329629630043,0.49999991666668053,1
90,0.0,1,0,0,0.0,0.0,0,0,1,0.125,1000000.0,1000000.0,0.0,0,0.0,0.0,0.0,0
52,0.0,0,0,2,299.275,598.55,2,2,1,0.1111111111111111,0.499999750000125,0.0016707041990298153,0.99999950000025,0,0.0,0.22222219753086697,0.49999987500003124,2
56,0.0,1,1,1,933.5,933.5,1,1,1,0.125,0.9999990000010001,0.0010712372779097619,0.0,0,0.0,0.12499998437500197,0.499999750000125,2
49,0.0,1,1,3,882.7475,3530.99,4,4,2,0.2222222222222222,0.49999987500003124,0.0005664133853207137,0.24999993750001562,0,0.0,0.44444439506173394,0.4999999375000079,4
64,0.0,1,1,0,0.0,0.0,0,0,2,0.25,2000000.0,2000000.0,0.0,0,0.0,0.0,0.0,3
44,0.0,1,0,5,870.924,4354.62,5,4,1,0.125,0.199999960000008,0.0002296411626664,0.399999920000016,0,0.0,0.4999999375000079,0.44444439506173394,4
55,0.0,0,1,5,459.8516666666667,2759.11,6,6,1,0.125,0.16666663888889352,0.0003624357128340531,0.33333327777778704,0,0.0,0.7499999062500118,0.4999999583333368,4
26,0.0,0,0,0,0.0,0.0,0,1,1,0.1111111111111111,1000000.0,1000000.0,0.0,0,0.0,0.0,0.9999990000010001,6
53,0.0,1,0,3,312.695,1250.78,4,4,3,0.375,0.7499998125000469,0.002398503332002028,1.249999687500078,1,0.12499998437500197,0.4999999375000079,0.4999999375000079,7
32,0.0,0,0,3,410.6666666666667,1232.0,3,1,0,0.0,0.0,0.0,0.6666664444445185,0,0.0,0.12499998437500197,0.24999993750001562,2
45,0.0,0,0,2,418.5,837.0,2,1,1,0.125,0.499999750000125,0.00119474312879959,0.499999750000125,0,0.0,0.12499998437500197,0.33333322222225925,2
25,0.0,0,0,1,1219.62,2439.24,2,2,2,0.2222222222222222,0.99999950000025,0.0008199275180712323,1.9999990000005,1,0.24999993750001562,0.22222219753086697,0.49999987500003124,7
48,0.0,0,0,5,445.34666666666664,2672.08,6,5,1,0.1111111111111111,0.16666663888889352,0.0003742402920667644,0.49999991666668053,0,0.0,0.5555554938271674,0.4545454132231443,4
42,0.0,0,0,3,277.18333333333334,831.55,3,3,1,0.125,0.33333322222225925,0.001202573505859451,0.33333322222225925,0,0.0,0.24999996875000394,0.49999991666668053,4
44,0.0,1,1,1,42.69,42.69,1,1,2,0.25,1.9999980000020001,0.046849378148292854,0.0,0,0.0,0.12499998437500197,0.499999750000125,1
55,0.0,1,0,2,103.315,206.63,2,3,0,0.0,0.0,0.0,0.499999750000125,0,0.0,0.24999996875000394,0.599999880000024,2
46,1.0,1,0,3,161.35,484.05,3,2,2,0.25,0.6666664444445185,0.00413180455710814,0.6666664444445185,0,0.0,0.24999996875000394,0.399999920000016,1
43,0.0,0,0,4,421.88750000000005,1687.5500000000002,4,4,2,0.25,0.49999987500003124,0.0011851500689252761,0.7499998125000469,0,0.0,0.4999999375000079,0.4999999375000079,4
27,0.0,0,1,3,559.47,1678.41,3,1,0,0.0,0.0,0.0,0.6666664444445185,0,0.0,0.12499998437500197,0.24999993750001562,2
47,0.0,1,1,2,287.2266666666667,861.6800000000001,3,3,0,0.0,0.0,0.0,0.33333322222225925,0,0.0,0.3749999531250059,0.49999991666668053,2
54,0.0,1,1,2,3261.683333333333,9785.05,3,2,2,0.25,0.6666664444445185,0.00020439343690585194,1.6666661111112961,1,0.199999960000008,0.24999996875000394,0.399999920000016,5
36,0.0,0,0,1,205.85,205.85,1,1,2,0.25,1.9999980000020001,0.009715812437620538,0.9999990000010001,0,0.0,0.12499998437500197,0.499999750000125,1
22,0.0,0,1,1,1016.66,2033.32,2,1,2,0.2222222222222222,0.99999950000025,0.0009836130068146612,0.0,1,0.33333322222225925,0.11111109876543349,0.33333322222225925,7
22,0.0,0,0,0,0.0,0.0,0,0,3,0.375,3000000.0,3000000.0,0.0,0,0.0,0.0,0.0,3
42,0.0,1,0,2,556.805,1113.61,2,1,2,0.25,0.99999950000025,0.0017959608823592092,0.99999950000025,0,0.0,0.12499998437500197,0.33333322222225925,1
55,0.0,1,1,4,564.48,2257.92,4,4,2,0.25,0.49999987500003124,0.0008857709746643942,0.49999987500003124,0,0.0,0.4999999375000079,0.4999999375000079,4
20,0.0,0,1,1,559.45,559.45,1,1,1,0.14285714285714285,0.9999990000010001,0.0017874698332514614,0.0,0,0.0,0.1428571224489825,0.499999750000125,2
38,0.0,0,1,1,280.75,280.75,1,2,1,0.1111111111111111,0.9999990000010001,0.0035618877878472385,0.0,0,0.0,0.11111109876543349,0.6666664444445185,2
68,0.0,0,0,0,0.0,0.0,0,2,0,0.0,0.0,0.0,0.0,0,0.0,0.0,0.99999950000025,2
35,0.0,0,0,3,1016.6599999999999,3049.9799999999996,3,4,2,0.25,0.6666664444445185,0.000655742004650607,0.6666664444445185,0,0.0,0.3749999531250059,0.57142848979593,4
23,0.0,0,1,1,232.56,232.56,1,1,0,0.0,0.0,0.0,0.9999990000010001,0,0.0,0.12499998437500197,0.499999750000125,2
37,0.0,1,0,1,654.42,654.42,1,1,3,0.375,2.9999970000030003,0.0045842119669566765,0.0,0,0.0,0.12499998437500197,0.499999750000125,1
46,0.0,1,0,4,602.725,2410.9,4,4,0,0.0,0.0,0.0,0.9999997500000625,0,0.0,0.44444439506173394,0.4999999375000079,4
26,1.0,0,0,0,0.0,0.0,0,1,1,0.125,1000000.0,1000000.0,0.0,0,0.0,0.0,0.9999990000010001,6
50,0.0,0,0,3,697.2999999999998,2091.8999999999996,3,3,1,0.125,0.33333322222225925,0.000478034322635865,1.6666661111112961,0,0.0,0.3749999531250059,0.49999991666668053,4
32,0.0,0,1,1,534.99,1069.98,2,3,2,0.2222222222222222,0.99999950000025,0.0018691938149599113,0.499999750000125,0,0.0,0.22222219753086697,0.599999880000024,1
41,0.0,0,1,4,1648.0775,6592.31,4,3,1,0.1111111111111111,0.24999993750001562,0.00015169189553408563,0.49999987500003124,0,0.0,0.33333329629630043,0.4285713673469475,4
56,0.0,0,1,1,633.95,633.95,1,1,0,0.0,0.0,0.0,0.0,0,0.0,0.12499998437500197,0.499999750000125,2
49,0.0,1,0,2,164.66500000000002,329.33000000000004,2,2,1,0.1111111111111111,0.499999750000125,0.003036467971225008,0.499999750000125,0,0.0,0.22222219753086697,0.49999987500003124,2
38,0.0,0,1,1,115.02,115.02,1,2,0,0.0,0.0,0.0,0.0,0,0.0,0.12499998437500197,0.6666664444445185,2
46,0.0,0,1,2,1999.2599999999998,3998.5199999999995,2,2,0,0.0,0.0,0.0,2.499998750000625,0,0.0,0.24999996875000394,0.49999987500003124,2
50,1.0,0,0,2,50.535,101.07,2,3,1,0.125,0.499999750000125,0.009894132681368037,0.499999750000125,0,0.0,0.24999996875000394,0.599999880000024,2
29,0.0,0,0,0,0.0,0.0,0,0,2,0.25,2000000.0,2000000.0,0.0,0,0.0,0.0,0.0,3
40,0.0,1,0,2,214.095,428.19,2,2,2,0.25,0.99999950000025,0.004670823688851156,0.0,0,0.0,0.24999996875000394,0.49999987500003124,1
18,0.0,0,0,1,782.65,782.65,1,1,0,0.0,0.0,0.0,0.9999990000010001,0,0.0,0.12499998437500197,0.499999750000125,2
48,0.0,1,1,2,265.9,531.8,2,2,2,0.25,0.99999950000025,0.003760812328392606,0.99999950000025,0,0.0,0.24999996875000394,0.49999987500003124,1
54,0.0,1,1,4,332.505,1330.02,4,4,3,0.375,0.7499998125000469,0.002255605177173572,0.49999987500003124,0,0.0,0.4999999375000079,0.4999999375000079,4
40,0.0,0,0,3,377.0733333333333,1131.22,3,3,2,0.25,0.6666664444445185,0.0017680026858011679,0.9999996666667778,0,0.0,0.3749999531250059,0.49999991666668053,1
37,0.0,0,1,1,4721.63,9443.26,2,3,4,0.5,1.9999990000005,0.00042358253395293757,0.99999950000025,1,0.199999960000008,0.12499998437500197,0.599999880000024,5
41,0.0,0,1,2,577.625,1155.25,2,2,2,0.25,0.99999950000025,0.0017312270056427377,0.0,0,0.0,0.24999996875000394,0.49999987500003124,1
50,0.0,1,1,1,127.09,127.09,1,1,0,0.0,0.0,0.0,1.9999980000020001,0,0.0,0.12499998437500197,0.499999750000125,2
54,0.0,0,0,0,0.0,0.0,0,0,3,0.375,3000000.0,3000000.0,0.0,0,0.0,0.0,0.0,3
57,0.0,0,1,0,0.0,0.0,0,2,1,0.125,1000000.0,1000000.0,0.0,0,0.0,0.0,0.99999950000025,6
40,0.0,0,0,3,658.89,1976.6699999999998,3,3,1,0.125,0.33333322222225925,0.0005059013388649085,0.6666664444445185,0,0.0,0.3749999531250059,0.49999991666668053,4
39,0.0,0,0,4,360.62399999999997,1803.12,5,5,2,0.2222222222222222,0.399999920000016,0.0011091885170653154,0.799999840000032,0,0.0,0.5555554938271674,0.499999950000005,4
36,0.0,0,0,2,278.44,556.88,2,2,0,0.0,0.0,0.0,0.0,0,0.0,0.24999996875000394,0.49999987500003124,2
39,0.0,1,1,1,346.13,346.13,1,2,1,0.125,0.9999990000010001,0.002889087906598423,0.9999990000010001,0,0.0,0.12499998437500197,0.6666664444445185,2
51,0.0,0,0,6,287.97166666666664,1727.83,6,5,2,0.25,0.33333327777778704,0.0011575212832526803,0.49999991666668053,0,0.0,0.4999999375000079,0.4545454132231443,4
44,0.0,1,1,3,799.1175,3196.47,4,4,3,0.375,0.7499998125000469,0.000938535321483219,0.9999997500000625,0,0.0,0.4999999375000079,0.4999999375000079,1
46,1.0,1,1,2,227.675,455.35,2,2,2,0.25,0.99999950000025,0.004392225750758261,0.499999750000125,0,0.0,0.24999996875000394,0.49999987500003124,1
51,0.0,1,0,4,215.765,863.06,4,4,1,0.125,0.24999993750001562,0.001158667993930123,0.49999987500003124,0,0.0,0.3749999531250059,0.4999999375000079,4
56,0.0,0,0,2,160.415,320.83,3,5,6,0.5454545454545454,1.9999993333335555,0.01870149294423373,0.33333322222225925,1,0.12499998437500197,0.2727272479338866,0.6249999218750099,7
43,0.0,0,0,2,119.54666666666667,358.64,3,3,1,0.125,0.33333322222225925,0.002788311390842317,0.6666664444445185,0,0.0,0.3749999531250059,0.49999991666668053,4
52,1.0,1,0,3,173.66,520.98,3,4,1,0.1111111111111111,0.33333322222225925,0.001919459476526048,1.6666661111112961,0,0.0,0.33333329629630043,0.57142848979593,4
67,0.0,1,0,1,130.73,261.46,2,3,4,0.4444444444444444,1.9999990000005,0.015298707200723986,0.0,1,0.199999960000008,0.11111109876543349,0.599999880000024,7
57,0.0,1,1,2,695.9266666666667,2087.78,3,3,3,0.3333333333333333,0.9999996666667778,0.0014369330094948065,0.0,1,0.16666663888889352,0.33333329629630043,0.49999991666668053,7
44,0.0,0,0,3,535.1233333333333,1605.37,3,3,3,0.375,0.9999996666667778,0.0018687280802128306,1.333332888889037,0,0.0,0.3749999531250059,0.49999991666668053,1
41,0.0,1,0,1,744.38,2233.14,3,3,1,0.125,0.33333322222225925,0.00044779995860187905,0.6666664444445185,0,0.0,0.3749999531250059,0.49999991666668053,2
38,0.0,0,0,4,458.26250000000005,1833.0500000000002,4,3,0,0.0,0.0,0.0,0.49999987500003124,0,0.0,0.3749999531250059,0.4285713673469475,4
47,1.0,0,0,3,429.46000000000004,1288.38,3,3,4,0.5,1.333332888889037,0.0031046740844279832,0.33333322222225925,0,0.0,0.3749999531250059,0.49999991666668053,1
57,0.0,1,0,2,313.195,626.39,2,4,1,0.125,0.499999750000125,0.001596449493771533,1.499999250000375,0,0.0,0.24999996875000394,0.6666665555555741,2
67,0.0,1,0,0,0.0,0.0,0,0,2,0.25,2000000.0,2000000.0,0.0,0,0.0,0.0,0.0,3
36,1.0,1,1,0,0.0,0.0,0,0,0,0.0,0.0,0.0,0.0,0,0.0,0.0,0.0,0
58,0.0,1,0,3,337.59,1012.77,3,3,1,0.125,0.33333322222225925,0.0009873910157415888,0.9999996666667778,0,0.0,0.3749999531250059,0.49999991666668053,4
50,1.0,0,0,0,0.0,0.0,0,0,0,0.0,0.0,0.0,0.0,0,0.0,0.0,0.0,0
49,0.0,1,1,1,394.55,394.55,1,1,0,0.0,0.0,0.0,0.0,0,0.0,0.12499998437500197,0.499999750000125,2
48,0.0,0,0,0,0.0,0.0,0,0,2,0.25,2000000.0,2000000.0,0.0,0,0.0,0.0,0.0,3
36,0.0,0,0,3,375.50333333333333,1126.51,3,3,0,0.0,0.0,0.0,0.6666664444445185,0,0.0,0.3749999531250059,0.49999991666668053,4
24,0.0,0,1,0,0.0,0.0,0,0,1,0.125,1000000.0,1000000.0,0.0,0,0.0,0.0,0.0,0
46,0.0,0,0,1,682.21,682.21,1,1,3,0.375,2.9999970000030003,0.004397472912450018,0.0,0,0.0,0.12499998437500197,0.499999750000125,1
69,1.0,1,0,0,0.0,0.0,0,0,1,0.125,1000000.0,1000000.0,0.0,0,0.0,0.0,0.0,0
39,0.0,0,1,2,217.51,435.02,2,2,2,0.2222222222222222,0.99999950000025,0.0045974897600168044,0.0,0,0.0,0.22222219753086697,0.49999987500003124,1
48,0.0,0,0,6,545.7628571428571,3820.34,7,7,1,0.125,0.1428571224489825,0.00026175680691724903,0.285714244897965,0,0.0,0.8749998906250137,0.49999996428571686,4
45,0.0,0,0,2,1452.525,2905.05,2,1,2,0.25,0.99999950000025,0.0006884563086045141,0.499999750000125,0,0.0,0.12499998437500197,0.33333322222225925,1
33,0.0,0,0,1,161.59,161.59,2,4,2,0.25,0.99999950000025,0.012377003450850898,0.0,1,0.16666663888889352,0.24999996875000394,0.6666665555555741,7
21,1.0,0,0,2,394.845,789.69,2,1,0,0.0,0.0,0.0,0.0,0,0.0,0.12499998437500197,0.33333322222225925,2
35,0.0,1,0,2,472.76,945.52,2,3,1,0.125,0.499999750000125,0.0010576190867907405,0.499999750000125,0,0.0,0.24999996875000394,0.599999880000024,2
48,0.0,1,0,3,315.655,1262.62,4,3,2,0.25,0.49999987500003124,0.0015840078554244287,0.0,0,0.0,0.3749999531250059,0.4285713673469475,4
45,0.0,0,1,1,742.71,742.71,1,1,1,0.125,0.9999990000010001,0.0013464205391789251,0.9999990000010001,0,0.0,0.12499998437500197,0.499999750000125,2
51,0.0,0,0,2,264.41,528.82,2,2,0,0.0,0.0,0.0,0.99999950000025,0,0.0,0.24999996875000394,0.49999987500003124,2
51,0.0,1,0,2,534.65,1069.3,2,3,0,0.0,0.0,0.0,1.499999250000375,0,0.0,0.24999996875000394,0.599999880000024,2
48,0.0,1,0,3,282.0466666666667,846.14,3,1,1,0.125,0.33333322222225925,0.0011818375195808762,0.9999996666667778,0,0.0,0.12499998437500197,0.24999993750001562,2
49,0.0,1,0,1,222.77,222.77,1,2,3,0.375,2.9999970000030003,0.013466804266881518,0.0,0,0.0,0.12499998437500197,0.6666664444445185,1
50,0.0,0,0,3,267.19666666666666,801.59,3,3,0,0.0,0.0,0.0,0.6666664444445185,0,0.0,0.3749999531250059,0.49999991666668053,4
46,1.0,1,1,1,360.38,360.38,1,1,3,0.375,2.9999970000030003,0.008324546289126628,0.0,0,0.0,0.12499998437500197,0.499999750000125,1
43,0.0,0,1,3,433.39000000000004,1300.17,3,3,1,0.125,0.33333322222225925,0.0007691301900758129,0.9999996666667778,0,0.0,0.3749999531250059,0.49999991666668053,4
28,0.0,0,0,4,431.66499999999996,1726.6599999999999,4,4,0,0.0,0.0,0.0,0.7499998125000469,0,0.0,0.4999999375000079,0.4999999375000079,4
45,1.0,0,0,2,284.19,852.57,3,3,3,0.375,0.9999996666667778,0.003518772647971694,0.0,1,0.16666663888889352,0.3749999531250059,0.49999991666668053,7
49,0.0,1,0,3,327.87666666666667,983.63,3,3,2,0.25,0.6666664444445185,0.0020332848713100608,0.0,0,0.0,0.3749999531250059,0.49999991666668053,1
48,0.0,1,0,2,309.86,619.72,2,3,2,0.2857142857142857,0.99999950000025,0.0032272639204362226,0.499999750000125,0,0.0,0.285714244897965,0.599999880000024,1
53,1.0,1,0,2,226.25,452.5,2,2,1,0.125,0.499999750000125,0.0022099447464973597,0.0,0,0.0,0.24999996875000394,0.49999987500003124,2
44,1.0,0,0,2,215.04500000000002,430.09000000000003,2,2,2,0.25,0.99999950000025,0.004650189484409799,0.99999950000025,0,0.0,0.24999996875000394,0.49999987500003124,1
50,0.0,1,0,2,385.52,1156.56,3,2,2,0.25,0.6666664444445185,0.0017292660979722054,0.33333322222225925,1,0.199999960000008,0.24999996875000394,0.399999920000016,7
37,0.0,0,1,3,1184.375,4737.5,4,3,1,0.125,0.24999993750001562,0.0002110817941506951,0.49999987500003124,1,0.1428571224489825,0.3749999531250059,0.4285713673469475,7
21,1.0,0,0,0,0.0,0.0,0,0,1,0.125,1000000.0,1000000.0,0.0,0,0.0,0.0,0.0,0
37,0.0,0,1,1,92.54,92.54,1,2,1,0.1111111111111111,0.9999990000010001,0.010806137769546814,0.0,0,0.0,0.11111109876543349,0.6666664444445185,2
19,0.0,0,0,2,317.6233333333333,952.8699999999999,3,2,3,0.375,0.9999996666667778,0.0031483833018686883,0.0,1,0.199999960000008,0.24999996875000394,0.399999920000016,7
45,0.0,0,0,3,592.4533333333334,1777.3600000000001,3,3,0,0.0,0.0,0.0,0.6666664444445185,0,0.0,0.3749999531250059,0.49999991666668053,4
19,0.0,0,0,0,0.0,0.0,0,1,0,0.0,0.0,0.0,0.0,0,0.0,0.0,0.9999990000010001,2
23,0.0,0,0,0,0.0,0.0,0,0,1,0.125,1000000.0,1000000.0,0.0,0,0.0,0.0,0.0,0
35,0.0,0,0,3,258.255,1033.02,4,5,1,0.125,0.24999993750001562,0.0009680354678824848,0.49999987500003124,0,0.0,0.3749999531250059,0.5555554938271674,4
71,0.0,1,0,0,0.0,0.0,0,0,1,0.125,1000000.0,1000000.0,0.0,0,0.0,0.0,0.0,0
49,0.0,0,0,1,23.25,23.25,1,1,1,0.125,0.9999990000010001,0.04301075083824727,0.9999990000010001,0,0.0,0.12499998437500197,0.499999750000125,2
36,0.0,0,1,2,157.63,315.26,2,1,1,0.125,0.499999750000125,0.003171985018169178,0.99999950000025,0,0.0,0.12499998437500197,0.33333322222225925,2
48,0.0,1,0,3,270.50333333333333,811.51,3,4,1,0.125,0.33333322222225925,0.0012322707037100335,0.33333322222225925,0,0.0,0.3749999531250059,0.57142848979593,4
52,0.0,1,0,2,304.705,609.41,2,3,3,0.375,1.499999250000375,0.0049227941698974514,0.0,0,0.0,0.24999996875000394,0.599999880000024,1
47,0.0,1,0,1,91.45,91.45,1,1,1,0.1111111111111111,0.9999990000010001,0.010934937004538688,0.0,0,0.0,0.11111109876543349,0.499999750000125,2
28,0.0,0,0,3,373.91499999999996,1495.6599999999999,4,3,2,0.25,0.49999987500003124,0.0013372023044427195,0.49999987500003124,0,0.0,0.3749999531250059,0.4285713673469475,4
43,1.0,0,0,3,200.83666666666667,602.51,3,4,2,0.25,0.6666664444445185,0.0033194469746237456,0.33333322222225925,0,0.0,0.3749999531250059,0.57142848979593,4
18,0.0,0,0,0,0.0,0.0,1,2,2,0.25,1.9999980000020001,2000000.0,0.0,1,0.33333322222225925,0.12499998437500197,0.6666664444445185,7
34,0.0,0,0,4,228.9975,915.99,4,4,1,0.125,0.24999993750001562,0.0010917149738624713,0.9999997500000625,0,0.0,0.4999999375000079,0.4999999375000079,4
38,0.0,0,0,3,607.43,1822.29,3,3,1,0.125,0.33333322222225925,0.000548760076305769,0.33333322222225925,0,0.0,0.3749999531250059,0.49999991666668053,4
41,0.0,1,1,3,320.3533333333333,961.06,3,3,1,0.125,0.33333322222225925,0.001040517760555514,0.33333322222225925,0,0.0,0.3749999531250059,0.49999991666668053,4
37,0.0,1,1,0,0.0,0.0,0,1,5,0.625,5000000.0,5000000.0,0.0,0,0.0,0.0,0.9999990000010001,3
44,0.0,0,1,4,172.67000000000002,690.6800000000001,4,2,2,0.2222222222222222,0.49999987500003124,0.002895696990073989,0.49999987500003124,0,0.0,0.22222219753086697,0.33333327777778704,1
44,0.0,1,0,3,291.1725,1164.69,4,3,3,0.375,0.7499998125000469,0.002575792697991918,0.24999993750001562,0,0.0,0.3749999531250059,0.4285713673469475,1
18,0.0,0,0,0,0.0,0.0,0,0,1,0.125,1000000.0,1000000.0,0.0,0,0.0,0.0,0.0,0
46,0.0,0,0,4,303.425,1213.7,4,4,0,0.0,0.0,0.0,0.49999987500003124,0,0.0,0.4999999375000079,0.4999999375000079,4
36,0.0,0,1,3,118.89999999999999,356.7,3,4,3,0.375,0.9999996666667778,0.008410428908297088,0.6666664444445185,0,0.0,0.3749999531250059,0.57142848979593,1
40,0.0,1,0,4,533.758,2668.79,5,5,0,0.0,0.0,0.0,0.199999960000008,0,0.0,0.6249999218750099,0.499999950000005,4
50,0.0,0,0,1,1218.98,1218.98,1,2,2,0.25,1.9999980000020001,0.00164071600712012,0.9999990000010001,0,0.0,0.12499998437500197,0.6666664444445185,1
41,0.0,0,1,3,307.56,922.68,3,3,4,0.5,1.333332888889037,0.004335197463546194,0.6666664444445185,0,0.0,0.24999996875000394,0.49999991666668053,1
41,0.0,0,0,1,674.61,674.61,1,1,3,0.375,2.9999970000030003,0.004447013823621035,0.0,0,0.0,0.12499998437500197,0.499999750000125,1
66,1.0,0,1,1,488.33,488.33,1,1,1,0.125,0.9999990000010001,0.002047795543899012,0.0,0,0.0,0.12499998437500197,0.499999750000125,2
56,0.0,1,1,0,0.0,0.0,0,0,0,0.0,0.0,0.0,0.0,0,0.0,0.0,0.0,0
41,0.0,0,1,3,1173.795,4695.18,4,4,2,0.2222222222222222,0.49999987500003124,0.0004259687593604571,0.24999993750001562,1,0.12499998437500197,0.44444439506173394,0.4999999375000079,7
50,0.0,1,0,2,155.535,311.07,2,3,2,0.25,0.99999950000025,0.006429421009967464,0.99999950000025,0,0.0,0.24999996875000394,0.599999880000024,1
30,0.0,0,0,1,111.66,111.66,1,3,1,0.125,0.9999990000010001,0.008955758472543807,0.0,0,0.0,0.12499998437500197,0.7499998125000469,2
53,0.0,1,0,4,237.5725,950.29,4,5,1,0.125,0.24999993750001562,0.0010523103462602885,0.7499998125000469,0,0.0,0.4999999375000079,0.5555554938271674,4
50,0.0,1,0,4,354.27,1417.08,4,2,0,0.0,0.0,0.0,0.24999993750001562,0,0.0,0.24999996875000394,0.33333327777778704,4
57,0.0,1,1,1,198.72,198.72,1,1,3,0.375,2.9999970000030003,0.015096618281518629,0.0,0,0.0,0.12499998437500197,0.499999750000125,1
49,0.0,0,0,3,305.21666666666664,915.65,3,3,1,0.125,0.33333322222225925,0.0010921203504700265,0.33333322222225925,0,0.0,0.24999996875000394,0.49999991666668053,4
42,0.0,0,1,2,302.15999999999997,604.3199999999999,2,2,2,0.2222222222222222,0.99999950000025,0.003309504892590838,0.0,0,0.0,0.11111109876543349,0.49999987500003124,1
52,0.0,1,0,1,508.6,508.6,1,2,1,0.125,0.9999990000010001,0.001966181671320917,0.0,0,0.0,0.12499998437500197,0.6666664444445185,2
72,0.0,1,0,0,0.0,0.0,0,0,4,0.5,4000000.0,4000000.0,0.0,0,0.0,0.0,0.0,3
72,0.0,0,0,0,0.0,0.0,0,0,3,0.375,3000000.0,3000000.0,0.0,0,0.0,0.0,0.0,3
44,0.0,0,0,2,3289.3333333333335,9868.0,3,2,2,0.25,0.6666664444445185,0.00020267531412619829,1.6666661111112961,1,0.199999960000008,0.24999996875000394,0.399999920000016,5
22,0.0,0,0,1,470.7,470.7,1,1,1,0.1111111111111111,0.9999990000010001,0.0021244954278213397,0.0,0,0.0,0.11111109876543349,0.499999750000125,2
74,0.0,1,0,0,0.0,0.0,0,1,1,0.125,1000000.0,1000000.0,0.0,0,0.0,0.0,0.9999990000010001,6
51,0.0,1,1,2,1331.7333333333333,3995.2,3,2,4,0.4444444444444444,1.333332888889037,0.0010012014414794751,2.666665777778074,1,0.199999960000008,0.22222219753086697,0.399999920000016,7
51,0.0,0,0,2,687.625,1375.25,2,2,1,0.1111111111111111,0.499999750000125,0.0007271405193767384,0.499999750000125,0,0.0,0.22222219753086697,0.49999987500003124,2
54,0.0,0,1,2,365.47,1096.41,3,2,1,0.125,0.33333322222225925,0.0009120675651334194,0.6666664444445185,0,0.0,0.24999996875000394,0.399999920000016,2
38,0.0,0,0,2,408.005,816.01,2,2,1,0.125,0.499999750000125,0.0012254751764984803,0.0,0,0.0,0.24999996875000394,0.49999987500003124,2
30,1.0,0,0,1,680.76,680.76,1,1,1,0.125,0.9999990000010001,0.0014689464694327716,0.0,0,0.0,0.12499998437500197,0.499999750000125,2
45,0.0,1,0,3,403.0533333333333,1209.1599999999999,3,1,1,0.125,0.33333322222225925,0.0008270204101797773,1.333332888889037,0,0.0,0.12499998437500197,0.24999993750001562,2
50,0.0,1,0,5,523.885,3143.31,6,5,1,0.125,0.16666663888889352,0.0003181359775783693,0.9999998333333611,0,0.0,0.6249999218750099,0.4545454132231443,4
19,0.0,0,0,1,768.72,768.72,1,1,1,0.125,0.9999990000010001,0.0013008637718533876,0.9999990000010001,0,0.0,0.12499998437500197,0.499999750000125,2
48,0.0,1,0,3,840.14,2520.42,3,3,1,0.125,0.33333322222225925,0.0003967592701229322,0.6666664444445185,0,0.0,0.3749999531250059,0.49999991666668053,4
40,1.0,1,1,2,380.825,761.65,2,3,3,0.375,1.499999250000375,0.003938817036776975,0.99999950000025,0,0.0,0.12499998437500197,0.599999880000024,1
35,0.0,0,0,2,1367.69,2735.38,2,2,0,0.0,0.0,0.0,0.99999950000025,0,0.0,0.24999996875000394,0.49999987500003124,2
49,0.0,0,1,2,296.845,593.69,2,2,0,0.0,0.0,0.0,0.499999750000125,0,0.0,0.24999996875000394,0.49999987500003124,2
52,0.0,0,0,3,615.7533333333333,1847.26,3,3,2,0.25,0.6666664444445185,0.0010826846242095402,0.0,0,0.0,0.3749999531250059,0.49999991666668053,4
21,0.0,0,1,1,467.71,467.71,1,1,0,0.0,0.0,0.0,0.0,0,0.0,0.12499998437500197,0.499999750000125,2
51,0.0,0,0,2,2412.515,4825.03,2,3,0,0.0,0.0,0.0,0.499999750000125,0,0.0,0.24999996875000394,0.599999880000024,2
19,0.0,0,1,0,0.0,0.0,0,0,0,0.0,0.0,0.0,0.0,0,0.0,0.0,0.0,0
26,0.0,0,0,0,0.0,0.0,0,0,2,0.25,2000000.0,2000000.0,0.0,0,0.0,0.0,0.0,3
50,0.0,0,0,2,466.865,933.73,2,2,1,0.125,0.499999750000125,0.001070973406583302,0.499999750000125,0,0.0,0.24999996875000394,0.49999987500003124,2
35,0.0,1,1,3,326.7033333333333,980.1099999999999,3,3,1,0.125,0.33333322222225925,0.0010202936394687397,0.33333322222225925,0,0.0,0.3749999531250059,0.49999991666668053,4
39,0.0,0,0,2,281.4533333333333,844.36,3,2,2,0.25,0.6666664444445185,0.002368657915618151,0.33333322222225925,0,0.0,0.24999996875000394,0.399999920000016,1
46,1.0,1,1,3,2278.86,9115.44,4,4,4,0.5,0.9999997500000625,0.0004388158991295191,2.499999375000156,1,0.12499998437500197,0.4999999375000079,0.4999999375000079,5
47,0.0,0,0,4,328.57250000000005,1314.2900000000002,4,4,2,0.25,0.49999987500003124,0.0015217341671003091,0.7499998125000469,0,0.0,0.4999999375000079,0.4999999375000079,4
44,0.0,0,0,2,270.26,540.52,2,2,3,0.375,1.499999250000375,0.0055502108977462244,0.499999750000125,0,0.0,0.24999996875000394,0.49999987500003124,1
55,0.0,1,1,1,218.05,218.05,1,2,2,0.25,1.9999980000020001,0.009172208167061645,1.9999980000020001,0,0.0,0.12499998437500197,0.6666664444445185,1
25,0.0,0,1,0,0.0,0.0,0,3,3,0.375,3000000.0,3000000.0,0.0,0,0.0,0.0,0.9999996666667778,6
19,0.0,0,0,0,0.0,0.0,0,0,0,0.0,0.0,0.0,0.0,0,0.0,0.0,0.0,0
23,0.0,0,0,2,62.03,124.06,2,3,1,0.1111111111111111,0.499999750000125,0.008060615766075965,0.99999950000025,0,0.0,0.22222219753086697,0.599999880000024,2
31,0.0,0,1,1,780.45,780.45,1,1,1,0.125,0.9999990000010001,0.0012813120619113176,0.0,0,0.0,0.12499998437500197,0.499999750000125,2
39,0.0,1,1,3,345.1433333333334,1035.43,3,4,2,0.25,0.6666664444445185,0.0019315646620905662,0.33333322222225925,0,0.0,0.3749999531250059,0.57142848979593,1
51,0.0,0,1,3,502.43666666666667,1507.31,3,3,1,0.1111111111111111,0.33333322222225925,0.000663433533471261,0.0,0,0.0,0.33333329629630043,0.49999991666668053,4
46,0.0,1,1,4,342.6025,1370.41,4,4,0,0.0,0.0,0.0,0.24999993750001562,0,0.0,0.4999999375000079,0.4999999375000079,4
37,0.0,1,1,1,695.01,695.01,1,1,1,0.1,0.9999990000010001,0.0014388282162287906,0.0,0,0.0,0.09999999000000101,0.499999750000125,2
52,1.0,1,0,4,421.16,2105.8,5,5,4,0.5,0.799999840000032,0.0018995156226139635,0.399999920000016,1,0.09999999000000101,0.6249999218750099,0.499999950000005,7
39,1.0,1,1,1,736.89,736.89,1,2,1,0.125,0.9999990000010001,0.0013570546467491014,1.9999980000020001,0,0.0,0.12499998437500197,0.6666664444445185,2
41,0.0,0,1,4,262.49,1049.96,4,4,0,0.0,0.0,0.0,0.7499998125000469,0,0.0,0.4999999375000079,0.4999999375000079,4
43,0.0,1,1,2,464.67999999999995,929.3599999999999,2,3,1,0.125,0.499999750000125,0.0010760092955625277,0.499999750000125,0,0.0,0.12499998437500197,0.599999880000024,2
42,0.0,0,1,2,287.27,574.54,3,5,1,0.125,0.33333322222225925,0.001740522850035641,0.0,1,0.12499998437500197,0.3749999531250059,0.6249999218750099,7
43,0.0,1,1,1,124.69,124.69,1,2,2,0.25,1.9999980000020001,0.016039778522417367,0.9999990000010001,0,0.0,0.12499998437500197,0.6666664444445185,1
47,0.0,1,1,1,405.82,405.82,1,1,4,0.5,3.9999960000040002,0.009856586639750168,0.9999990000010001,0,0.0,0.12499998437500197,0.499999750000125,1
43,0.0,0,0,6,510.2633333333333,3061.58,6,6,2,0.25,0.33333327777778704,0.0006532574681526345,0.33333327777778704,0,0.0,0.6249999218750099,0.4999999583333368,4
23,0.0,0,0,0,0.0,0.0,0,2,1,0.125,1000000.0,1000000.0,0.0,0,0.0,0.0,0.99999950000025,6
50,0.0,1,1,3,521.4333333333333,1564.3,3,3,4,0.5,1.333332888889037,0.002557054271842323,0.0,0,0.0,0.24999996875000394,0.49999991666668053,1
40,0.0,0,0,2,387.5,775.0,2,3,2,0.25,0.99999950000025,0.002580645157960458,0.499999750000125,0,0.0,0.24999996875000394,0.599999880000024,1
48,0.0,1,0,4,466.75750000000005,1867.0300000000002,4,5,2,0.25,0.49999987500003124,0.0010712200655205216,0.49999987500003124,0,0.0,0.4999999375000079,0.5555554938271674,4
51,0.0,0,0,2,375.58,751.16,2,3,3,0.375,1.499999250000375,0.003993822881950819,0.499999750000125,0,0.0,0.24999996875000394,0.599999880000024,1
50,0.0,1,1,1,590.36,590.36,1,1,1,0.125,0.9999990000010001,0.0016938816964328855,0.9999990000010001,0,0.0,0.12499998437500197,0.499999750000125,2
22,0.0,0,0,0,0.0,0.0,0,0,0,0.0,0.0,0.0,0.0,0,0.0,0.0,0.0,0
43,0.0,1,0,1,747.2750000000001,1494.5500000000002,2,3,1,0.125,0.499999750000125,0.0006690977212745657,0.499999750000125,0,0.0,0.24999996875000394,0.599999880000024,2
28,0.0,1,0,2,244.21,488.42,2,2,2,0.25,0.99999950000025,0.0040948364029015265,1.499999250000375,0,0.0,0.12499998437500197,0.49999987500003124,1
52,0.0,1,0,3,159.0925,636.37,4,4,4,0.5,0.9999997500000625,0.006285651419322641,0.49999987500003124,0,0.0,0.4999999375000079,0.4999999375000079,1
51,0.0,1,0,3,318.58,955.74,3,2,5,0.625,1.6666661111112961,0.005231548323569644,0.9999996666667778,0,0.0,0.24999996875000394,0.399999920000016,1
21,0.0,0,0,1,627.22,627.22,1,1,1,0.125,0.9999990000010001,0.001594336912735026,0.0,0,0.0,0.12499998437500197,0.499999750000125,2
40,0.0,0,0,4,234.87399999999997,1174.37,5,5,3,0.375,0.599999880000024,0.00255456116679193,0.599999880000024,0,0.0,0.4999999375000079,0.499999950000005,4
40,0.0,0,0,3,366.09749999999997,1464.3899999999999,4,4,3,0.375,0.7499998125000469,0.002048634583650097,0.7499998125000469,1,0.12499998437500197,0.4999999375000079,0.4999999375000079,7
39,0.0,0,0,1,41.28,41.28,1,1,2,0.25,1.9999980000020001,0.048449611229418335,0.9999990000010001,0,0.0,0.12499998437500197,0.499999750000125,1
50,0.0,1,0,3,227.1933333333333,681.5799999999999,3,3,2,0.2222222222222222,0.6666664444445185,0.0029343583982300563,0.33333322222225925,0,0.0,0.33333329629630043,0.49999991666668053,1
61,0.0,1,0,1,2360.17,2360.17,1,1,2,0.25,1.9999980000020001,0.0008473965854801152,0.9999990000010001,0,0.0,0.12499998437500197,0.499999750000125,1
60,0.0,0,0,2,506.66,1013.32,2,2,3,0.375,1.499999250000375,0.0029605652676740167,0.0,0,0.0,0.24999996875000394,0.49999987500003124,1
42,0.0,0,1,3,344.1000000000001,1032.3000000000002,3,4,3,0.3333333333333333,0.9999996666667778,0.002906131935574801,0.0,0,0.0,0.33333329629630043,0.57142848979593,1
45,0.0,0,0,4,446.5725,1786.29,4,4,2,0.25,0.49999987500003124,0.0011196390277504553,0.49999987500003124,0,0.0,0.4999999375000079,0.4999999375000079,4
50,0.0,0,0,2,224.16,448.32,2,2,1,0.125,0.499999750000125,0.0022305496024479176,0.99999950000025,0,0.0,0.24999996875000394,0.49999987500003124,2
29,0.0,0,0,2,260.83750000000003,1043.3500000000001,4,4,2,0.25,0.49999987500003124,0.0019169022840687183,0.9999997500000625,1,0.12499998437500197,0.4999999375000079,0.4999999375000079,7
54,0.0,1,0,3,761.76,3047.04,4,4,0,0.0,0.0,0.0,0.24999993750001562,0,0.0,0.4999999375000079,0.4999999375000079,4
43,0.0,1,1,1,107.13,107.13,1,2,3,0.375,2.9999970000030003,0.02800336014185233,0.0,0,0.0,0.12499998437500197,0.6666664444445185,1
19,0.0,0,0,0,0.0,0.0,0,2,4,0.5,4000000.0,4000000.0,0.0,0,0.0,0.0,0.99999950000025,6
46,0.0,1,0,3,107.76666666666667,323.3,3,4,1,0.125,0.33333322222225925,0.0030931023721215514,0.9999996666667778,0,0.0,0.3749999531250059,0.57142848979593,4
53,0.0,1,1,3,499.31,1997.24,4,4,3,0.375,0.7499998125000469,0.0015020728597954813,0.49999987500003124,0,0.0,0.4999999375000079,0.4999999375000079,1
42,0.0,0,0,1,715.86,715.86,1,1,3,0.375,2.9999970000030003,0.004190763551265941,0.9999990000010001,0,0.0,0.12499998437500197,0.499999750000125,1
28,0.0,0,1,3,259.17,1036.68,4,6,2,0.25,0.49999987500003124,0.0019292356349797084,0.24999993750001562,1,0.09999999000000101,0.4999999375000079,0.599999940000006,7
58,0.0,0,0,3,232.65666666666667,697.97,3,1,0,0.0,0.0,0.0,0.33333322222225925,0,0.0,0.12499998437500197,0.24999993750001562,2
55,1.0,0,0,3,409.43333333333334,1228.3,3,2,1,0.125,0.33333322222225925,0.0008141333543807429,0.9999996666667778,0,0.0,0.24999996875000394,0.399999920000016,2
46,0.0,1,0,4,313.475,1253.9,4,4,0,0.0,0.0,0.0,0.0,0,0.0,0.4999999375000079,0.4999999375000079,4
24,0.0,0,0,1,31.29,31.29,1,1,2,0.25,1.9999980000020001,0.06391818268078675,0.9999990000010001,0,0.0,0.0,0.499999750000125,1
56,0.0,1,0,4,1725.0275,6900.11,4,2,2,0.2,0.49999987500003124,0.00028985045161745965,0.7499998125000469,0,0.0,0.19999998000000202,0.33333327777778704,4
49,0.0,1,0,1,634.32,634.32,1,0,1,0.14285714285714285,0.9999990000010001,0.0015764913583420175,0.0,0,0.0,0.0,0.0,0
28,0.0,1,0,1,130.01,130.01,1,3,0,0.0,0.0,0.0,0.9999990000010001,0,0.0,0.11111109876543349,0.7499998125000469,2
37,0.0,0,0,0,0.0,0.0,0,1,2,0.25,2000000.0,2000000.0,0.0,0,0.0,0.0,0.9999990000010001,6
45,0.0,0,0,1,350.26,350.26,1,3,3,0.375,2.9999970000030003,0.008565065926554372,0.0,0,0.0,0.12499998437500197,0.7499998125000469,1
22,0.0,0,0,1,543.25,543.25,1,1,2,0.25,1.9999980000020001,0.003681546242647867,0.0,0,0.0,0.12499998437500197,0.499999750000125,1
45,0.0,0,0,2,276.005,552.01,2,3,0,0.0,0.0,0.0,0.99999950000025,0,0.0,0.24999996875000394,0.599999880000024,2
36,0.0,1,1,0,0.0,0.0,0,2,0,0.0,0.0,0.0,0.0,0,0.0,0.0,0.99999950000025,2
43,0.0,1,0,3,297.18666666666667,891.56,3,4,3,0.375,0.9999996666667778,0.00336488850625321,0.6666664444445185,0,0.0,0.3749999531250059,0.57142848979593,1
67,0.0,0,0,3,400.27666666666664,1200.83,3,3,3,0.3333333333333333,0.9999996666667778,0.002498272026433157,0.0,0,0.0,0.33333329629630043,0.49999991666668053,1
48,0.0,1,0,3,522.18,1566.54,3,3,0,0.0,0.0,0.0,0.6666664444445185,0,0.0,0.3749999531250059,0.49999991666668053,4
47,0.0,0,1,4,387.42199999999997,1937.11,5,5,2,0.2222222222222222,0.399999920000016,0.0010324658893751692,0.399999920000016,0,0.0,0.5555554938271674,0.499999950000005,4
40,0.0,1,0,2,333.97499999999997,667.9499999999999,2,3,2,0.25,0.99999950000025,0.002994236091033407,0.99999950000025,0,0.0,0.24999996875000394,0.599999880000024,1
48,0.0,0,1,4,305.59749999999997,1222.3899999999999,4,3,0,0.0,0.0,0.0,0.7499998125000469,0,0.0,0.3749999531250059,0.4285713673469475,4
55,0.0,1,0,2,4033.523333333333,12100.57,3,1,1,0.125,0.33333322222225925,8.264073509903742e-05,0.9999996666667778,1,0.24999993750001562,0.12499998437500197,0.24999993750001562,5
46,0.0,0,1,3,384.9266666666667,1154.78,3,4,0,0.0,0.0,0.0,0.6666664444445185,0,0.0,0.3749999531250059,0.57142848979593,4
42,1.0,1,0,1,546.35,546.35,1,2,1,0.125,0.9999990000010001,0.0018303285406235407,0.9999990000010001,0,0.0,0.12499998437500197,0.6666664444445185,2
29,0.0,0,0,1,253.11,253.11,1,1,2,0.25,1.9999980000020001,0.007901702785738601,0.9999990000010001,0,0.0,0.12499998437500197,0.499999750000125,1
48,0.0,1,0,0,0.0,0.0,0,0,2,0.2222222222222222,2000000.0,2000000.0,0.0,0,0.0,0.0,0.0,3
39,0.0,0,0,0,0.0,0.0,0,0,1,0.125,1000000.0,1000000.0,0.0,0,0.0,0.0,0.0,0
25,0.0,0,0,1,144.33,144.33,1,2,0,0.0,0.0,0.0,0.9999990000010001,0,0.0,0.12499998437500197,0.6666664444445185,2
37,0.0,0,0,4,370.35,1851.75,5,5,1,0.125,0.199999960000008,0.0005400297013419577,0.799999840000032,0,0.0,0.6249999218750099,0.499999950000005,4
21,0.0,0,0,0,0.0,0.0,0,2,1,0.125,1000000.0,1000000.0,0.0,0,0.0,0.0,0.99999950000025,6
32,1.0,1,0,4,630.0600000000001,3150.3,5,5,2,0.25,0.399999920000016,0.0006348601718455829,0.399999920000016,1,0.09999999000000101,0.6249999218750099,0.499999950000005,7
26,0.0,0,0,2,1043.73,2087.46,2,2,2,0.25,0.99999950000025,0.0009581021907207314,0.499999750000125,0,0.0,0.24999996875000394,0.49999987500003124,1
56,0.0,0,1,2,313.005,626.01,2,2,2,0.25,0.99999950000025,0.0031948371380731344,0.99999950000025,0,0.0,0.24999996875000394,0.49999987500003124,1
50,0.0,1,0,5,254.998,1274.99,5,5,1,0.125,0.199999960000008,0.0007843198764034855,0.599999880000024,0,0.0,0.4999999375000079,0.499999950000005,4
40,0.0,0,0,3,268.32,804.96,3,3,2,0.25,0.6666664444445185,0.0024845955047647144,0.6666664444445185,0,0.0,0.3749999531250059,0.49999991666668053,1
77,0.0,0,0,0,0.0,0.0,0,1,1,0.1111111111111111,1000000.0,1000000.0,0.0,0,0.0,0.0,0.9999990000010001,6
53,0.0,1,0,5,248.644,1243.22,5,5,1,0.125,0.199999960000008,0.000804362863528287,0.599999880000024,0,0.0,0.6249999218750099,0.499999950000005,4
45,0.0,0,1,3,299.7775,1199.11,4,3,2,0.2222222222222222,0.49999987500003124,0.0016679036938496855,0.7499998125000469,1,0.1428571224489825,0.33333329629630043,0.4285713673469475,7
19,0.0,0,0,0,0.0,0.0,0,0,1,0.125,1000000.0,1000000.0,0.0,0,0.0,0.0,0.0,0
60,0.0,1,0,2,329.265,658.53,2,2,2,0.2222222222222222,0.99999950000025,0.003037067403099225,0.0,0,0.0,0.22222219753086697,0.49999987500003124,1
19,0.0,0,0,0,0.0,0.0,0,0,3,0.375,3000000.0,3000000.0,0.0,0,0.0,0.0,0.0,3
38,0.0,0,0,1,458.88,458.88,1,2,1,0.125,0.9999990000010001,0.0021792189631729014,1.9999980000020001,0,0.0,0.12499998437500197,0.6666664444445185,2
45,0.0,1,1,2,688.37,1376.74,2,2,2,0.25,0.99999950000025,0.0014527071186624147,0.0,0,0.0,0.24999996875000394,0.49999987500003124,1
38,0.0,0,0,2,1019.4266666666666,3058.2799999999997,3,3,1,0.125,0.33333322222225925,0.00032698117885642225,0.6666664444445185,0,0.0,0.3749999531250059,0.49999991666668053,4
39,0.0,0,1,2,185.43,370.86,2,3,2,0.2222222222222222,0.99999950000025,0.005392870610492179,0.499999750000125,0,0.0,0.22222219753086697,0.599999880000024,1
49,0.0,0,0,3,517.8766666666667,1553.63,3,3,1,0.125,0.33333322222225925,0.0006436538940135979,0.6666664444445185,0,0.0,0.24999996875000394,0.49999991666668053,4
18,1.0,0,0,2,3769.69,7539.38,2,1,0,0.0,0.0,0.0,0.99999950000025,0,0.0,0.12499998437500197,0.33333322222225925,2
20,0.0,0,0,1,716.34,1432.68,2,1,3,0.375,1.499999250000375,0.0020939777186154774,0.99999950000025,1,0.33333322222225925,0.12499998437500197,0.33333322222225925,7
33,0.0,0,0,4,371.6875,1486.75,4,4,1,0.125,0.24999993750001562,0.0006726080372136485,0.7499998125000469,0,0.0,0.4999999375000079,0.4999999375000079,4
82,1.0,0,0,1,2117.65,4235.3,2,3,2,0.25,0.99999950000025,0.00047222156624743896,0.99999950000025,1,0.199999960000008,0.24999996875000394,0.599999880000024,7
38,1.0,0,1,2,1005.48,2010.96,2,3,1,0.125,0.499999750000125,0.0004972749331178765,0.499999750000125,0,0.0,0.24999996875000394,0.599999880000024,2
40,0.0,1,0,3,448.9166666666667,1346.75,3,4,0,0.0,0.0,0.0,1.333332888889037,0,0.0,0.3749999531250059,0.57142848979593,4
52,0.0,1,1,5,992.3520000000001,4961.76,5,4,0,0.0,0.0,0.0,1.799999640000072,0,0.0,0.4999999375000079,0.44444439506173394,4
25,0.0,1,0,1,653.08,653.08,1,1,2,0.25,1.9999980000020001,0.0030624119509670912,0.9999990000010001,0,0.0,0.12499998437500197,0.499999750000125,1
48,0.0,0,1,2,525.04,1050.08,2,2,0,0.0,0.0,0.0,0.0,0,0.0,0.24999996875000394,0.49999987500003124,2
41,0.0,0,1,2,317.53333333333336,952.6,3,3,2,0.25,0.6666664444445185,0.002099517108860469,0.6666664444445185,0,0.0,0.3749999531250059,0.49999991666668053,1
49,0.0,1,0,3,207.44999999999996,622.3499999999999,3,3,1,0.125,0.33333322222225925,0.0016068128840575034,0.33333322222225925,0,0.0,0.3749999531250059,0.49999991666668053,4
49,0.0,0,0,3,262.3833333333333,787.15,3,2,2,0.25,0.6666664444445185,0.0025408117861388407,0.6666664444445185,0,0.0,0.24999996875000394,0.399999920000016,1
19,0.0,0,0,0,0.0,0.0,0,1,2,0.25,2000000.0,2000000.0,0.0,0,0.0,0.0,0.9999990000010001,6
39,0.0,0,0,3,324.81333333333333,974.44,3,3,1,0.125,0.33333322222225925,0.0010262304492567726,0.33333322222225925,0,0.0,0.3749999531250059,0.49999991666668053,4
61,0.0,1,1,0,0.0,0.0,0,0,2,0.2,2000000.0,2000000.0,0.0,0,0.0,0.0,0.0,3
31,0.0,0,0,3,328.1366666666666,984.4099999999999,3,2,1,0.125,0.33333322222225925,0.0010158368961958567,0.6666664444445185,0,0.0,0.24999996875000394,0.399999920000016,2
49,0.0,0,1,3,289.315,1157.26,4,4,1,0.125,0.24999993750001562,0.000864110052309671,0.49999987500003124,0,0.0,0.4999999375000079,0.4999999375000079,4
46,0.0,1,1,3,871.14,3484.56,4,4,2,0.25,0.49999987500003124,0.000573960557265778,0.9999997500000625,0,0.0,0.4999999375000079,0.4999999375000079,4
39,0.0,0,0,2,472.18499999999995,944.3699999999999,2,3,0,0.0,0.0,0.0,0.0,0,0.0,0.24999996875000394,0.599999880000024,2
24,0.0,0,0,0,0.0,0.0,0,0,0,0.0,0.0,0.0,0.0,0,0.0,0.0,0.0,0
40,0.0,0,0,2,264.265,528.53,2,1,1,0.125,0.499999750000125,0.0018920401833537545,0.499999750000125,0,0.0,0.12499998437500197,0.33333322222225925,2
58,0.0,1,0,3,339.8266666666667,1019.4800000000001,3,3,0,0.0,0.0,0.0,0.0,0,0.0,0.3749999531250059,0.49999991666668053,4
47,0.0,1,1,4,339.6125,1358.45,4,4,0,0.0,0.0,0.0,0.7499998125000469,0,0.0,0.3749999531250059,0.4999999375000079,4
56,0.0,1,1,4,358.3575,1433.43,4,2,3,0.3333333333333333,0.7499998125000469,0.002092882106490807,0.7499998125000469,0,0.0,0.22222219753086697,0.33333327777778704,1
33,0.0,0,0,1,1175.03,1175.03,1,3,2,0.25,1.9999980000020001,0.0017020842006569327,0.9999990000010001,0,0.0,0.12499998437500197,0.7499998125000469,1
38,1.0,0,1,1,505.27,505.27,1,1,2,0.25,1.9999980000020001,0.003958279723794645,0.9999990000010001,0,0.0,0.12499998437500197,0.499999750000125,1
47,0.0,0,1,3,393.0875,1572.35,4,4,4,0.5,0.9999997500000625,0.0025439628565243344,0.49999987500003124,1,0.12499998437500197,0.4999999375000079,0.4999999375000079,7
31,0.0,1,0,1,601.44,601.44,1,0,0,0.0,0.0,0.0,0.9999990000010001,0,0.0,0.0,0.0,0
24,0.0,0,0,1,433.04,866.08,2,2,2,0.2222222222222222,0.99999950000025,0.00230925549336175,0.0,1,0.24999993750001562,0.22222219753086697,0.49999987500003124,7
57,1.0,1,0,1,291.4,582.8,2,2,2,0.25,0.99999950000025,0.0034317089851892434,1.499999250000375,0,0.0,0.24999996875000394,0.49999987500003124,1
68,0.0,1,0,0,0.0,0.0,0,1,2,0.25,2000000.0,2000000.0,0.0,0,0.0,0.0,0.9999990000010001,6
35,0.0,0,1,2,679.1066666666667,2037.3200000000002,3,4,2,0.25,0.6666664444445185,0.0009816818168075303,0.33333322222225925,1,0.1428571224489825,0.3749999531250059,0.57142848979593,7
38,0.0,1,0,6,254.88833333333332,1529.33,6,6,1,0.1111111111111111,0.16666663888889352,0.0006538811109087763,0.33333327777778704,0,0.0,0.6666665925926009,0.4999999583333368,4
37,0.0,0,1,2,214.01999999999998,428.03999999999996,2,3,0,0.0,0.0,0.0,0.0,0,0.0,0.24999996875000394,0.599999880000024,2
48,0.0,0,1,1,114.9,114.9,1,2,0,0.0,0.0,0.0,0.9999990000010001,0,0.0,0.12499998437500197,0.6666664444445185,2
70,0.0,0,0,0,0.0,0.0,0,1,3,0.375,3000000.0,3000000.0,0.0,0,0.0,0.0,0.9999990000010001,6
55,0.0,0,1,2,1160.4850000000001,2320.9700000000003,2,2,1,0.125,0.499999750000125,0.000430854340887278,0.499999750000125,0,0.0,0.24999996875000394,0.49999987500003124,2
56,0.0,1,1,2,427.97,855.94,2,2,2,0.25,0.99999950000025,0.002336612376642507,0.499999750000125,0,0.0,0.24999996875000394,0.49999987500003124,1
44,0.0,0,1,1,44.28,44.28,1,1,2,0.25,1.9999980000020001,0.04516711731781578,0.0,0,0.0,0.12499998437500197,0.499999750000125,1
37,0.0,0,0,4,215.18,860.72,4,4,1,0.125,0.24999993750001562,0.0011618180114766497,0.24999993750001562,0,0.0,0.4999999375000079,0.4999999375000079,4
69,0.0,1,0,1,3210.08,3210.08,1,2,1,0.125,0.9999990000010001,0.00031151871594741604,0.9999990000010001,0,0.0,0.0,0.6666664444445185,2
27,0.0,0,1,2,2813.455,5626.91,2,2,3,0.375,1.499999250000375,0.0005331522984136671,0.99999950000025,0,0.0,0.12499998437500197,0.49999987500003124,1
54,0.0,1,1,1,263.76,263.76,1,1,0,0.0,0.0,0.0,0.9999990000010001,0,0.0,0.12499998437500197,0.499999750000125,2
24,0.0,0,0,0,0.0,0.0,0,1,1,0.14285714285714285,1000000.0,1000000.0,0.0,0,0.0,0.0,0.9999990000010001,6
32,0.0,0,0,0,0.0,0.0,0,0,2,0.2222222222222222,2000000.0,2000000.0,0.0,0,0.0,0.0,0.0,3
36,0.0,1,0,1,722.45,722.45,1,1,1,0.125,0.9999990000010001,0.001384178833989648,0.0,0,0.0,0.12499998437500197,0.499999750000125,2
52,0.0,1,0,3,221.62333333333333,664.87,3,3,2,0.25,0.6666664444445185,0.003008106843430886,1.333332888889037,0,0.0,0.3749999531250059,0.49999991666668053,1
57,0.0,1,0,3,412.1166666666666,1236.35,3,3,3,0.375,0.9999996666667778,0.002426497349111095,0.9999996666667778,0,0.0,0.24999996875000394,0.49999991666668053,1
35,0.0,1,1,2,569.005,1138.01,2,3,1,0.125,0.499999750000125,0.0008787268996944429,0.499999750000125,0,0.0,0.24999996875000394,0.599999880000024,2
49,0.0,1,1,2,350.4566666666667,1051.3700000000001,3,3,5,0.5555555555555556,1.6666661111112961,0.004755699701574421,0.6666664444445185,1,0.16666663888889352,0.33333329629630043,0.49999991666668053,7
19,0.0,0,1,0,0.0,0.0,0,1,1,0.125,1000000.0,1000000.0,0.0,0,0.0,0.0,0.9999990000010001,6
53,0.0,1,0,2,478.355,956.71,2,2,2,0.25,0.99999950000025,0.0020904976407788173,0.0,0,0.0,0.24999996875000394,0.49999987500003124,1
44,0.0,0,0,2,510.64000000000004,1531.92,3,3,1,0.125,0.33333322222225925,0.0006527756014329889,0.33333322222225925,0,0.0,0.3749999531250059,0.49999991666668053,4
66,0.0,0,0,1,344.54,344.54,1,1,2,0.25,1.9999980000020001,0.005804841220744061,0.9999990000010001,0,0.0,0.12499998437500197,0.499999750000125,1
43,0.0,0,0,2,150.07666666666668,450.23,3,3,2,0.25,0.6666664444445185,0.004442173990089123,0.33333322222225925,0,0.0,0.3749999531250059,0.49999991666668053,1
48,0.0,0,0,1,427.97,427.97,1,3,0,0.0,0.0,0.0,0.9999990000010001,0,0.0,0.12499998437500197,0.7499998125000469,2
43,0.0,0,0,3,486.41,1945.64,4,5,2,0.25,0.49999987500003124,0.001027939392165077,0.7499998125000469,0,0.0,0.4999999375000079,0.5555554938271674,4
59,0.0,1,0,2,1887.2749999999999,3774.5499999999997,2,2,4,0.5,1.9999990000005,0.0010597289740340626,0.499999750000125,0,0.0,0.24999996875000394,0.49999987500003124,1
42,0.0,0,1,2,577.1566666666668,1731.4700000000003,3,2,2,0.25,0.6666664444445185,0.001155087872642848,0.0,1,0.199999960000008,0.24999996875000394,0.399999920000016,7
34,0.0,0,0,1,2003.98,2003.98,1,2,5,0.5555555555555556,4.999995000005001,0.0024950348793425906,0.9999990000010001,0,0.0,0.11111109876543349,0.6666664444445185,1
36,0.0,1,0,2,344.26,688.52,2,2,0,0.0,0.0,0.0,0.0,0,0.0,0.24999996875000394,0.49999987500003124,2
67,0.0,1,0,0,0.0,0.0,1,3,3,0.3333333333333333,2.9999970000030003,3000000.0,0.0,1,0.24999993750001562,0.11111109876543349,0.7499998125000469,7
51,0.0,0,0,4,258.63,1034.52,4,4,1,0.125,0.24999993750001562,0.0009666318669850443,0.7499998125000469,0,0.0,0.3749999531250059,0.4999999375000079,4
47,0.0,0,0,4,513.165,2052.66,4,4,4,0.5,0.9999997500000625,0.0019486909658936744,0.49999987500003124,0,0.0,0.4999999375000079,0.4999999375000079,1
56,0.0,1,0,1,301.34,301.34,1,0,2,0.25,1.9999980000020001,0.006637021282813363,0.9999990000010001,0,0.0,0.0,0.0,0
53,0.0,1,0,4,347.115,1388.46,4,4,1,0.125,0.24999993750001562,0.0007202224041598443,0.24999993750001562,0,0.0,0.4999999375000079,0.4999999375000079,4
42,0.0,0,0,5,334.55833333333334,2007.35,6,5,3,0.375,0.49999991666668053,0.0014945076835158255,0.6666665555555741,0,0.0,0.6249999218750099,0.4545454132231443,4
50,0.0,1,0,4,298.48,1193.92,4,4,1,0.125,0.24999993750001562,0.0008375770563877168,0.7499998125000469,0,0.0,0.4999999375000079,0.4999999375000079,4
38,0.0,0,0,3,319.95666666666665,959.8699999999999,3,3,0,0.0,0.0,0.0,0.33333322222225925,0,0.0,0.3749999531250059,0.49999991666668053,4
45,0.0,0,0,4,291.43,1165.72,4,2,0,0.0,0.0,0.0,0.49999987500003124,0,0.0,0.24999996875000394,0.33333327777778704,4
26,0.0,0,0,0,0.0,0.0,0,0,0,0.0,0.0,0.0,0.0,0,0.0,0.0,0.0,0
32,0.0,1,0,2,1259.8449999999998,2519.6899999999996,2,3,2,0.25,0.99999950000025,0.000793748436992746,0.499999750000125,0,0.0,0.24999996875000394,0.599999880000024,1
40,0.0,0,1,4,312.9625,1251.85,4,3,2,0.25,0.49999987500003124,0.0015976354981845785,0.0,0,0.0,0.3749999531250059,0.4285713673469475,4
37,0.0,0,0,1,944.73,944.73,1,1,2,0.2222222222222222,1.9999980000020001,0.002117006973297125,0.0,0,0.0,0.11111109876543349,0.499999750000125,1
47,0.0,0,0,4,536.115,2144.46,4,3,2,0.25,0.49999987500003124,0.0009326357213785123,0.49999987500003124,0,0.0,0.3749999531250059,0.4285713673469475,4
70,0.0,1,0,0,0.0,0.0,0,0,1,0.125,1000000.0,1000000.0,0.0,0,0.0,0.0,0.0,0
59,0.0,1,1,2,842.435,1684.87,2,2,0,0.0,0.0,0.0,0.0,0,0.0,0.24999996875000394,0.49999987500003124,2
55,0.0,0,0,3,212.5233333333333,637.5699999999999,3,3,1,0.1111111111111111,0.33333322222225925,0.0015684552259854524,0.9999996666667778,0,0.0,0.33333329629630043,0.49999991666668053,4
42,0.0,0,0,1,833.72,833.72,1,1,1,0.125,0.9999990000010001,0.001199443456796714,0.0,0,0.0,0.12499998437500197,0.499999750000125,2
27,0.0,0,0,0,0.0,0.0,0,1,0,0.0,0.0,0.0,0.0,0,0.0,0.0,0.9999990000010001,2
52,0.0,1,0,3,2174.85,8699.4,4,5,2,0.25,0.49999987500003124,0.00022990091268019623,1.249999687500078,1,0.11111109876543349,0.4999999375000079,0.5555554938271674,7
25,0.0,0,0,1,434.64,434.64,1,2,2,0.25,1.9999980000020001,0.004601509284461833,0.9999990000010001,0,0.0,0.12499998437500197,0.6666664444445185,1
53,0.0,1,0,5,305.64,1528.1999999999998,5,4,2,0.25,0.399999920000016,0.001308729223067184,0.399999920000016,0,0.0,0.4999999375000079,0.44444439506173394,4
23,0.0,0,0,1,107.73,107.73,1,2,2,0.25,1.9999980000020001,0.018564930673304274,0.9999990000010001,0,0.0,0.12499998437500197,0.6666664444445185,1
52,0.0,1,0,1,463.69,463.69,1,2,1,0.1111111111111111,0.9999990000010001,0.002156613249894082,0.9999990000010001,0,0.0,0.11111109876543349,0.6666664444445185,2
61,0.0,1,0,2,79.6,159.2,2,3,1,0.125,0.499999750000125,0.006281406995719806,0.99999950000025,0,0.0,0.24999996875000394,0.599999880000024,2
37,0.0,1,1,1,296.38,296.38,1,0,1,0.125,0.9999990000010001,0.003374046820385833,0.0,0,0.0,0.0,0.0,0
22,0.0,0,0,0,0.0,0.0,0,0,2,0.2222222222222222,2000000.0,2000000.0,0.0,0,0.0,0.0,0.0,3
40,1.0,1,0,2,430.365,860.73,2,2,3,0.375,1.499999250000375,0.003485413540267664,0.499999750000125,0,0.0,0.24999996875000394,0.49999987500003124,1
69,0.0,1,0,0,0.0,0.0,0,1,2,0.25,2000000.0,2000000.0,0.0,0,0.0,0.0,0.9999990000010001,6
33,0.0,0,0,1,413.33,413.33,1,2,2,0.25,1.9999980000020001,0.004838748687879543,0.9999990000010001,0,0.0,0.12499998437500197,0.6666664444445185,1
48,0.0,0,0,2,395.57000000000005,791.1400000000001,2,2,4,0.5,1.9999990000005,0.005055995139853887,0.499999750000125,0,0.0,0.24999996875000394,0.49999987500003124,1
19,0.0,0,0,0,0.0,0.0,0,1,0,0.0,0.0,0.0,0.0,0,0.0,0.0,0.9999990000010001,2
44,0.0,0,0,4,499.72200000000004,2498.61,5,5,3,0.375,0.599999880000024,0.001200667570689036,0.799999840000032,0,0.0,0.4999999375000079,0.499999950000005,4
20,0.0,0,0,1,348.65,697.3,2,1,1,0.125,0.499999750000125,0.0014341029665364937,0.99999950000025,1,0.33333322222225925,0.12499998437500197,0.33333322222225925,7
24,1.0,0,0,0,0.0,0.0,0,0,1,0.125,1000000.0,1000000.0,0.0,0,0.0,0.0,0.0,0
48,0.0,1,1,3,505.8866666666667,1517.66,3,3,1,0.125,0.33333322222225925,0.0006589091096431946,0.0,0,0.0,0.3749999531250059,0.49999991666668053,4
38,0.0,0,0,1,181.81,181.81,1,1,3,0.375,2.9999970000030003,0.016500742442655834,0.9999990000010001,0,0.0,0.12499998437500197,0.499999750000125,1
31,0.0,0,1,1,263.24,263.24,1,3,2,0.25,1.9999980000020001,0.007597629510721663,0.9999990000010001,0,0.0,0.12499998437500197,0.7499998125000469,1
40,0.0,1,1,2,510.1133333333333,1530.34,3,4,1,0.125,0.33333322222225925,0.0006534495598014496,1.333332888889037,1,0.1428571224489825,0.3749999531250059,0.57142848979593,7
45,0.0,1,0,2,496.685,993.37,2,2,1,0.1111111111111111,0.499999750000125,0.0010066742492659592,0.0,0,0.0,0.22222219753086697,0.49999987500003124,2
41,0.0,1,0,3,567.25,2269.0,4,3,2,0.25,0.49999987500003124,0.000881445570347534,0.24999993750001562,0,0.0,0.3749999531250059,0.4285713673469475,4
41,0.0,1,0,4,357.91499999999996,1431.6599999999999,4,4,1,0.125,0.24999993750001562,0.000698489864424172,0.9999997500000625,0,0.0,0.3749999531250059,0.4999999375000079,4
38,0.0,1,1,2,268.375,536.75,2,2,4,0.5,1.9999990000005,0.007452258952115027,0.0,0,0.0,0.24999996875000394,0.49999987500003124,1
49,1.0,0,0,2,416.8,833.6,2,3,2,0.25,0.99999950000025,0.0023992322428032244,0.0,0,0.0,0.24999996875000394,0.599999880000024,1
41,0.0,0,0,4,702.864,3514.32,5,3,1,0.125,0.199999960000008,0.0002845500693492482,0.399999920000016,1,0.12499998437500197,0.3749999531250059,0.3749999531250059,7
60,1.0,1,0,4,366.02,1830.1,5,4,1,0.125,0.199999960000008,0.0005464182282135302,0.0,0,0.0,0.4999999375000079,0.44444439506173394,4
55,0.0,0,1,3,313.3333333333333,940.0,3,3,0,0.0,0.0,0.0,0.6666664444445185,0,0.0,0.3749999531250059,0.49999991666668053,4
19,0.0,0,1,0,0.0,0.0,0,0,2,0.25,2000000.0,2000000.0,0.0,0,0.0,0.0,0.0,3
47,0.0,1,0,3,454.5833333333333,1363.75,3,1,0,0.0,0.0,0.0,0.33333322222225925,0,0.0,0.12499998437500197,0.24999993750001562,2
44,0.0,0,0,3,137.12,411.36,3,3,2,0.25,0.6666664444445185,0.004861921419530529,0.9999996666667778,0,0.0,0.3749999531250059,0.49999991666668053,1
55,0.0,0,0,2,381.28,762.56,2,2,0,0.0,0.0,0.0,0.99999950000025,0,0.0,0.24999996875000394,0.49999987500003124,2
56,0.0,1,0,2,154.055,308.11,2,1,0,0.0,0.0,0.0,0.99999950000025,0,0.0,0.12499998437500197,0.33333322222225925,2
21,1.0,0,1,0,0.0,0.0,0,0,1,0.125,1000000.0,1000000.0,0.0,0,0.0,0.0,0.0,0
42,0.0,1,0,4,247.7875,991.15,4,4,4,0.5,0.9999997500000625,0.004035716083301502,0.49999987500003124,0,0.0,0.4999999375000079,0.4999999375000079,1
65,0.0,1,1,0,0.0,0.0,0,0,3,0.375,3000000.0,3000000.0,0.0,0,0.0,0.0,0.0,3
32,0.0,0,0,2,277.66499999999996,555.3299999999999,2,2,1,0.125,0.499999750000125,0.0018007310935826788,0.499999750000125,0,0.0,0.12499998437500197,0.49999987500003124,2
38,0.0,1,1,2,529.8050000000001,1059.6100000000001,2,3,1,0.125,0.499999750000125,0.0009437434518891444,0.99999950000025,0,0.0,0.24999996875000394,0.599999880000024,2
36,0.0,1,1,1,693.86,693.86,1,2,2,0.25,1.9999980000020001,0.00288242584544083,3.9999960000040002,0,0.0,0.12499998437500197,0.6666664444445185,1
45,0.0,1,1,4,536.75,2147.0,4,4,3,0.375,0.7499998125000469,0.001397298555474011,0.49999987500003124,0,0.0,0.4999999375000079,0.4999999375000079,4
47,1.0,1,1,2,62.410000000000004,124.82000000000001,2,4,1,0.125,0.499999750000125,0.008011536548537602,0.499999750000125,0,0.0,0.24999996875000394,0.6666665555555741,2
47,0.0,1,0,2,196.23,392.46,2,2,1,0.1111111111111111,0.499999750000125,0.002548030366029582,0.0,0,0.0,0.22222219753086697,0.49999987500003124,2
50,0.0,1,0,2,768.2049999999999,1536.4099999999999,2,2,2,0.25,0.99999950000025,0.0013017358639284202,2.499998750000625,0,0.0,0.24999996875000394,0.49999987500003124,1
69,1.0,1,0,0,0.0,0.0,0,1,1,0.125,1000000.0,1000000.0,0.0,0,0.0,0.0,0.9999990000010001,6
40,0.0,0,1,2,2800.7166666666667,8402.15,3,3,2,0.25,0.6666664444445185,0.0002380343126178378,0.6666664444445185,1,0.16666663888889352,0.3749999531250059,0.49999991666668053,7
50,0.0,1,0,4,196.652,983.26,5,5,1,0.125,0.199999960000008,0.0010170249974401227,0.199999960000008,0,0.0,0.6249999218750099,0.499999950000005,4
41,1.0,0,0,3,292.8933333333334,878.6800000000001,3,3,0,0.0,0.0,0.0,0.9999996666667778,0,0.0,0.3749999531250059,0.49999991666668053,4
38,0.0,0,0,1,92.495,184.99,2,2,2,0.25,0.99999950000025,0.010811395152108789,0.499999750000125,0,0.0,0.24999996875000394,0.49999987500003124,1
23,1.0,0,0,1,567.2,567.2,1,2,1,0.125,0.9999990000010001,0.0017630465413204397,0.0,0,0.0,0.12499998437500197,0.6666664444445185,2
31,0.0,1,1,2,427.945,855.89,2,1,2,0.25,0.99999950000025,0.0023367488785512756,0.499999750000125,0,0.0,0.12499998437500197,0.33333322222225925,1
53,0.0,1,1,0,0.0,0.0,0,1,0,0.0,0.0,0.0,0.0,0,0.0,0.0,0.9999990000010001,2
45,0.0,0,0,4,442.328,2211.64,5,6,1,0.125,0.199999960000008,0.0004521531531116488,0.399999920000016,0,0.0,0.6249999218750099,0.5454544958677732,4
39,0.0,0,0,4,231.58333333333334,1389.5,6,5,2,0.25,0.33333327777778704,0.0014393666776255007,0.8333331944444675,0,0.0,0.6249999218750099,0.4545454132231443,4
22,0.0,0,0,1,527.04,527.04,1,1,1,0.125,0.9999990000010001,0.0018973891888710741,0.9999990000010001,0,0.0,0.12499998437500197,0.499999750000125,2
41,1.0,0,1,2,613.175,2452.7,4,4,1,0.125,0.24999993750001562,0.0004077139477279268,0.7499998125000469,1,0.12499998437500197,0.4999999375000079,0.4999999375000079,7
40,0.0,0,1,1,464.9,464.9,1,2,1,0.1,0.9999990000010001,0.0021510002104732197,0.0,0,0.0,0.09999999000000101,0.6666664444445185,2
27,0.0,0,0,1,201.71,201.71,1,0,2,0.25,1.9999980000020001,0.009915224778567128,0.0,0,0.0,0.0,0.0,0
41,0.0,0,1,2,159.70000000000002,319.40000000000003,2,2,4,0.5,1.9999990000005,0.012523481488655348,0.499999750000125,0,0.0,0.12499998437500197,0.49999987500003124,1
54,0.0,0,0,3,225.4333333333333,676.3,3,2,4,0.5,1.333332888889037,0.005914534960942578,0.6666664444445185,0,0.0,0.24999996875000394,0.399999920000016,1
41,0.0,0,0,5,363.73199999999997,1818.6599999999999,5,3,0,0.0,0.0,0.0,0.399999920000016,0,0.0,0.3749999531250059,0.3749999531250059,4
54,0.0,0,0,3,447.70666666666665,1343.12,3,3,2,0.25,0.6666664444445185,0.0014890702234431248,0.0,0,0.0,0.3749999531250059,0.49999991666668053,1
44,0.0,1,0,3,336.7125,1346.85,4,4,2,0.25,0.49999987500003124,0.0014849463552103453,0.0,1,0.12499998437500197,0.4999999375000079,0.4999999375000079,7
57,0.0,1,1,4,672.8,3364.0,5,5,2,0.25,0.399999920000016,0.0005945303208696402,0.599999880000024,1,0.09999999000000101,0.6249999218750099,0.499999950000005,7
44,0.0,1,0,0,0.0,0.0,0,0,3,0.3333333333333333,3000000.0,3000000.0,0.0,0,0.0,0.0,0.0,3
50,0.0,1,0,1,108.37,108.37,1,1,2,0.25,1.9999980000020001,0.01845529188469787,0.0,0,0.0,0.12499998437500197,0.499999750000125,1
55,0.0,0,0,1,640.68,640.68,1,1,1,0.125,0.9999990000010001,0.0015608416033576177,0.0,0,0.0,0.12499998437500197,0.499999750000125,2
58,0.0,0,0,0,0.0,0.0,0,0,2,0.25,2000000.0,2000000.0,0.0,0,0.0,0.0,0.0,3
45,0.0,1,1,4,326.4375,1305.75,4,4,1,0.125,0.24999993750001562,0.0007658433844412456,0.24999993750001562,0,0.0,0.4999999375000079,0.4999999375000079,4
30,0.0,0,0,0,0.0,0.0,0,0,1,0.125,1000000.0,1000000.0,0.0,0,0.0,0.0,0.0,0
44,0.0,0,0,4,468.14,1872.56,4,4,2,0.25,0.49999987500003124,0.0010680565637052717,0.49999987500003124,0,0.0,0.4999999375000079,0.4999999375000079,4
68,0.0,0,0,0,0.0,0.0,0,0,2,0.25,2000000.0,2000000.0,0.0,0,0.0,0.0,0.0,3
46,0.0,0,0,2,712.6266666666667,2137.88,3,2,0,0.0,0.0,0.0,0.0,0,0.0,0.24999996875000394,0.399999920000016,2
39,0.0,0,0,5,436.02,2180.1,5,4,0,0.0,0.0,0.0,1.199999760000048,0,0.0,0.4999999375000079,0.44444439506173394,4
35,0.0,1,0,1,250.5,250.5,1,1,1,0.125,0.9999990000010001,0.003992015952127681,0.0,0,0.0,0.12499998437500197,0.499999750000125,2
58,0.0,0,0,3,282.0,846.0,3,2,2,0.25,0.6666664444445185,0.0023640661910590234,0.9999996666667778,0,0.0,0.24999996875000394,0.399999920000016,1
56,1.0,1,1,0,0.0,0.0,0,1,1,0.125,1000000.0,1000000.0,0.0,0,0.0,0.0,0.9999990000010001,6
36,0.0,0,1,1,460.28,460.28,1,1,0,0.0,0.0,0.0,0.0,0,0.0,0.12499998437500197,0.499999750000125,2
42,0.0,0,1,2,173.445,346.89,2,2,2,0.25,0.99999950000025,0.005765516429515073,0.499999750000125,0,0.0,0.24999996875000394,0.49999987500003124,1
58,0.0,1,0,2,227.61499999999998,455.22999999999996,2,2,0,0.0,0.0,0.0,0.99999950000025,0,0.0,0.24999996875000394,0.49999987500003124,2
49,0.0,1,0,2,523.34,1046.68,2,1,0,0.0,0.0,0.0,0.499999750000125,0,0.0,0.12499998437500197,0.33333322222225925,2
55,0.0,1,0,3,372.28000000000003,1116.8400000000001,3,4,0,0.0,0.0,0.0,0.6666664444445185,0,0.0,0.3749999531250059,0.57142848979593,4
54,0.0,1,0,4,369.636,1848.18,5,5,1,0.125,0.199999960000008,0.0005410728389328566,0.399999920000016,0,0.0,0.6249999218750099,0.499999950000005,4
37,0.0,1,0,4,448.50600000000003,2242.53,5,5,3,0.3333333333333333,0.599999880000024,0.0013377747448918074,0.99999980000004,1,0.09999999000000101,0.5555554938271674,0.499999950000005,7
31,0.0,0,0,2,314.98,629.96,2,2,2,0.25,0.99999950000025,0.0031748047444682126,0.499999750000125,0,0.0,0.24999996875000394,0.49999987500003124,1
57,0.0,1,0,2,546.65,1093.3,2,3,2,0.25,0.99999950000025,0.0018293240630848585,0.0,0,0.0,0.24999996875000394,0.599999880000024,1
47,0.0,1,0,4,647.6999999999999,2590.7999999999997,4,4,1,0.125,0.24999993750001562,0.00038598116397020956,0.7499998125000469,0,0.0,0.3749999531250059,0.4999999375000079,4
40,0.0,0,0,3,478.1966666666667,1434.5900000000001,3,5,2,0.2222222222222222,0.6666664444445185,0.0013941265438946829,0.6666664444445185,0,0.0,0.33333329629630043,0.6249999218750099,4
50,0.0,1,1,2,688.87,1377.74,2,2,0,0.0,0.0,0.0,0.0,0,0.0,0.24999996875000394,0.49999987500003124,2
81,0.0,1,0,0,0.0,0.0,0,1,2,0.25,2000000.0,2000000.0,0.0,0,0.0,0.0,0.9999990000010001,6
73,0.0,1,0,0,0.0,0.0,0,1,1,0.125,1000000.0,1000000.0,0.0,0,0.0,0.0,0.9999990000010001,6
33,0.0,0,0,1,1431.75,2863.5,2,3,3,0.375,1.499999250000375,0.0010476689362501593,0.0,1,0.199999960000008,0.12499998437500197,0.599999880000024,7
42,0.0,0,0,3,238.90499999999997,955.6199999999999,4,4,3,0.3333333333333333,0.7499998125000469,0.0031393231586411725,0.49999987500003124,0,0.0,0.44444439506173394,0.4999999375000079,1
49,1.0,1,1,2,239.985,479.97,2,2,2,0.25,0.99999950000025,0.0041669270909287515,0.0,0,0.0,0.24999996875000394,0.49999987500003124,1
58,0.0,1,1,2,640.3900000000001,1280.7800000000002,2,1,1,0.125,0.499999750000125,0.0007807742151026918,0.499999750000125,0,0.0,0.12499998437500197,0.33333322222225925,2
19,1.0,0,0,0,0.0,0.0,0,0,0,0.0,0.0,0.0,0.0,0,0.0,0.0,0.0,0
56,0.0,1,0,1,10.84,10.84,1,2,1,0.125,0.9999990000010001,0.09225091399899318,0.9999990000010001,0,0.0,0.12499998437500197,0.6666664444445185,2
30,0.0,0,0,1,238.99,238.99,1,2,1,0.125,0.9999990000010001,0.004184275475190278,0.0,0,0.0,0.12499998437500197,0.6666664444445185,2
32,0.0,0,0,1,658.45,1316.9,2,1,1,0.125,0.499999750000125,0.0007593591003421981,0.499999750000125,0,0.0,0.12499998437500197,0.33333322222225925,2
58,0.0,1,1,2,362.64,725.28,2,2,2,0.25,0.99999950000025,0.0027575556988231366,0.499999750000125,0,0.0,0.24999996875000394,0.49999987500003124,1
54,1.0,0,1,1,188.89,188.89,1,2,1,0.125,0.9999990000010001,0.005294086477346146,0.0,0,0.0,0.12499998437500197,0.6666664444445185,2
41,0.0,1,1,4,430.154,2150.77,5,4,2,0.25,0.399999920000016,0.0009298995239240368,0.0,0,0.0,0.4999999375000079,0.44444439506173394,4
48,0.0,1,0,3,338.9866666666667,1016.96,3,2,1,0.1111111111111111,0.33333322222225925,0.0009833228435894008,0.0,0,0.0,0.22222219753086697,0.399999920000016,2
27,0.0,0,1,1,402.17,402.17,1,2,2,0.2222222222222222,1.9999980000020001,0.004973021346761267,0.0,0,0.0,0.11111109876543349,0.6666664444445185,1
32,0.0,0,0,4,517.5775,2070.31,4,3,3,0.375,0.7499998125000469,0.0014490583528799755,0.49999987500003124,0,0.0,0.3749999531250059,0.4285713673469475,1
44,0.0,0,0,4,302.4125,1209.65,4,4,3,0.375,0.7499998125000469,0.0024800562125573042,0.49999987500003124,0,0.0,0.4999999375000079,0.4999999375000079,4
46,0.0,0,1,1,247.69,247.69,1,2,0,0.0,0.0,0.0,0.0,0,0.0,0.12499998437500197,0.6666664444445185,2
20,0.0,0,1,1,470.53,470.53,1,2,3,0.3333333333333333,2.9999970000030003,0.006375788990339003,0.0,0,0.0,0.11111109876543349,0.6666664444445185,1
54,0.0,0,0,3,439.5333333333333,1318.6,3,3,2,0.25,0.6666664444445185,0.0015167601990620657,0.6666664444445185,0,0.0,0.3749999531250059,0.49999991666668053,1
37,0.0,0,0,3,358.6766666666667,1076.03,3,4,2,0.25,0.6666664444445185,0.0018586842357009709,0.0,0,0.0,0.3749999531250059,0.57142848979593,4
27,0.0,1,0,0,0.0,0.0,0,2,0,0.0,0.0,0.0,0.0,0,0.0,0.0,0.99999950000025,2
33,0.0,1,1,1,425.03,425.03,1,2,1,0.16666666666666666,0.9999990000010001,0.0023527750926928097,0.9999990000010001,0,0.0,0.16666663888889352,0.6666664444445185,2
43,0.0,0,0,3,322.42333333333335,967.27,3,3,1,0.125,0.33333322222225925,0.0010338375003527067,0.9999996666667778,0,0.0,0.3749999531250059,0.49999991666668053,4
38,0.0,0,0,1,180.5,361.0,2,2,3,0.375,1.499999250000375,0.008310249284459142,0.0,1,0.24999993750001562,0.24999996875000394,0.49999987500003124,7
44,1.0,1,0,4,1598.935,6395.74,4,3,1,0.125,0.24999993750001562,0.0001563540731555138,0.49999987500003124,0,0.0,0.3749999531250059,0.4285713673469475,4
39,0.0,1,1,4,301.1983333333333,1807.19,6,6,2,0.2222222222222222,0.33333327777778704,0.001106690496789662,0.6666665555555741,1,0.08333332638888948,0.6666665925926009,0.4999999583333368,7
38,0.0,0,1,1,352.75,352.75,1,2,1,0.125,0.9999990000010001,0.00283486887927748,0.9999990000010001,0,0.0,0.12499998437500197,0.6666664444445185,2
58,0.0,1,1,4,671.268,3356.34,5,5,0,0.0,0.0,0.0,0.599999880000024,0,0.0,0.6249999218750099,0.499999950000005,4
46,0.0,1,0,2,327.415,654.83,2,1,1,0.125,0.499999750000125,0.001527113905094278,0.99999950000025,0,0.0,0.0,0.33333322222225925,2
68,0.0,1,0,1,660.27,660.27,1,1,0,0.0,0.0,0.0,0.9999990000010001,0,0.0,0.12499998437500197,0.499999750000125,2
57,0.0,1,0,4,460.4825,1841.93,4,4,1,0.1111111111111111,0.24999993750001562,0.0005429087964564837,0.49999987500003124,0,0.0,0.33333329629630043,0.4999999375000079,4
48,1.0,0,0,2,637.96,1913.88,3,4,0,0.0,0.0,0.0,0.33333322222225925,0,0.0,0.3749999531250059,0.57142848979593,4
42,0.0,0,0,4,383.02666666666664,2298.16,6,5,3,0.3,0.49999991666668053,0.0013053921392307795,0.49999991666668053,1,0.09090908264462885,0.499999950000005,0.4545454132231443,7
42,0.0,1,1,3,238.1966666666667,714.59,3,3,2,0.25,0.6666664444445185,0.002798807703999765,0.6666664444445185,0,0.0,0.3749999531250059,0.49999991666668053,1
74,0.0,0,0,1,1131.14,2262.28,2,1,4,0.5,1.9999990000005,0.0017681277287656136,0.99999950000025,1,0.33333322222225925,0.12499998437500197,0.33333322222225925,7
46,0.0,0,0,3,347.84,1043.52,3,3,1,0.125,0.33333322222225925,0.0009582950006149426,0.0,0,0.0,0.3749999531250059,0.49999991666668053,4
27,0.0,0,1,0,0.0,0.0,0,1,1,0.125,1000000.0,1000000.0,0.0,0,0.0,0.0,0.9999990000010001,6
38,0.0,0,0,6,487.1066666666666,2922.64,6,5,1,0.125,0.16666663888889352,0.000342156406419485,0.6666665555555741,0,0.0,0.6249999218750099,0.4545454132231443,4
23,0.0,0,0,0,0.0,0.0,0,0,0,0.0,0.0,0.0,0.0,0,0.0,0.0,0.0,0
35,0.0,1,0,3,463.0933333333333,1389.28,3,3,2,0.25,0.6666664444445185,0.001439594609121563,0.9999996666667778,0,0.0,0.3749999531250059,0.49999991666668053,1
43,0.0,0,0,3,272.0133333333333,816.04,3,1,2,0.25,0.6666664444445185,0.002450860248945076,0.9999996666667778,0,0.0,0.12499998437500197,0.24999993750001562,1
68,0.0,1,0,0,0.0,0.0,0,0,1,0.1111111111111111,1000000.0,1000000.0,0.0,0,0.0,0.0,0.0,0
53,0.0,1,1,2,274.315,548.63,2,2,0,0.0,0.0,0.0,0.99999950000025,0,0.0,0.24999996875000394,0.49999987500003124,2
44,0.0,0,0,3,797.225,3188.9,4,5,1,0.125,0.24999993750001562,0.0003135877574356086,0.9999997500000625,1,0.11111109876543349,0.4999999375000079,0.5555554938271674,7
39,1.0,0,0,2,172.305,344.61,2,3,1,0.125,0.499999750000125,0.0029018310469753313,0.499999750000125,0,0.0,0.24999996875000394,0.599999880000024,2
39,0.0,0,0,2,313.2175,1252.87,4,4,2,0.25,0.49999987500003124,0.001596334813990011,0.7499998125000469,1,0.12499998437500197,0.4999999375000079,0.4999999375000079,7
67,0.0,1,0,3,2427.955,9711.82,4,4,2,0.25,0.49999987500003124,0.00020593462397306225,0.9999997500000625,1,0.12499998437500197,0.4999999375000079,0.4999999375000079,7
47,0.0,1,0,2,574.115,1148.23,2,3,1,0.125,0.499999750000125,0.0008709056540319398,0.0,0,0.0,0.24999996875000394,0.599999880000024,2
55,0.0,1,0,1,259.07,259.07,1,2,2,0.2222222222222222,1.9999980000020001,0.007719921227004589,0.9999990000010001,0,0.0,0.11111109876543349,0.6666664444445185,1
43,0.0,0,0,2,338.565,677.13,2,2,2,0.25,0.99999950000025,0.0029536425753494268,0.499999750000125,0,0.0,0.24999996875000394,0.49999987500003124,1
61,0.0,1,0,2,226.56,453.12,2,3,0,0.0,0.0,0.0,0.499999750000125,0,0.0,0.24999996875000394,0.599999880000024,2
40,0.0,1,0,2,152.39,304.78,2,1,0,0.0,0.0,0.0,0.0,0,0.0,0.0,0.33333322222225925,2
33,0.0,0,0,2,155.97,311.94,2,3,2,0.25,0.99999950000025,0.0064114893684314635,1.499999250000375,0,0.0,0.24999996875000394,0.599999880000024,1
35,0.0,0,0,1,464.45,464.45,1,1,0,0.0,0.0,0.0,1.9999980000020001,0,0.0,0.12499998437500197,0.499999750000125,2
21,0.0,0,0,1,248.39,248.39,1,0,1,0.125,0.9999990000010001,0.004025926953476682,0.9999990000010001,0,0.0,0.0,0.0,0
54,0.0,1,0,1,570.16,570.16,1,1,0,0.0,0.0,0.0,0.9999990000010001,0,0.0,0.0,0.499999750000125,2
25,0.0,0,1,0,0.0,0.0,0,0,1,0.125,1000000.0,1000000.0,0.0,0,0.0,0.0,0.0,0
41,0.0,1,1,4,589.062,2945.31,5,4,1,0.125,0.199999960000008,0.00033952283449296586,0.399999920000016,1,0.11111109876543349,0.4999999375000079,0.44444439506173394,7
50,0.0,1,1,2,203.995,407.99,2,1,2,0.25,0.99999950000025,0.004902080921341011,0.499999750000125,0,0.0,0.12499998437500197,0.33333322222225925,1
39,0.0,0,0,3,981.3066666666667,2943.92,3,3,0,0.0,0.0,0.0,0.33333322222225925,0,0.0,0.3749999531250059,0.49999991666668053,4
27,0.0,0,1,0,0.0,0.0,0,0,3,0.375,3000000.0,3000000.0,0.0,0,0.0,0.0,0.0,3
48,0.0,1,0,3,418.3666666666666,1255.1,3,3,2,0.25,0.6666664444445185,0.0015934985247442446,0.33333322222225925,0,0.0,0.3749999531250059,0.49999991666668053,1
43,0.0,1,0,3,473.47666666666663,1420.4299999999998,3,3,2,0.25,0.6666664444445185,0.0014080243296691675,0.6666664444445185,0,0.0,0.3749999531250059,0.49999991666668053,1
54,1.0,1,1,3,236.49,709.47,3,3,1,0.125,0.33333322222225925,0.0014095028663516386,1.333332888889037,0,0.0,0.3749999531250059,0.49999991666668053,4
19,0.0,0,0,0,0.0,0.0,0,1,1,0.125,1000000.0,1000000.0,0.0,0,0.0,0.0,0.9999990000010001,6
70,0.0,1,0,0,0.0,0.0,0,0,1,0.125,1000000.0,1000000.0,0.0,0,0.0,0.0,0.0,0
46,0.0,0,1,3,226.45000000000002,679.35,3,3,0,0.0,0.0,0.0,0.6666664444445185,0,0.0,0.3749999531250059,0.49999991666668053,4
42,0.0,0,0,2,499.75,999.5,2,2,0,0.0,0.0,0.0,0.0,0,0.0,0.24999996875000394,0.49999987500003124,2
47,0.0,0,1,3,461.9766666666667,1385.93,3,3,1,0.125,0.33333322222225925,0.0007215371622509525,0.9999996666667778,0,0.0,0.3749999531250059,0.49999991666668053,4
36,0.0,0,0,3,225.92999999999998,677.79,3,5,0,0.0,0.0,0.0,0.33333322222225925,0,0.0,0.3749999531250059,0.6249999218750099,4
34,0.0,0,0,0,0.0,0.0,0,1,2,0.25,2000000.0,2000000.0,0.0,0,0.0,0.0,0.9999990000010001,6
50,0.0,1,1,1,645.61,645.61,1,1,1,0.125,0.9999990000010001,0.0015489227218461257,1.9999980000020001,0,0.0,0.12499998437500197,0.499999750000125,2
36,1.0,0,0,3,1224.49,4897.96,4,3,3,0.375,0.7499998125000469,0.0006124998977916316,0.24999993750001562,1,0.1428571224489825,0.3749999531250059,0.4285713673469475,7
45,0.0,1,1,2,503.19000000000005,1006.3800000000001,2,2,1,0.125,0.499999750000125,0.0009936604453649113,1.9999990000005,0,0.0,0.24999996875000394,0.49999987500003124,2
22,0.0,0,0,2,546.325,1092.65,2,4,1,0.125,0.499999750000125,0.0009152061493477268,0.99999950000025,0,0.0,0.12499998437500197,0.6666665555555741,2
54,0.0,1,1,2,118.965,237.93,2,1,1,0.125,0.499999750000125,0.004202916806611538,0.99999950000025,0,0.0,0.12499998437500197,0.33333322222225925,2
44,0.0,1,0,2,335.495,670.99,2,2,1,0.125,0.499999750000125,0.0014903351741600691,0.499999750000125,0,0.0,0.24999996875000394,0.49999987500003124,2
19,0.0,0,0,1,2017.47,2017.47,1,0,2,0.25,1.9999980000020001,0.0009913406390224682,0.0,0,0.0,0.0,0.0,0
40,0.0,0,1,4,638.815,2555.26,4,3,2,0.25,0.49999987500003124,0.0007826992162117752,0.49999987500003124,0,0.0,0.3749999531250059,0.4285713673469475,4
57,0.0,0,1,2,631.015,1262.03,2,1,1,0.125,0.499999750000125,0.0007923741901600008,0.499999750000125,0,0.0,0.12499998437500197,0.33333322222225925,2
53,0.0,1,0,2,337.47,674.94,2,2,1,0.125,0.499999750000125,0.0014816131782356755,0.99999950000025,0,0.0,0.24999996875000394,0.49999987500003124,2
56,0.0,1,0,4,252.97,1011.88,4,4,2,0.25,0.49999987500003124,0.001976518952863463,0.0,0,0.0,0.4999999375000079,0.4999999375000079,4
48,0.0,1,1,1,297.15,297.15,1,3,3,0.375,2.9999970000030003,0.01009591112200602,0.9999990000010001,0,0.0,0.12499998437500197,0.7499998125000469,1
48,0.0,0,1,1,388.15,388.15,1,1,3,0.375,2.9999970000030003,0.007728970738814967,0.0,0,0.0,0.12499998437500197,0.499999750000125,1
39,0.0,1,0,3,603.17,1809.51,3,4,1,0.1,0.33333322222225925,0.0005526357961256717,0.9999996666667778,0,0.0,0.299999970000003,0.57142848979593,4
45,0.0,0,0,3,121.01666666666667,363.05,3,3,1,0.125,0.33333322222225925,0.0027544415293914294,0.6666664444445185,0,0.0,0.24999996875000394,0.49999991666668053,4
52,0.0,1,0,1,201.33,201.33,1,1,2,0.25,1.9999980000020001,0.00993393925428928,0.0,0,0.0,0.12499998437500197,0.499999750000125,1
26,1.0,0,0,0,0.0,0.0,0,0,2,0.25,2000000.0,2000000.0,0.0,0,0.0,0.0,0.0,3
48,1.0,0,0,1,393.97,393.97,1,2,0,0.0,0.0,0.0,0.0,0,0.0,0.12499998437500197,0.6666664444445185,2
47,0.0,0,0,2,433.025,866.05,2,2,2,0.25,0.99999950000025,0.002309335486046608,0.0,0,0.0,0.24999996875000394,0.49999987500003124,1
31,0.0,0,0,2,552.315,1104.63,2,4,0,0.0,0.0,0.0,0.0,0,0.0,0.24999996875000394,0.6666665555555741,2
52,0.0,0,1,2,304.78499999999997,609.5699999999999,2,3,1,0.125,0.499999750000125,0.0016405006781165402,1.499999250000375,0,0.0,0.24999996875000394,0.599999880000024,2
40,0.0,0,0,2,455.28999999999996,910.5799999999999,2,2,1,0.125,0.499999750000125,0.0010982011453159514,0.99999950000025,0,0.0,0.24999996875000394,0.49999987500003124,2
42,0.0,0,0,5,534.9433333333333,3209.66,6,5,3,0.3333333333333333,0.49999991666668053,0.0009346784391696696,0.9999998333333611,1,0.09090908264462885,0.5555554938271674,0.4545454132231443,7
44,0.0,0,0,2,183.58,550.74,3,3,3,0.375,0.9999996666667778,0.00544721646249189,0.33333322222225925,0,0.0,0.24999996875000394,0.49999991666668053,1
50,0.0,0,0,3,422.1025,1688.41,4,4,1,0.125,0.24999993750001562,0.0005922732034326536,0.7499998125000469,0,0.0,0.4999999375000079,0.4999999375000079,4
34,0.0,0,0,4,387.05,1935.25,5,6,3,0.375,0.599999880000024,0.001550187313499451,0.399999920000016,1,0.09090908264462885,0.6249999218750099,0.5454544958677732,7
19,0.0,0,1,1,1739.02,3478.04,2,1,3,0.375,1.499999250000375,0.0008625547719800363,0.0,1,0.33333322222225925,0.12499998437500197,0.33333322222225925,7
44,0.0,1,0,1,533.64,533.64,1,1,0,0.0,0.0,0.0,0.9999990000010001,0,0.0,0.12499998437500197,0.499999750000125,2
37,0.0,1,1,1,264.94,264.94,1,1,2,0.25,1.9999980000020001,0.00754887896297698,0.9999990000010001,0,0.0,0.12499998437500197,0.499999750000125,1
39,0.0,0,1,3,496.62999999999994,1489.8899999999999,3,2,1,0.125,0.33333322222225925,0.0006711904901226329,0.9999996666667778,0,0.0,0.24999996875000394,0.399999920000016,2
66,0.0,1,0,0,0.0,0.0,0,1,3,0.375,3000000.0,3000000.0,0.0,0,0.0,0.0,0.9999990000010001,6
20,0.0,0,0,0,0.0,0.0,0,1,2,0.25,2000000.0,2000000.0,0.0,0,0.0,0.0,0.9999990000010001,6
39,0.0,0,0,1,321.79,321.79,1,1,2,0.25,1.9999980000020001,0.006215233518085604,0.9999990000010001,0,0.0,0.0,0.499999750000125,1
37,0.0,0,1,1,118.05,118.05,1,1,1,0.125,0.9999990000010001,0.008470986798212734,0.9999990000010001,0,0.0,0.12499998437500197,0.499999750000125,2
30,0.0,0,0,3,490.82666666666665,1472.48,3,2,2,0.25,0.6666664444445185,0.0013582527427481168,0.33333322222225925,0,0.0,0.24999996875000394,0.399999920000016,1
19,0.0,0,0,1,572.0,572.0,1,1,2,0.25,1.9999980000020001,0.0034965034903907282,0.0,0,0.0,0.0,0.499999750000125,1
41,0.0,0,0,3,512.1033333333334,1536.31,3,2,0,0.0,0.0,0.0,0.0,0,0.0,0.24999996875000394,0.399999920000016,2
26,0.0,0,0,1,449.5,449.5,1,2,0,0.0,0.0,0.0,0.9999990000010001,0,0.0,0.12499998437500197,0.6666664444445185,2
29,0.0,0,0,3,146.21499999999997,584.8599999999999,4,3,2,0.25,0.49999987500003124,0.0034196217839831387,0.49999987500003124,1,0.1428571224489825,0.3749999531250059,0.4285713673469475,7
43,0.0,0,1,3,331.54,994.62,3,4,1,0.125,0.33333322222225925,0.0010054090999523345,0.6666664444445185,0,0.0,0.3749999531250059,0.57142848979593,4
43,0.0,1,0,2,320.495,640.99,2,4,1,0.125,0.499999750000125,0.001560086738388919,0.499999750000125,0,0.0,0.24999996875000394,0.6666665555555741,2
45,0.0,1,0,2,129.83666666666667,389.51,3,3,2,0.25,0.6666664444445185,0.00513465634994055,0.9999996666667778,1,0.16666663888889352,0.3749999531250059,0.49999991666668053,7
60,1.0,1,0,1,322.25,322.25,1,2,0,0.0,0.0,0.0,0.9999990000010001,0,0.0,0.0,0.6666664444445185,2
53,0.0,1,0,2,701.31,1402.62,2,4,2,0.25,0.99999950000025,0.0014259029520284161,0.99999950000025,0,0.0,0.24999996875000394,0.6666665555555741,1
61,0.0,0,1,1,708.49,1416.98,2,2,2,0.2222222222222222,0.99999950000025,0.0014114525247981957,0.99999950000025,0,0.0,0.22222219753086697,0.49999987500003124,1
37,0.0,0,0,5,287.868,1439.34,5,5,1,0.125,0.199999960000008,0.0006947628769472377,0.399999920000016,0,0.0,0.6249999218750099,0.499999950000005,4
48,0.0,1,1,1,594.22,594.22,1,2,0,0.0,0.0,0.0,0.9999990000010001,0,0.0,0.12499998437500197,0.6666664444445185,2
56,0.0,0,1,2,328.685,657.37,2,4,3,0.375,1.499999250000375,0.004563639952289213,0.0,0,0.0,0.24999996875000394,0.6666665555555741,1
43,0.0,1,1,2,419.605,839.21,2,2,2,0.25,0.99999950000025,0.0023831937150615534,0.499999750000125,0,0.0,0.24999996875000394,0.49999987500003124,1
72,1.0,1,0,0,0.0,0.0,0,0,0,0.0,0.0,0.0,0.0,0,0.0,0.0,0.0,0
41,0.0,1,1,2,7237.174999999999,14474.349999999999,2,3,2,0.25,0.99999950000025,0.00013817546210101488,3.499998250000875,0,0.0,0.24999996875000394,0.599999880000024,5
19,0.0,0,0,1,623.83,623.83,1,1,1,0.125,0.9999990000010001,0.0016030008149608053,0.0,0,0.0,0.12499998437500197,0.499999750000125,2
45,0.0,0,0,2,333.505,667.01,2,2,0,0.0,0.0,0.0,0.499999750000125,0,0.0,0.24999996875000394,0.49999987500003124,2
65,0.0,1,0,1,72.23,72.23,1,1,2,0.25,1.9999980000020001,0.02768932538156825,0.9999990000010001,0,0.0,0.12499998437500197,0.499999750000125,1
35,0.0,0,0,1,396.7,396.7,1,0,0,0.0,0.0,0.0,0.0,0,0.0,0.0,0.0,0
49,0.0,1,1,2,938.7149999999999,1877.4299999999998,2,1,3,0.375,1.499999250000375,0.0015979290830561304,0.0,0,0.0,0.12499998437500197,0.33333322222225925,1
43,0.0,0,1,1,198.24,198.24,1,1,0,0.0,0.0,0.0,1.9999980000020001,0,0.0,0.12499998437500197,0.499999750000125,2
40,0.0,0,0,4,292.475,1169.9,4,4,2,0.25,0.49999987500003124,0.001709547823139116,0.7499998125000469,0,0.0,0.4999999375000079,0.4999999375000079,4
32,0.0,0,0,1,686.5,686.5,1,0,2,0.25,1.9999980000020001,0.002913328473542129,0.9999990000010001,0,0.0,0.0,0.0,0
57,0.0,1,0,2,595.5933333333334,1786.78,3,3,1,0.125,0.33333322222225925,0.0005596659910231444,0.0,0,0.0,0.3749999531250059,0.49999991666668053,4
31,0.0,0,0,2,360.93499999999995,721.8699999999999,2,1,1,0.125,0.499999750000125,0.0013852909784513958,0.0,0,0.0,0.12499998437500197,0.33333322222225925,2
42,0.0,0,0,2,217.65499999999997,435.30999999999995,2,3,2,0.2857142857142857,0.99999950000025,0.004594426949543023,0.499999750000125,0,0.0,0.285714244897965,0.599999880000024,1
55,0.0,0,1,3,302.7,908.0999999999999,3,3,1,0.125,0.33333322222225925,0.0011012003071234444,1.333332888889037,0,0.0,0.3749999531250059,0.49999991666668053,4
39,1.0,0,1,2,578.47,1156.94,2,3,2,0.25,0.99999950000025,0.0017286981159535513,0.99999950000025,0,0.0,0.24999996875000394,0.599999880000024,1
39,0.0,0,0,4,715.2349999999999,2860.9399999999996,4,4,2,0.25,0.49999987500003124,0.0006990709344833969,0.24999993750001562,0,0.0,0.4999999375000079,0.4999999375000079,4
40,1.0,0,0,4,150.404,752.02,5,4,1,0.1111111111111111,0.199999960000008,0.001329751866533135,0.399999920000016,1,0.11111109876543349,0.44444439506173394,0.44444439506173394,7
53,0.0,0,1,3,113.5,340.5,3,3,3,0.375,0.9999996666667778,0.008810572661349273,0.6666664444445185,0,0.0,0.3749999531250059,0.49999991666668053,1
41,0.0,1,0,3,290.77666666666664,872.3299999999999,3,3,4,0.5,1.333332888889037,0.00458542064977082,0.6666664444445185,0,0.0,0.3749999531250059,0.49999991666668053,1
18,0.0,0,0,1,364.14,728.28,2,1,1,0.125,0.499999750000125,0.0013730982570260089,0.99999950000025,1,0.33333322222225925,0.12499998437500197,0.33333322222225925,7
39,0.0,0,1,3,385.47749999999996,1541.9099999999999,4,3,1,0.125,0.24999993750001562,0.0006485462830849101,0.24999993750001562,1,0.1428571224489825,0.3749999531250059,0.4285713673469475,7
19,0.0,0,1,0,0.0,0.0,0,1,1,0.125,1000000.0,1000000.0,0.0,0,0.0,0.0,0.9999990000010001,6
49,0.0,1,1,2,329.485,658.97,2,2,2,0.2222222222222222,0.99999950000025,0.003035039526784164,0.99999950000025,0,0.0,0.22222219753086697,0.49999987500003124,1
54,0.0,0,0,4,300.0525,1200.21,4,3,2,0.25,0.49999987500003124,0.0016663750496443328,0.49999987500003124,0,0.0,0.3749999531250059,0.4285713673469475,4
68,0.0,1,0,1,2810.0,5620.0,2,1,2,0.25,0.99999950000025,0.000355871886057674,0.99999950000025,1,0.33333322222225925,0.12499998437500197,0.33333322222225925,7
56,0.0,1,1,4,430.3825,1721.53,4,4,2,0.25,0.49999987500003124,0.0011617572733778922,0.24999993750001562,0,0.0,0.4999999375000079,0.4999999375000079,4
47,0.0,0,0,5,526.255,3157.5299999999997,6,6,0,0.0,0.0,0.0,0.6666665555555741,0,0.0,0.7499999062500118,0.4999999583333368,4
59,0.0,0,1,1,248.2,248.2,1,1,1,0.125,0.9999990000010001,0.004029008847586588,0.9999990000010001,0,0.0,0.12499998437500197,0.499999750000125,2
59,0.0,1,1,0,0.0,0.0,0,2,3,0.3333333333333333,3000000.0,3000000.0,0.0,0,0.0,0.0,0.99999950000025,6
54,0.0,1,0,2,710.4300000000001,1420.8600000000001,2,2,1,0.1111111111111111,0.499999750000125,0.0007037991070873983,0.499999750000125,0,0.0,0.22222219753086697,0.49999987500003124,2
54,0.0,1,0,4,453.6125,1814.45,4,3,0,0.0,0.0,0.0,0.7499998125000469,0,0.0,0.3749999531250059,0.4285713673469475,4
20,0.0,0,1,2,692.8433333333332,2078.5299999999997,3,3,2,0.25,0.6666664444445185,0.0009622184904898086,0.9999996666667778,1,0.16666663888889352,0.3749999531250059,0.49999991666668053,7
56,0.0,1,0,2,390.37,780.74,2,3,1,0.125,0.499999750000125,0.0012808361281850089,0.99999950000025,0,0.0,0.24999996875000394,0.599999880000024,2
54,0.0,1,0,3,156.73000000000002,470.19000000000005,3,3,1,0.125,0.33333322222225925,0.0021267997998111405,0.33333322222225925,0,0.0,0.3749999531250059,0.49999991666668053,4
38,0.0,0,0,3,378.9766666666667,1136.93,3,5,2,0.25,0.6666664444445185,0.0017591232514234617,0.6666664444445185,0,0.0,0.3749999531250059,0.6249999218750099,4
21,0.0,0,1,1,1048.01,2096.02,2,2,1,0.125,0.499999750000125,0.0004770946839834092,0.99999950000025,1,0.24999993750001562,0.12499998437500197,0.49999987500003124,7
26,0.0,0,0,0,0.0,0.0,0,0,3,0.375,3000000.0,3000000.0,0.0,0,0.0,0.0,0.0,3
37,0.0,0,1,3,363.0133333333333,1089.04,3,3,0,0.0,0.0,0.0,0.6666664444445185,0,0.0,0.3749999531250059,0.49999991666668053,4
26,0.0,0,1,1,249.61,249.61,2,3,1,0.125,0.499999750000125,0.004006249733559354,0.499999750000125,1,0.199999960000008,0.24999996875000394,0.599999880000024,7
36,0.0,0,1,2,395.93,791.86,2,2,1,0.125,0.499999750000125,0.0012628494920025643,0.499999750000125,0,0.0,0.24999996875000394,0.49999987500003124,2
49,0.0,1,0,4,396.095,1584.38,4,3,1,0.125,0.24999993750001562,0.0006311617158565737,0.49999987500003124,0,0.0,0.3749999531250059,0.4285713673469475,4
81,0.0,1,0,0,0.0,0.0,0,0,0,0.0,0.0,0.0,0.0,0,0.0,0.0,0.0,0
44,0.0,1,0,2,586.87,1173.74,2,2,3,0.375,1.499999250000375,0.002555932316734598,0.499999750000125,0,0.0,0.24999996875000394,0.49999987500003124,1
23,0.0,0,1,0,0.0,0.0,0,0,1,0.125,1000000.0,1000000.0,0.0,0,0.0,0.0,0.0,0
44,0.0,0,0,4,893.1925,3572.77,4,4,0,0.0,0.0,0.0,0.7499998125000469,0,0.0,0.4999999375000079,0.4999999375000079,4
40,0.0,0,1,1,663.66,663.66,1,2,2,0.2222222222222222,1.9999980000020001,0.003013591292207469,0.9999990000010001,0,0.0,0.11111109876543349,0.6666664444445185,1
53,0.0,1,1,2,901.66,1803.32,2,2,1,0.125,0.499999750000125,0.00055453275039675,0.499999750000125,0,0.0,0.24999996875000394,0.49999987500003124,2
45,0.0,1,1,2,1125.325,2250.65,2,2,2,0.2222222222222222,0.99999950000025,0.0008886321725329873,0.499999750000125,0,0.0,0.22222219753086697,0.49999987500003124,1
50,0.0,0,0,3,496.67666666666673,1490.0300000000002,3,3,1,0.125,0.33333322222225925,0.0006711274265141456,0.33333322222225925,0,0.0,0.3749999531250059,0.49999991666668053,4
28,1.0,0,1,1,644.82,644.82,1,1,1,0.125,0.9999990000010001,0.001550820381578083,0.9999990000010001,0,0.0,0.12499998437500197,0.499999750000125,2
36,0.0,0,0,4,468.26500000000004,1873.0600000000002,4,4,0,0.0,0.0,0.0,0.7499998125000469,0,0.0,0.3749999531250059,0.4999999375000079,4
39,1.0,0,1,2,246.6833333333333,740.05,3,2,1,0.125,0.33333322222225925,0.0013512600481707182,0.9999996666667778,0,0.0,0.24999996875000394,0.399999920000016,2
39,0.0,0,0,4,285.7125,1142.85,4,5,1,0.125,0.24999993750001562,0.0008750054680185453,0.24999993750001562,0,0.0,0.4999999375000079,0.5555554938271674,4
42,1.0,0,0,2,54.699999999999996,109.39999999999999,2,2,1,0.125,0.499999750000125,0.009140767740943623,0.99999950000025,0,0.0,0.24999996875000394,0.49999987500003124,2
33,0.0,0,0,3,299.5933333333333,898.78,3,1,2,0.25,0.6666664444445185,0.0022252386543701033,0.6666664444445185,0,0.0,0.12499998437500197,0.24999993750001562,1
44,0.0,0,0,4,187.13,748.52,4,4,2,0.25,0.49999987500003124,0.002671939289969621,0.7499998125000469,0,0.0,0.4999999375000079,0.4999999375000079,4
45,0.0,0,1,2,695.845,2783.38,4,4,1,0.1111111111111111,0.24999993750001562,0.0003592754132172842,0.7499998125000469,1,0.12499998437500197,0.33333329629630043,0.4999999375000079,7
46,1.0,1,1,1,263.56,263.56,1,2,1,0.125,0.9999990000010001,0.003794202444247221,1.9999980000020001,0,0.0,0.12499998437500197,0.6666664444445185,2
39,0.0,1,1,2,304.755,609.51,2,3,0,0.0,0.0,0.0,1.499999250000375,0,0.0,0.24999996875000394,0.599999880000024,2
18,1.0,0,0,2,1840.67,5522.01,3,1,3,0.375,0.9999996666667778,0.0005432804358298372,1.333332888889037,1,0.24999993750001562,0.12499998437500197,0.24999993750001562,7
34,0.0,0,1,0,0.0,0.0,0,0,2,0.25,2000000.0,2000000.0,0.0,0,0.0,0.0,0.0,3
51,0.0,1,1,3,243.94333333333336,731.83,3,3,1,0.125,0.33333322222225925,0.001366437558768515,0.6666664444445185,0,0.0,0.3749999531250059,0.49999991666668053,4
26,0.0,0,0,2,497.6266666666666,1492.8799999999999,3,1,1,0.125,0.33333322222225925,0.0006698462028630257,0.33333322222225925,1,0.24999993750001562,0.12499998437500197,0.24999993750001562,7
42,0.0,0,0,2,261.135,522.27,2,2,0,0.0,0.0,0.0,0.499999750000125,0,0.0,0.24999996875000394,0.49999987500003124,2
55,0.0,1,1,1,170.91,170.91,1,1,2,0.25,1.9999980000020001,0.0117020653460765,0.0,0,0.0,0.12499998437500197,0.499999750000125,1
70,1.0,1,0,0,0.0,0.0,0,1,2,0.25,2000000.0,2000000.0,0.0,0,0.0,0.0,0.9999990000010001,6
27,0.0,0,0,0,0.0,0.0,0,0,0,0.0,0.0,0.0,0.0,0,0.0,0.0,0.0,0
29,0.0,0,0,1,43.32,43.32,1,3,1,0.125,0.9999990000010001,0.02308402532123672,0.0,0,0.0,0.12499998437500197,0.7499998125000469,2
23,0.0,0,0,0,0.0,0.0,0,0,2,0.25,2000000.0,2000000.0,0.0,0,0.0,0.0,0.0,3
45,0.0,0,1,3,279.02333333333337,837.07,3,2,4,0.4,1.333332888889037,0.004778572873500934,0.33333322222225925,0,0.0,0.19999998000000202,0.399999920000016,1
40,1.0,0,0,1,153.98,153.98,1,1,2,0.25,1.9999980000020001,0.012988699746793743,0.9999990000010001,0,0.0,0.12499998437500197,0.499999750000125,1
19,0.0,0,1,0,0.0,0.0,0,0,1,0.125,1000000.0,1000000.0,0.0,0,0.0,0.0,0.0,0
37,1.0,0,0,3,372.5533333333333,1117.6599999999999,3,4,1,0.125,0.33333322222225925,0.0008947264813138822,0.9999996666667778,0,0.0,0.3749999531250059,0.57142848979593,4
60,0.0,0,0,2,518.005,1036.01,2,2,3,0.375,1.499999250000375,0.002895724941944841,0.499999750000125,0,0.0,0.24999996875000394,0.49999987500003124,1
56,0.0,1,0,4,562.315,2249.26,4,4,4,0.5,0.9999997500000625,0.0017783626607069157,0.7499998125000469,0,0.0,0.4999999375000079,0.4999999375000079,1
32,0.0,0,0,1,127.84,127.84,1,1,2,0.2222222222222222,1.9999980000020001,0.015644555572242213,0.9999990000010001,0,0.0,0.11111109876543349,0.499999750000125,1
45,0.0,1,0,1,602.81,1205.62,2,4,2,0.2857142857142857,0.99999950000025,0.001658897495347707,0.0,1,0.16666663888889352,0.285714244897965,0.6666665555555741,7
40,0.0,0,0,2,1351.29,2702.58,2,2,3,0.375,1.499999250000375,0.0011100503958772542,0.499999750000125,0,0.0,0.24999996875000394,0.49999987500003124,1
25,0.0,0,0,0,0.0,0.0,0,2,0,0.0,0.0,0.0,0.0,0,0.0,0.0,0.99999950000025,2
35,1.0,0,0,2,318.9,637.8,2,3,1,0.125,0.499999750000125,0.0015678896181124341,0.0,0,0.0,0.24999996875000394,0.599999880000024,2
29,0.0,0,0,4,274.16499999999996,1096.6599999999999,4,4,2,0.25,0.49999987500003124,0.001823719291463426,0.7499998125000469,0,0.0,0.4999999375000079,0.4999999375000079,4
51,0.0,1,0,2,3376.8766666666666,10130.63,3,2,2,0.25,0.6666664444445185,0.00019742108830374608,1.6666661111112961,1,0.199999960000008,0.24999996875000394,0.399999920000016,5
50,0.0,1,1,2,375.72,751.44,2,2,0,0.0,0.0,0.0,0.0,0,0.0,0.22222219753086697,0.49999987500003124,2
29,0.0,0,0,1,850.355,1700.71,2,3,0,0.0,0.0,0.0,0.99999950000025,0,0.0,0.24999996875000394,0.599999880000024,2
51,0.0,1,1,1,5248.99,10497.98,2,1,3,0.375,1.499999250000375,0.0002857692622499024,4.99999750000125,1,0.33333322222225925,0.12499998437500197,0.33333322222225925,5
53,0.0,1,1,1,104.24,104.24,1,1,1,0.125,0.9999990000010001,0.009593246262536012,0.9999990000010001,0,0.0,0.0,0.499999750000125,2
53,0.0,1,1,2,410.625,821.25,2,2,0,0.0,0.0,0.0,0.99999950000025,0,0.0,0.24999996875000394,0.49999987500003124,2
49,0.0,0,1,3,411.4975,1645.99,4,4,1,0.125,0.24999993750001562,0.0006075371049596066,0.9999997500000625,1,0.12499998437500197,0.4999999375000079,0.4999999375000079,7
68,0.0,1,0,1,493.59,493.59,1,0,2,0.25,1.9999980000020001,0.004051945938831934,0.9999990000010001,0,0.0,0.0,0.0,0
70,0.0,1,0,0,0.0,0.0,0,1,1,0.125,1000000.0,1000000.0,0.0,0,0.0,0.0,0.9999990000010001,6
41,0.0,0,0,1,317.635,635.27,2,1,2,0.25,0.99999950000025,0.0031482676607611448,0.0,0,0.0,0.12499998437500197,0.33333322222225925,1
70,1.0,1,0,0,0.0,0.0,0,0,1,0.125,1000000.0,1000000.0,0.0,0,0.0,0.0,0.0,0
40,0.0,0,0,5,198.8,994.0,5,5,2,0.25,0.399999920000016,0.002012072432583428,0.599999880000024,0,0.0,0.6249999218750099,0.499999950000005,4
56,0.0,1,0,2,410.755,821.51,2,2,1,0.125,0.499999750000125,0.0012172706342987053,0.499999750000125,0,0.0,0.24999996875000394,0.49999987500003124,2
51,0.0,0,0,1,577.02,577.02,1,1,1,0.125,0.9999990000010001,0.0017330421792432808,0.0,0,0.0,0.12499998437500197,0.499999750000125,2
41,0.0,0,0,6,407.7916666666667,2446.75,6,6,0,0.0,0.0,0.0,0.49999991666668053,0,0.0,0.7499999062500118,0.4999999583333368,4
51,0.0,1,1,1,183.48,183.48,1,1,1,0.125,0.9999990000010001,0.005450185276595895,1.9999980000020001,0,0.0,0.12499998437500197,0.499999750000125,2
58,0.0,1,1,2,1267.0466666666669,3801.1400000000003,3,2,5,0.625,1.6666661111112961,0.0013153948548815895,1.333332888889037,1,0.199999960000008,0.24999996875000394,0.399999920000016,7
38,0.0,0,0,1,167.06,167.06,1,0,1,0.125,0.9999990000010001,0.005985873303089469,0.9999990000010001,0,0.0,0.0,0.0,0
19,0.0,0,0,0,0.0,0.0,0,1,0,0.0,0.0,0.0,0.0,0,0.0,0.0,0.9999990000010001,2
50,0.0,0,0,4,497.21500000000003,1988.8600000000001,4,4,2,0.25,0.49999987500003124,0.0010056011981710118,0.0,0,0.0,0.4999999375000079,0.4999999375000079,4
19,0.0,0,0,1,178.05,178.05,1,1,1,0.125,0.9999990000010001,0.005616399856128054,0.9999990000010001,0,0.0,0.12499998437500197,0.499999750000125,2
66,0.0,0,0,0,0.0,0.0,0,0,4,0.5,4000000.0,4000000.0,0.0,0,0.0,0.0,0.0,3
68,1.0,1,0,1,710.03,710.03,1,1,2,0.25,1.9999980000020001,0.0028167823855093695,0.0,0,0.0,0.0,0.499999750000125,1
82,0.0,1,0,0,0.0,0.0,0,0,2,0.25,2000000.0,2000000.0,0.0,0,0.0,0.0,0.0,3
33,0.0,0,0,1,316.16,316.16,1,1,1,0.125,0.9999990000010001,0.003162955455582757,0.9999990000010001,0,0.0,0.12499998437500197,0.499999750000125,2
49,0.0,1,1,2,935.305,1870.61,2,2,2,0.2222222222222222,0.99999950000025,0.0010691699493378256,0.499999750000125,0,0.0,0.22222219753086697,0.49999987500003124,1
32,0.0,0,1,2,283.42,566.84,2,1,0,0.0,0.0,0.0,0.499999750000125,0,0.0,0.12499998437500197,0.33333322222225925,2
32,0.0,1,0,2,576.97,1153.94,2,2,2,0.25,0.99999950000025,0.0017331923655188376,0.499999750000125,0,0.0,0.24999996875000394,0.49999987500003124,1
51,0.0,0,1,2,106.18333333333332,318.54999999999995,3,3,0,0.0,0.0,0.0,0.33333322222225925,0,0.0,0.3749999531250059,0.49999991666668053,2
47,0.0,0,0,2,369.88,739.76,2,2,3,0.3333333333333333,1.499999250000375,0.004055369303483063,0.99999950000025,0,0.0,0.22222219753086697,0.49999987500003124,1
56,0.0,1,1,1,565.02,565.02,1,0,4,0.4444444444444444,3.9999960000040002,0.0070793954071017035,0.9999990000010001,0,0.0,0.0,0.0,1
42,1.0,1,1,1,145.63,145.63,1,1,1,0.125,0.9999990000010001,0.006866716975439697,0.9999990000010001,0,0.0,0.12499998437500197,0.499999750000125,2
47,0.0,1,0,3,676.7879999999999,3383.9399999999996,5,5,2,0.2222222222222222,0.399999920000016,0.0005910270274913187,0.0,1,0.09999999000000101,0.5555554938271674,0.499999950000005,7
27,0.0,0,0,0,0.0,0.0,0,0,1,0.125,1000000.0,1000000.0,0.0,0,0.0,0.0,0.0,0
19,0.0,0,1,1,1046.34,1046.34,1,2,5,0.5555555555555556,4.999995000005001,0.004778561457290592,0.9999990000010001,0,0.0,0.11111109876543349,0.6666664444445185,1
24,0.0,0,0,1,662.76,662.76,1,1,1,0.125,0.9999990000010001,0.0015088418107477189,0.9999990000010001,0,0.0,0.0,0.499999750000125,2
47,0.0,1,0,3,346.1433333333334,1038.43,3,4,3,0.375,0.9999996666667778,0.0028889766253970156,0.33333322222225925,0,0.0,0.3749999531250059,0.57142848979593,1
45,0.0,1,0,4,1889.0720000000001,9445.36,5,3,2,0.25,0.399999920000016,0.00021174417913009727,0.799999840000032,1,0.12499998437500197,0.3749999531250059,0.3749999531250059,7
24,0.0,1,0,1,217.15,217.15,1,1,1,0.125,0.9999990000010001,0.00460511165275104,0.9999990000010001,0,0.0,0.12499998437500197,0.499999750000125,2
38,0.0,0,1,3,1526.4524999999999,6105.8099999999995,4,2,2,0.25,0.49999987500003124,0.0003275568679130931,0.49999987500003124,1,0.16666663888889352,0.24999996875000394,0.33333327777778704,7
49,0.0,1,1,2,362.48333333333335,1087.45,3,3,2,0.2222222222222222,0.6666664444445185,0.001839165017390073,0.6666664444445185,0,0.0,0.33333329629630043,0.49999991666668053,1
40,0.0,0,0,3,410.1566666666667,1230.47,3,2,1,0.125,0.33333322222225925,0.0008126975864403864,0.6666664444445185,0,0.0,0.24999996875000394,0.399999920000016,2
53,1.0,1,0,3,431.59666666666664,1294.79,3,5,2,0.2222222222222222,0.6666664444445185,0.0015446520273213013,0.6666664444445185,0,0.0,0.33333329629630043,0.6249999218750099,4
34,0.0,0,0,3,789.6279999999999,3948.14,5,5,4,0.5,0.799999840000032,0.0010131352988969147,0.199999960000008,1,0.09999999000000101,0.6249999218750099,0.499999950000005,7
43,0.0,1,1,2,1476.69,2953.38,2,2,3,0.375,1.499999250000375,0.0010157853032742874,0.0,0,0.0,0.24999996875000394,0.49999987500003124,1
31,0.0,1,1,3,81.98,245.94,3,2,2,0.25,0.6666664444445185,0.008132064698170023,0.6666664444445185,0,0.0,0.24999996875000394,0.399999920000016,1
45,0.0,1,0,2,1216.54,2433.08,2,2,2,0.25,0.99999950000025,0.0008220033863161083,0.99999950000025,0,0.0,0.24999996875000394,0.49999987500003124,1
72,0.0,1,0,0,0.0,0.0,0,0,2,0.25,2000000.0,2000000.0,0.0,0,0.0,0.0,0.0,3
66,0.0,1,0,1,478.6,478.6,1,2,1,0.125,0.9999990000010001,0.0020894274925001514,0.9999990000010001,0,0.0,0.12499998437500197,0.6666664444445185,2
39,0.0,0,1,6,564.2266666666667,3385.36,6,6,1,0.125,0.16666663888889352,0.0002953895596641452,0.8333331944444675,0,0.0,0.7499999062500118,0.4999999583333368,4
33,0.0,0,1,0,0.0,0.0,0,1,2,0.25,2000000.0,2000000.0,0.0,0,0.0,0.0,0.9999990000010001,6
61,0.0,1,0,0,0.0,0.0,0,0,0,0.0,0.0,0.0,0.0,0,0.0,0.0,0.0,0
47,0.0,0,0,2,120.555,241.11,2,3,1,0.125,0.499999750000125,0.0041474845334184204,0.99999950000025,0,0.0,0.24999996875000394,0.599999880000024,2
52,0.0,1,0,4,351.466,1757.3300000000002,5,5,2,0.25,0.399999920000016,0.0011380901702366143,0.799999840000032,1,0.09999999000000101,0.6249999218750099,0.499999950000005,7
56,0.0,0,0,2,688.4625,2753.85,4,4,1,0.125,0.24999993750001562,0.00036312798432626035,0.49999987500003124,0,0.0,0.4999999375000079,0.4999999375000079,4
39,0.0,1,1,3,120.41250000000001,481.65000000000003,4,4,3,0.375,0.7499998125000469,0.006228589211608866,2.749999312500172,1,0.12499998437500197,0.4999999375000079,0.4999999375000079,7
50,1.0,1,0,2,98.86500000000001,197.73000000000002,2,2,0,0.0,0.0,0.0,0.0,0,0.0,0.24999996875000394,0.49999987500003124,2
50,0.0,1,0,2,1036.72,2073.44,2,1,2,0.25,0.99999950000025,0.0009645805998897578,0.0,0,0.0,0.12499998437500197,0.33333322222225925,1
29,0.0,1,0,0,0.0,0.0,0,0,0,0.0,0.0,0.0,0.0,0,0.0,0.0,0.0,0
44,0.0,0,1,2,504.41333333333336,1513.24,3,2,2,0.25,0.6666664444445185,0.001321667414738133,0.9999996666667778,1,0.199999960000008,0.24999996875000394,0.399999920000016,7
60,0.0,1,1,2,230.505,461.01,2,2,2,0.2,0.99999950000025,0.0043383006782102326,0.99999950000025,0,0.0,0.19999998000000202,0.49999987500003124,1
41,1.0,1,1,0,0.0,0.0,0,1,0,0.0,0.0,0.0,0.0,0,0.0,0.0,0.9999990000010001,2
41,0.0,1,1,1,366.58,366.58,1,1,0,0.0,0.0,0.0,0.9999990000010001,0,0.0,0.0,0.499999750000125,2
46,0.0,0,0,5,334.764,1673.82,5,5,3,0.375,0.599999880000024,0.001792307415497301,0.399999920000016,0,0.0,0.6249999218750099,0.499999950000005,4
48,1.0,0,1,2,390.3633333333333,1171.09,3,3,1,0.125,0.33333322222225925,0.0008539053353252906,0.9999996666667778,0,0.0,0.3749999531250059,0.49999991666668053,2
30,0.0,0,1,3,574.49,1723.47,3,3,1,0.125,0.33333322222225925,0.0005802247787427545,0.9999996666667778,0,0.0,0.3749999531250059,0.49999991666668053,4
41,0.0,1,0,2,1164.45,2328.9,2,0,0,0.0,0.0,0.0,0.99999950000025,0,0.0,0.0,0.0,0
70,0.0,0,0,0,0.0,0.0,0,1,2,0.2222222222222222,2000000.0,2000000.0,0.0,0,0.0,0.0,0.9999990000010001,6
25,0.0,0,1,1,117.77,117.77,1,1,1,0.125,0.9999990000010001,0.008491126700423481,0.9999990000010001,0,0.0,0.0,0.499999750000125,2
36,0.0,0,1,3,358.5566666666666,1075.6699999999998,3,3,1,0.125,0.33333322222225925,0.0009296531455468191,0.6666664444445185,0,0.0,0.3749999531250059,0.49999991666668053,4
33,0.0,0,1,0,0.0,0.0,0,1,1,0.125,1000000.0,1000000.0,0.0,0,0.0,0.0,0.9999990000010001,6
65,0.0,1,0,3,746.6366666666667,2239.91,3,2,1,0.1111111111111111,0.33333322222225925,0.0004464465088122084,1.333332888889037,0,0.0,0.22222219753086697,0.399999920000016,2
47,1.0,0,0,4,329.966,1649.83,5,5,1,0.125,0.199999960000008,0.0006061230547352618,0.599999880000024,1,0.09999999000000101,0.6249999218750099,0.499999950000005,7
41,0.0,0,0,1,76.67,76.67,1,1,0,0.0,0.0,0.0,0.0,0,0.0,0.12499998437500197,0.499999750000125,2
44,0.0,1,0,1,710.51,710.51,1,1,1,0.125,0.9999990000010001,0.0014074397244128306,0.0,0,0.0,0.12499998437500197,0.499999750000125,2
55,0.0,1,1,4,218.76,1312.56,6,7,2,0.25,0.33333327777778704,0.001523739865968992,0.49999991666668053,0,0.0,0.7499999062500118,0.5384614970414233,4
48,0.0,1,0,4,747.2125,2988.85,4,4,2,0.25,0.49999987500003124,0.000669153687649379,0.49999987500003124,0,0.0,0.4999999375000079,0.4999999375000079,4
34,0.0,0,0,3,416.6233333333333,1249.87,3,3,1,0.125,0.33333322222225925,0.0008000832080135668,0.9999996666667778,0,0.0,0.24999996875000394,0.49999991666668053,4
38,0.0,1,0,2,390.26,780.52,2,2,0,0.0,0.0,0.0,0.499999750000125,0,0.0,0.22222219753086697,0.49999987500003124,2
50,0.0,0,0,4,384.925,1539.7,4,4,3,0.375,0.7499998125000469,0.001948431511366869,0.24999993750001562,0,0.0,0.4999999375000079,0.4999999375000079,4
37,0.0,0,0,3,340.11999999999995,1020.3599999999999,3,2,1,0.125,0.33333322222225925,0.0009800462572228956,0.6666664444445185,0,0.0,0.24999996875000394,0.399999920000016,2
27,0.0,0,0,0,0.0,0.0,0,0,1,0.1111111111111111,1000000.0,1000000.0,0.0,0,0.0,0.0,0.0,0
40,0.0,1,0,0,0.0,0.0,0,1,2,0.25,2000000.0,2000000.0,0.0,0,0.0,0.0,0.9999990000010001,6
86,0.0,1,0,0,0.0,0.0,0,1,1,0.125,1000000.0,1000000.0,0.0,0,0.0,0.0,0.9999990000010001,6
18,0.0,0,0,0,0.0,0.0,0,0,1,0.125,1000000.0,1000000.0,0.0,0,0.0,0.0,0.0,0
69,0.0,1,0,1,439.21,878.42,2,2,4,0.4444444444444444,1.9999990000005,0.004553630376638021,0.99999950000025,1,0.24999993750001562,0.22222219753086697,0.49999987500003124,7
65,0.0,1,0,3,458.23999999999995,1374.7199999999998,3,3,2,0.25,0.6666664444445185,0.0014548417121633193,0.6666664444445185,0,0.0,0.3749999531250059,0.49999991666668053,1
50,0.0,1,1,3,556.1366666666667,1668.41,3,3,2,0.25,0.6666664444445185,0.0011987461108488044,0.6666664444445185,0,0.0,0.3749999531250059,0.49999991666668053,1
19,0.0,0,1,1,201.37,201.37,1,2,2,0.25,1.9999980000020001,0.009931965983354194,0.0,0,0.0,0.12499998437500197,0.6666664444445185,1
37,1.0,0,1,1,324.35,324.35,1,2,1,0.125,0.9999990000010001,0.0030830892459285052,1.9999980000020001,0,0.0,0.12499998437500197,0.6666664444445185,2
50,0.0,1,1,1,622.49,622.49,1,1,1,0.125,0.9999990000010001,0.0016064515066805064,0.9999990000010001,0,0.0,0.12499998437500197,0.499999750000125,2
61,0.0,1,0,1,425.13,425.13,1,1,2,0.25,1.9999980000020001,0.004704443335675103,1.9999980000020001,0,0.0,0.0,0.499999750000125,1
27,0.0,0,0,0,0.0,0.0,0,1,1,0.125,1000000.0,1000000.0,0.0,0,0.0,0.0,0.9999990000010001,6
35,0.0,0,0,3,175.584,877.9200000000001,5,4,2,0.25,0.399999920000016,0.002278111898261673,0.199999960000008,1,0.11111109876543349,0.4999999375000079,0.44444439506173394,7
40,1.0,0,0,3,328.05,984.15,3,3,0,0.0,0.0,0.0,0.33333322222225925,0,0.0,0.3749999531250059,0.49999991666668053,4
23,0.0,0,0,1,606.38,606.38,1,2,2,0.25,1.9999980000020001,0.0032982618105836903,0.9999990000010001,0,0.0,0.12499998437500197,0.6666664444445185,1
56,0.0,1,1,1,460.17,460.17,1,1,2,0.25,1.9999980000020001,0.0043462198658186756,0.0,0,0.0,0.12499998437500197,0.499999750000125,1
60,0.0,1,0,3,505.4066666666667,1516.22,3,3,2,0.2222222222222222,0.6666664444445185,0.001319069791112721,0.6666664444445185,0,0.0,0.33333329629630043,0.49999991666668053,1
50,0.0,0,0,0,0.0,0.0,0,1,1,0.125,1000000.0,1000000.0,0.0,0,0.0,0.0,0.9999990000010001,6
30,0.0,0,0,0,0.0,0.0,0,0,1,0.125,1000000.0,1000000.0,0.0,0,0.0,0.0,0.0,0
19,0.0,0,1,0,0.0,0.0,0,0,0,0.0,0.0,0.0,0.0,0,0.0,0.0,0.0,0
54,0.0,1,0,3,429.4525,1717.81,4,4,1,0.125,0.24999993750001562,0.0005821365572547973,0.24999993750001562,0,0.0,0.3749999531250059,0.4999999375000079,4
36,0.0,0,0,0,0.0,0.0,0,0,1,0.125,1000000.0,1000000.0,0.0,0,0.0,0.0,0.0,0
34,0.0,0,1,2,218.315,436.63,2,2,2,0.25,0.99999950000025,0.00458053728653428,0.0,0,0.0,0.24999996875000394,0.49999987500003124,1
48,0.0,0,1,5,394.34666666666664,2366.08,6,5,2,0.2222222222222222,0.33333327777778704,0.0008452799563644172,0.8333331944444675,1,0.09090908264462885,0.5555554938271674,0.4545454132231443,7
42,0.0,1,1,2,341.64,683.28,2,1,3,0.375,1.499999250000375,0.004390586575941654,0.0,0,0.0,0.12499998437500197,0.33333322222225925,1
54,0.0,1,1,3,341.67,1025.01,3,3,2,0.25,0.6666664444445185,0.0019512004741893242,0.33333322222225925,0,0.0,0.3749999531250059,0.49999991666668053,1
23,0.0,0,0,1,263.71,263.71,1,1,0,0.0,0.0,0.0,0.0,0,0.0,0.12499998437500197,0.499999750000125,2
47,0.0,1,0,1,453.63,453.63,1,1,2,0.25,1.9999980000020001,0.0044088794735602154,0.0,0,0.0,0.12499998437500197,0.499999750000125,1
36,0.0,1,0,3,318.7966666666667,956.3900000000001,3,3,1,0.125,0.33333322222225925,0.0010455985517983264,0.9999996666667778,0,0.0,0.24999996875000394,0.49999991666668053,4
30,0.0,0,0,1,1189.67,3569.01,3,1,3,0.3,0.9999996666667778,0.0008405692332493971,0.6666664444445185,0,0.0,0.09999999000000101,0.24999993750001562,1
48,0.0,0,0,2,282.73333333333335,848.2,3,2,2,0.25,0.6666664444445185,0.0023579344466423784,0.9999996666667778,1,0.199999960000008,0.24999996875000394,0.399999920000016,7
42,1.0,0,1,2,1337.6266666666668,4012.88,3,3,3,0.375,0.9999996666667778,0.0007475927511543847,0.6666664444445185,1,0.16666663888889352,0.3749999531250059,0.49999991666668053,7
48,0.0,1,0,2,341.69,683.38,2,1,1,0.125,0.499999750000125,0.0014633146983181909,1.499999250000375,0,0.0,0.12499998437500197,0.33333322222225925,2
43,0.0,0,0,2,364.53000000000003,729.0600000000001,2,4,2,0.25,0.99999950000025,0.0027432584386151227,0.499999750000125,0,0.0,0.24999996875000394,0.6666665555555741,1
53,0.0,0,0,4,353.5,1414.0,4,3,2,0.25,0.49999987500003124,0.0014144271560011122,0.7499998125000469,0,0.0,0.3749999531250059,0.4285713673469475,4
40,0.0,0,0,4,546.76,2187.04,4,4,0,0.0,0.0,0.0,0.9999997500000625,0,0.0,0.4999999375000079,0.4999999375000079,4
36,1.0,0,0,2,348.67499999999995,697.3499999999999,2,4,1,0.125,0.499999750000125,0.001434000141343658,0.499999750000125,0,0.0,0.24999996875000394,0.6666665555555741,2
49,0.0,0,0,3,390.3766666666666,1171.1299999999999,3,3,1,0.1111111111111111,0.33333322222225925,0.0008538761701485948,0.0,0,0.0,0.33333329629630043,0.49999991666668053,4
42,0.0,1,1,2,2362.83,4725.66,2,1,2,0.25,0.99999950000025,0.00042322130656390403,0.499999750000125,0,0.0,0.12499998437500197,0.33333322222225925,1
56,0.0,1,1,0,0.0,0.0,0,0,2,0.25,2000000.0,2000000.0,0.0,0,0.0,0.0,0.0,3
26,0.0,0,0,1,474.78,474.78,1,1,1,0.125,0.9999990000010001,0.0021062386745308594,0.0,0,0.0,0.12499998437500197,0.499999750000125,2
44,0.0,0,1,2,405.785,811.57,2,2,2,0.25,0.99999950000025,0.002464359201961187,0.0,0,0.0,0.24999996875000394,0.49999987500003124,1
33,0.0,0,0,3,282.2033333333333,846.61,3,3,2,0.25,0.6666664444445185,0.0023623628325174957,0.33333322222225925,0,0.0,0.3749999531250059,0.49999991666668053,1
48,0.0,0,0,4,216.10399999999998,1080.52,5,5,1,0.125,0.199999960000008,0.0009254803234317918,0.199999960000008,0,0.0,0.6249999218750099,0.499999950000005,4
60,0.0,1,1,1,4688.71,4688.71,1,1,2,0.2222222222222222,1.9999980000020001,0.0004265565581094679,0.9999990000010001,0,0.0,0.0,0.499999750000125,1
42,0.0,0,1,3,227.1866666666667,681.5600000000001,3,3,2,0.25,0.6666664444445185,0.00293444450534884,1.333332888889037,0,0.0,0.24999996875000394,0.49999991666668053,1
49,1.0,1,0,3,95.75666666666667,287.27000000000004,3,3,2,0.25,0.6666664444445185,0.006962091388024884,0.6666664444445185,0,0.0,0.3749999531250059,0.49999991666668053,1
55,0.0,1,0,3,508.4066666666667,1525.22,3,3,0,0.0,0.0,0.0,0.6666664444445185,0,0.0,0.3749999531250059,0.49999991666668053,4
43,0.0,0,0,2,775.3566666666667,2326.07,3,3,1,0.125,0.33333322222225925,0.00042990967579225486,0.6666664444445185,0,0.0,0.3749999531250059,0.49999991666668053,4
40,0.0,0,1,3,419.3733333333333,1258.12,3,3,1,0.14285714285714285,0.33333322222225925,0.000794836739901729,0.9999996666667778,0,0.0,0.4285713673469475,0.49999991666668053,4
41,0.0,1,0,1,428.87,428.87,1,1,1,0.125,0.9999990000010001,0.0023317089040228766,0.0,0,0.0,0.12499998437500197,0.499999750000125,2
29,0.0,0,1,2,615.0,1845.0,4,5,2,0.25,0.49999987500003124,0.0010840108395208613,0.7499998125000469,2,0.22222219753086697,0.4999999375000079,0.5555554938271674,7
42,1.0,1,1,2,310.96000000000004,621.9200000000001,2,2,1,0.125,0.499999750000125,0.0016079238461411051,0.99999950000025,0,0.0,0.24999996875000394,0.49999987500003124,2
45,0.0,1,0,3,579.37,1738.11,3,3,1,0.125,0.33333322222225925,0.0005753375789936554,0.6666664444445185,0,0.0,0.3749999531250059,0.49999991666668053,4
44,0.0,1,1,2,182.0,364.0,2,2,3,0.375,1.499999250000375,0.008241758219116048,0.99999950000025,0,0.0,0.24999996875000394,0.49999987500003124,1
42,1.0,0,1,3,466.0733333333333,1398.22,3,3,2,0.25,0.6666664444445185,0.0014303900663483642,0.9999996666667778,0,0.0,0.3749999531250059,0.49999991666668053,1
42,0.0,0,0,2,374.22249999999997,1496.8899999999999,4,4,1,0.125,0.24999993750001562,0.000668051760204122,0.49999987500003124,0,0.0,0.3749999531250059,0.4999999375000079,4
39,0.0,0,1,3,228.33249999999998,913.3299999999999,4,3,0,0.0,0.0,0.0,0.49999987500003124,0,0.0,0.3749999531250059,0.4285713673469475,4
19,0.0,0,0,2,335.65999999999997,671.3199999999999,2,2,3,0.375,1.499999250000375,0.0044688077154429965,0.499999750000125,0,0.0,0.24999996875000394,0.49999987500003124,1
47,1.0,0,1,3,308.6133333333333,925.8399999999999,3,3,2,0.25,0.6666664444445185,0.002160200464270068,0.6666664444445185,0,0.0,0.3749999531250059,0.49999991666668053,1
24,1.0,0,0,1,328.69,657.38,2,2,2,0.25,0.99999950000025,0.003042380353764367,0.0,1,0.24999993750001562,0.12499998437500197,0.49999987500003124,7
61,0.0,0,0,1,370.8,370.8,1,1,3,0.375,2.9999970000030003,0.008090614864912042,0.9999990000010001,0,0.0,0.0,0.499999750000125,1
27,0.0,0,0,0,0.0,0.0,0,0,3,0.3333333333333333,3000000.0,3000000.0,0.0,0,0.0,0.0,0.0,3
35,0.0,0,0,2,133.57,267.14,2,2,2,0.25,0.99999950000025,0.0074867110597937,0.499999750000125,0,0.0,0.24999996875000394,0.49999987500003124,1
51,0.0,1,0,3,514.61,1543.83,3,3,1,0.125,0.33333322222225925,0.000647739711854453,0.6666664444445185,0,0.0,0.3749999531250059,0.49999991666668053,4
27,0.0,0,0,0,0.0,0.0,0,0,1,0.125,1000000.0,1000000.0,0.0,0,0.0,0.0,0.0,0
21,0.0,0,0,0,0.0,0.0,0,0,1,0.125,1000000.0,1000000.0,0.0,0,0.0,0.0,0.0,0
18,0.0,0,0,0,0.0,0.0,0,0,3,0.375,3000000.0,3000000.0,0.0,0,0.0,0.0,0.0,3
31,0.0,0,0,0,0.0,0.0,0,0,1,0.125,1000000.0,1000000.0,0.0,0,0.0,0.0,0.0,0
56,0.0,1,0,2,112.47,224.94,2,2,2,0.2222222222222222,0.99999950000025,0.008891259851999378,0.499999750000125,0,0.0,0.11111109876543349,0.49999987500003124,1
46,0.0,0,0,1,165.84,165.84,1,1,1,0.125,0.9999990000010001,0.006029908309033356,0.9999990000010001,0,0.0,0.12499998437500197,0.499999750000125,2
45,0.0,0,0,3,223.89333333333335,671.6800000000001,3,2,1,0.125,0.33333322222225925,0.0014888041902560679,0.0,0,0.0,0.24999996875000394,0.399999920000016,2
47,0.0,0,0,2,155.385,310.77,2,2,1,0.125,0.499999750000125,0.003217813806938206,0.0,0,0.0,0.24999996875000394,0.49999987500003124,2
34,0.0,0,0,0,0.0,0.0,0,0,1,0.125,1000000.0,1000000.0,0.0,0,0.0,0.0,0.0,0
19,1.0,0,0,0,0.0,0.0,0,1,1,0.125,1000000.0,1000000.0,0.0,0,0.0,0.0,0.9999990000010001,6
58,1.0,0,0,3,919.0733333333333,2757.22,3,3,3,0.375,0.9999996666667778,0.001088052458241253,0.6666664444445185,0,0.0,0.3749999531250059,0.49999991666668053,1
58,0.0,1,0,5,237.135,1422.81,6,6,0,0.0,0.0,0.0,0.16666663888889352,0,0.0,0.7499999062500118,0.4999999583333368,4
43,0.0,0,0,2,260.57500000000005,521.1500000000001,2,1,3,0.375,1.499999250000375,0.005756500036925068,0.0,0,0.0,0.12499998437500197,0.33333322222225925,1
50,1.0,1,1,3,415.8333333333333,1247.5,3,1,1,0.125,0.33333322222225925,0.0008016032057702578,0.6666664444445185,0,0.0,0.12499998437500197,0.24999993750001562,2
50,0.0,0,0,2,85.215,170.43,3,4,3,0.375,0.9999996666667778,0.017602534661723086,0.33333322222225925,1,0.1428571224489825,0.3749999531250059,0.57142848979593,7
49,0.0,0,0,2,212.915,425.83,2,2,2,0.2222222222222222,0.99999950000025,0.004696709943647207,0.499999750000125,0,0.0,0.22222219753086697,0.49999987500003124,1
50,0.0,1,0,3,376.81666666666666,1130.45,3,1,2,0.25,0.6666664444445185,0.0017692069514182783,0.33333322222225925,0,0.0,0.12499998437500197,0.24999993750001562,1
18,0.0,0,0,0,0.0,0.0,0,0,0,0.0,0.0,0.0,0.0,0,0.0,0.0,0.0,0
19,0.0,0,1,1,1035.3,1035.3,1,1,1,0.125,0.9999990000010001,0.0009659036018874687,0.9999990000010001,0,0.0,0.12499998437500197,0.499999750000125,2
22,0.0,1,0,1,286.96,286.96,1,2,1,0.125,0.9999990000010001,0.0034848062326289166,0.0,0,0.0,0.12499998437500197,0.6666664444445185,2
25,0.0,0,1,0,0.0,0.0,0,0,1,0.125,1000000.0,1000000.0,0.0,0,0.0,0.0,0.0,0
58,0.0,1,0,1,116.28,116.28,1,2,2,0.25,1.9999980000020001,0.017199862253183158,0.9999990000010001,0,0.0,0.12499998437500197,0.6666664444445185,1
33,0.0,0,0,2,260.54,521.08,2,3,1,0.125,0.499999750000125,0.001919091114763393,0.99999950000025,0,0.0,0.24999996875000394,0.599999880000024,2
39,0.0,1,1,2,191.075,382.15,2,3,0,0.0,0.0,0.0,0.499999750000125,0,0.0,0.24999996875000394,0.599999880000024,2
49,0.0,1,0,3,534.7633333333333,1604.29,3,2,0,0.0,0.0,0.0,0.33333322222225925,0,0.0,0.24999996875000394,0.399999920000016,2
35,1.0,1,1,3,414.9666666666667,1244.9,3,3,2,0.25,0.6666664444445185,0.0016065547420623704,0.0,0,0.0,0.24999996875000394,0.49999991666668053,1
46,0.0,0,1,4,311.912,1559.56,5,4,2,0.25,0.399999920000016,0.0012824129874564538,0.199999960000008,0,0.0,0.4999999375000079,0.44444439506173394,4
43,0.0,1,0,3,318.0,954.0,3,2,0,0.0,0.0,0.0,0.6666664444445185,0,0.0,0.24999996875000394,0.399999920000016,2
37,0.0,0,1,2,481.415,962.83,2,2,2,0.25,0.99999950000025,0.0020772098895161036,0.99999950000025,0,0.0,0.24999996875000394,0.49999987500003124,1
47,0.0,1,0,1,415.12,415.12,1,2,1,0.1111111111111111,0.9999990000010001,0.002408941986873815,0.9999990000010001,0,0.0,0.11111109876543349,0.6666664444445185,2
46,0.0,0,1,2,359.68,719.36,2,1,1,0.125,0.499999750000125,0.001390124553227696,0.99999950000025,0,0.0,0.12499998437500197,0.33333322222225925,2
18,0.0,0,1,0,0.0,0.0,0,1,0,0.0,0.0,0.0,0.0,0,0.0,0.0,0.9999990000010001,2
19,0.0,0,0,0,0.0,0.0,0,1,1,0.1111111111111111,1000000.0,1000000.0,0.0,0,0.0,0.0,0.9999990000010001,6
35,0.0,0,0,2,172.125,344.25,2,2,1,0.125,0.499999750000125,0.0029048656415254447,0.99999950000025,0,0.0,0.24999996875000394,0.49999987500003124,2
33,0.0,0,0,3,396.62999999999994,1189.8899999999999,3,4,3,0.375,0.9999996666667778,0.0025212414571756706,0.33333322222225925,0,0.0,0.3749999531250059,0.57142848979593,1
47,0.0,0,0,3,216.79333333333332,650.38,3,1,1,0.125,0.33333322222225925,0.00153756265331412,0.33333322222225925,0,0.0,0.12499998437500197,0.24999993750001562,2
20,0.0,0,0,0,0.0,0.0,0,0,2,0.25,2000000.0,2000000.0,0.0,0,0.0,0.0,0.0,3
42,1.0,0,1,3,453.80333333333334,1361.41,3,2,1,0.125,0.33333322222225925,0.0007345325796530562,0.9999996666667778,0,0.0,0.24999996875000394,0.399999920000016,2
20,1.0,0,0,1,674.06,1348.12,2,2,1,0.125,0.499999750000125,0.0007417737287913733,0.0,1,0.24999993750001562,0.24999996875000394,0.49999987500003124,7
46,0.0,1,0,2,300.58,601.16,2,2,2,0.25,0.99999950000025,0.0033269013185725908,0.499999750000125,0,0.0,0.24999996875000394,0.49999987500003124,1
47,0.0,0,0,3,404.78999999999996,1214.37,3,3,0,0.0,0.0,0.0,0.6666664444445185,0,0.0,0.3749999531250059,0.49999991666668053,4
41,0.0,0,0,1,182.36,182.36,1,1,0,0.0,0.0,0.0,0.0,0,0.0,0.12499998437500197,0.499999750000125,2
46,0.0,1,0,2,587.7,1175.4,2,3,2,0.25,0.99999950000025,0.0017015484076046037,0.99999950000025,0,0.0,0.24999996875000394,0.599999880000024,1
54,0.0,1,1,1,597.57,597.57,1,1,2,0.25,1.9999980000020001,0.0033468882250667063,0.0,0,0.0,0.12499998437500197,0.499999750000125,1
41,0.0,1,0,1,293.99,293.99,1,1,2,0.2222222222222222,1.9999980000020001,0.006802952458236837,0.9999990000010001,0,0.0,0.11111109876543349,0.499999750000125,1
20,0.0,0,1,1,158.1,158.1,1,2,2,0.25,1.9999980000020001,0.01265022129886008,0.9999990000010001,0,0.0,0.12499998437500197,0.6666664444445185,1
28,0.0,0,0,0,0.0,0.0,0,0,3,0.375,3000000.0,3000000.0,0.0,0,0.0,0.0,0.0,3
39,0.0,0,0,5,242.656,1213.28,5,5,1,0.125,0.199999960000008,0.0008242120525977415,0.199999960000008,0,0.0,0.6249999218750099,0.499999950000005,4
41,0.0,0,0,2,453.425,906.85,2,2,2,0.25,0.99999950000025,0.002205436398295819,0.499999750000125,0,0.0,0.24999996875000394,0.49999987500003124,1
44,0.0,0,0,3,172.63333333333335,517.9000000000001,3,2,2,0.2222222222222222,0.6666664444445185,0.003861749365009172,0.33333322222225925,0,0.0,0.22222219753086697,0.399999920000016,1
60,0.0,1,1,0,0.0,0.0,0,1,1,0.125,1000000.0,1000000.0,0.0,0,0.0,0.0,0.9999990000010001,6
34,0.0,0,0,1,1081.06,1081.06,1,2,3,0.375,2.9999970000030003,0.002775054110988239,0.0,0,0.0,0.12499998437500197,0.6666664444445185,1
27,0.0,0,0,1,676.8,676.8,1,2,2,0.25,1.9999980000020001,0.002955082737950528,0.0,0,0.0,0.12499998437500197,0.6666664444445185,1
51,0.0,1,0,2,225.95499999999998,451.90999999999997,2,2,1,0.125,0.499999750000125,0.0022128299833753845,0.499999750000125,0,0.0,0.24999996875000394,0.49999987500003124,2
56,0.0,1,0,0,0.0,0.0,0,0,3,0.375,3000000.0,3000000.0,0.0,0,0.0,0.0,0.0,3
41,0.0,1,0,1,934.65,934.65,1,1,1,0.125,0.9999990000010001,0.00106991921995408,0.0,0,0.0,0.0,0.499999750000125,2
41,0.0,1,1,0,0.0,0.0,0,2,2,0.25,2000000.0,2000000.0,0.0,0,0.0,0.0,0.99999950000025,6
61,0.0,1,1,1,691.17,691.17,1,1,2,0.2222222222222222,1.9999980000020001,0.002893644106524236,0.9999990000010001,0,0.0,0.11111109876543349,0.499999750000125,1
48,1.0,0,0,3,552.585,2210.34,4,4,2,0.25,0.49999987500003124,0.0009048381692839842,0.0,1,0.12499998437500197,0.3749999531250059,0.4999999375000079,7
70,0.0,1,0,0,0.0,0.0,0,0,1,0.1111111111111111,1000000.0,1000000.0,0.0,0,0.0,0.0,0.0,0
55,0.0,0,0,3,287.6233333333334,862.8700000000001,3,3,1,0.125,0.33333322222225925,0.001158923127285775,0.33333322222225925,0,0.0,0.3749999531250059,0.49999991666668053,4
40,0.0,0,0,1,100.99,100.99,1,0,2,0.25,1.9999980000020001,0.01980394078815783,0.9999990000010001,0,0.0,0.0,0.0,0
49,0.0,1,1,1,618.965,1237.93,2,2,1,0.125,0.499999750000125,0.0008078001172862761,0.499999750000125,0,0.0,0.24999996875000394,0.49999987500003124,2
52,0.0,0,0,4,164.056,820.2800000000001,5,5,1,0.125,0.199999960000008,0.00121909591698067,0.799999840000032,1,0.09999999000000101,0.6249999218750099,0.499999950000005,7
56,0.0,1,0,1,27.52,27.52,1,1,3,0.375,2.9999970000030003,0.10901162394579855,0.0,0,0.0,0.12499998437500197,0.499999750000125,1
52,0.0,1,0,3,834.6366666666667,2503.91,3,3,2,0.25,0.6666664444445185,0.0007987507535020226,0.0,0,0.0,0.3749999531250059,0.49999991666668053,4
52,0.0,1,1,2,580.4200000000001,1160.8400000000001,2,1,2,0.2222222222222222,0.99999950000025,0.0017228903193180019,0.0,0,0.0,0.11111109876543349,0.33333322222225925,1
57,0.0,0,0,1,121.98,121.98,1,1,1,0.125,0.9999990000010001,0.008198065189391169,0.9999990000010001,0,0.0,0.12499998437500197,0.499999750000125,2
69,0.0,1,0,1,4785.68,9571.36,2,3,3,0.375,1.499999250000375,0.00031343508129320853,0.99999950000025,1,0.199999960000008,0.24999996875000394,0.599999880000024,5
43,0.0,0,0,2,254.54000000000002,509.08000000000004,2,2,1,0.125,0.499999750000125,0.0019643278031658525,0.99999950000025,0,0.0,0.24999996875000394,0.49999987500003124,2
37,0.0,0,0,1,341.97,341.97,1,1,0,0.0,0.0,0.0,2.9999970000030003,0,0.0,0.12499998437500197,0.499999750000125,2
29,0.0,1,1,2,605.3299999999999,1210.6599999999999,2,2,2,0.25,0.99999950000025,0.0016519914743594473,0.499999750000125,0,0.0,0.24999996875000394,0.49999987500003124,1
49,0.0,1,0,0,0.0,0.0,0,0,1,0.125,1000000.0,1000000.0,0.0,0,0.0,0.0,0.0,0
46,0.0,0,0,3,259.69,1298.45,5,6,2,0.25,0.399999920000016,0.0015402980464859653,0.199999960000008,0,0.0,0.6249999218750099,0.5454544958677732,4
49,0.0,1,1,3,234.98333333333335,704.95,3,3,1,0.125,0.33333322222225925,0.0014185403199963964,0.33333322222225925,0,0.0,0.3749999531250059,0.49999991666668053,4
41,0.0,0,0,3,341.46333333333337,1024.39,3,2,2,0.25,0.6666664444445185,0.0019523814153277737,0.6666664444445185,0,0.0,0.24999996875000394,0.399999920000016,1
33,0.0,0,0,2,370.825,741.65,2,1,2,0.25,0.99999950000025,0.0026966898096181624,0.99999950000025,0,0.0,0.12499998437500197,0.33333322222225925,1
27,0.0,0,1,0,0.0,0.0,0,1,0,0.0,0.0,0.0,0.0,0,0.0,0.0,0.9999990000010001,2
25,0.0,1,1,2,310.37,620.74,2,2,0,0.0,0.0,0.0,0.499999750000125,0,0.0,0.24999996875000394,0.49999987500003124,2
24,0.0,0,0,1,8.71,8.71,1,1,5,0.625,4.999995000005001,0.5740527469514641,0.0,0,0.0,0.0,0.499999750000125,1
49,0.0,1,0,5,107.995,863.96,8,8,2,0.25,0.24999996875000394,0.002314921984449602,0.9999998750000157,1,0.06249999609375024,0.9999998750000157,0.4999999687500019,4
73,0.0,1,0,0,0.0,0.0,0,0,2,0.25,2000000.0,2000000.0,0.0,0,0.0,0.0,0.0,3
51,0.0,1,0,2,540.085,1080.17,2,4,0,0.0,0.0,0.0,0.99999950000025,0,0.0,0.24999996875000394,0.6666665555555741,2
21,1.0,0,0,0,0.0,0.0,0,0,1,0.1111111111111111,1000000.0,1000000.0,0.0,0,0.0,0.0,0.0,0
21,0.0,0,1,0,0.0,0.0,0,0,3,0.375,3000000.0,3000000.0,0.0,0,0.0,0.0,0.0,3
47,0.0,1,1,1,203.68,203.68,1,2,4,0.5,3.9999960000040002,0.019638648764539232,0.0,0,0.0,0.12499998437500197,0.6666664444445185,1
39,0.0,1,0,2,117.58,235.16,2,2,2,0.25,0.99999950000025,0.00850484772705882,0.499999750000125,0,0.0,0.24999996875000394,0.49999987500003124,1
59,0.0,0,0,3,477.73333333333335,1433.2,3,2,1,0.125,0.33333322222225925,0.0006977393241014935,0.9999996666667778,0,0.0,0.24999996875000394,0.399999920000016,2
46,0.0,1,0,5,252.198,1260.99,5,5,3,0.375,0.599999880000024,0.002379083099486052,1.599999680000064,0,0.0,0.4999999375000079,0.499999950000005,4
44,0.0,0,1,4,1037.04,4148.16,4,3,1,0.125,0.24999993750001562,0.00024107073973977117,0.9999997500000625,0,0.0,0.3749999531250059,0.4285713673469475,4
18,0.0,0,0,0,0.0,0.0,0,1,2,0.25,2000000.0,2000000.0,0.0,0,0.0,0.0,0.9999990000010001,6
48,0.0,1,1,4,241.0075,964.03,4,4,2,0.2222222222222222,0.49999987500003124,0.002074624231533641,0.49999987500003124,0,0.0,0.44444439506173394,0.4999999375000079,4
41,0.0,1,0,4,541.8675000000001,2167.4700000000003,4,3,2,0.2222222222222222,0.49999987500003124,0.0009227348009786825,0.24999993750001562,0,0.0,0.33333329629630043,0.4285713673469475,4
53,0.0,0,0,2,408.365,816.73,2,2,2,0.25,0.99999950000025,0.002448789682699558,0.0,0,0.0,0.24999996875000394,0.49999987500003124,1
28,0.0,0,0,1,2115.27,4230.54,2,2,4,0.5,1.9999990000005,0.0009455057744530234,0.0,1,0.24999993750001562,0.24999996875000394,0.49999987500003124,7
50,0.0,0,0,4,519.545,2078.18,4,2,2,0.25,0.49999987500003124,0.0009623805440518241,0.7499998125000469,0,0.0,0.24999996875000394,0.33333327777778704,4
19,0.0,0,0,1,735.03,735.03,1,1,1,0.125,0.9999990000010001,0.0013604886856856337,0.0,0,0.0,0.12499998437500197,0.499999750000125,2
44,0.0,0,1,2,321.22499999999997,642.4499999999999,2,3,1,0.14285714285714285,0.499999750000125,0.0015565413626639564,0.99999950000025,0,0.0,0.285714244897965,0.599999880000024,2
56,0.0,1,0,3,707.4066666666666,2122.22,3,3,3,0.375,0.9999996666667778,0.0014136140450030565,0.6666664444445185,0,0.0,0.3749999531250059,0.49999991666668053,1
49,0.0,0,0,5,485.85599999999994,2429.2799999999997,5,4,2,0.25,0.399999920000016,0.0008232892046930412,0.399999920000016,0,0.0,0.4999999375000079,0.44444439506173394,4
69,0.0,1,0,0,0.0,0.0,0,1,2,0.25,2000000.0,2000000.0,0.0,0,0.0,0.0,0.9999990000010001,6
52,0.0,0,0,1,1253.01,1253.01,1,1,1,0.125,0.9999990000010001,0.0007980782269909432,0.9999990000010001,0,0.0,0.12499998437500197,0.499999750000125,2
48,0.0,0,0,2,362.6233333333333,1087.87,3,3,0,0.0,0.0,0.0,0.9999996666667778,0,0.0,0.22222219753086697,0.49999991666668053,2
40,1.0,1,1,1,691.85,691.85,1,1,2,0.25,1.9999980000020001,0.002890800024729638,0.9999990000010001,0,0.0,0.12499998437500197,0.499999750000125,1
37,0.0,0,1,1,112.74,112.74,1,1,1,0.125,0.9999990000010001,0.008869966215451781,0.9999990000010001,0,0.0,0.12499998437500197,0.499999750000125,2
45,0.0,0,0,5,329.53200000000004,1647.66,5,5,2,0.25,0.399999920000016,0.0012138426609774814,0.799999840000032,0,0.0,0.6249999218750099,0.499999950000005,4
50,0.0,0,0,2,525.7433333333333,1577.23,3,3,1,0.125,0.33333322222225925,0.0006340229385479461,0.33333322222225925,0,0.0,0.3749999531250059,0.49999991666668053,4
37,0.0,0,0,2,944.2900000000001,1888.5800000000002,2,3,1,0.125,0.499999750000125,0.0005294983529797527,2.499998750000625,0,0.0,0.24999996875000394,0.599999880000024,2
65,0.0,1,0,1,343.07,343.07,1,1,1,0.125,0.9999990000010001,0.0029148570177664705,0.9999990000010001,0,0.0,0.12499998437500197,0.499999750000125,2
47,0.0,0,0,3,431.46333333333337,1294.39,3,4,2,0.2222222222222222,0.6666664444445185,0.0015451293647624521,0.33333322222225925,0,0.0,0.33333329629630043,0.57142848979593,4
32,0.0,1,1,2,354.12,708.24,2,3,1,0.125,0.499999750000125,0.0014119507491641946,0.499999750000125,0,0.0,0.24999996875000394,0.599999880000024,2
41,0.0,0,0,2,459.46,918.92,2,2,1,0.125,0.499999750000125,0.0010882340126580833,0.0,0,0.0,0.24999996875000394,0.49999987500003124,2
59,1.0,1,0,0,0.0,0.0,0,0,0,0.0,0.0,0.0,0.0,0,0.0,0.0,0.0,0
37,0.0,0,0,2,471.33500000000004,942.6700000000001,2,2,1,0.125,0.499999750000125,0.0010608166155061508,0.499999750000125,0,0.0,0.12499998437500197,0.49999987500003124,2
41,0.0,1,0,4,464.455,1857.82,4,4,2,0.25,0.49999987500003124,0.0010765305567404105,0.49999987500003124,0,0.0,0.4999999375000079,0.4999999375000079,4
40,0.0,0,1,2,284.625,569.25,2,2,1,0.125,0.499999750000125,0.001756697405785336,1.499999250000375,0,0.0,0.24999996875000394,0.49999987500003124,2
34,0.0,0,0,3,204.42333333333332,613.27,3,5,3,0.375,0.9999996666667778,0.004891809472350173,0.6666664444445185,0,0.0,0.24999996875000394,0.6249999218750099,1
24,0.0,0,1,0,0.0,0.0,0,0,0,0.0,0.0,0.0,0.0,0,0.0,0.0,0.0,0
49,0.0,1,1,3,165.46,496.38,3,2,4,0.5,1.333332888889037,0.008058342382734313,0.33333322222225925,0,0.0,0.24999996875000394,0.399999920000016,1
39,0.0,0,1,2,585.5466666666666,1756.6399999999999,3,2,3,0.375,0.9999996666667778,0.0017078058101217064,0.6666664444445185,0,0.0,0.24999996875000394,0.399999920000016,1
44,0.0,0,0,0,0.0,0.0,0,2,0,0.0,0.0,0.0,0.0,0,0.0,0.0,0.99999950000025,2
19,0.0,0,0,1,413.52,413.52,1,1,0,0.0,0.0,0.0,0.9999990000010001,0,0.0,0.12499998437500197,0.499999750000125,2
75,0.0,0,0,0,0.0,0.0,0,0,1,0.125,1000000.0,1000000.0,0.0,0,0.0,0.0,0.0,0
45,0.0,1,0,2,176.265,352.53,2,2,0,0.0,0.0,0.0,0.499999750000125,0,0.0,0.24999996875000394,0.49999987500003124,2
37,0.0,0,0,3,470.04333333333335,1410.13,3,3,3,0.375,0.9999996666667778,0.002127463423849245,1.6666661111112961,0,0.0,0.3749999531250059,0.49999991666668053,1
43,0.0,0,1,2,448.635,897.27,2,2,3,0.375,1.499999250000375,0.003343475204405056,0.499999750000125,0,0.0,0.24999996875000394,0.49999987500003124,1
44,0.0,0,0,3,443.82,1331.46,3,3,1,0.125,0.33333322222225925,0.0007510552320377215,0.33333322222225925,0,0.0,0.3749999531250059,0.49999991666668053,4
58,0.0,1,0,2,459.245,918.49,2,2,2,0.2222222222222222,0.99999950000025,0.0021774869599260884,0.0,0,0.0,0.22222219753086697,0.49999987500003124,1
19,0.0,0,0,2,451.34499999999997,902.6899999999999,2,2,1,0.125,0.499999750000125,0.0011078000187131796,0.499999750000125,0,0.0,0.24999996875000394,0.49999987500003124,2
42,0.0,0,0,2,361.21500000000003,722.4300000000001,2,3,3,0.375,1.499999250000375,0.004152651462214122,0.499999750000125,0,0.0,0.24999996875000394,0.599999880000024,1
45,0.0,1,1,1,653.32,653.32,1,2,1,0.125,0.9999990000010001,0.0015306434801771818,0.0,0,0.0,0.12499998437500197,0.6666664444445185,2
68,0.0,1,0,0,0.0,0.0,0,0,0,0.0,0.0,0.0,0.0,0,0.0,0.0,0.0,0
55,0.0,1,0,3,266.85,800.5500000000001,3,3,1,0.125,0.33333322222225925,0.0012491412138540487,0.33333322222225925,0,0.0,0.3749999531250059,0.49999991666668053,4
65,0.0,1,1,2,229.365,458.73,2,2,0,0.0,0.0,0.0,0.99999950000025,0,0.0,0.24999996875000394,0.49999987500003124,2
52,0.0,0,0,3,355.434,1777.17,5,5,5,0.5,0.99999980000004,0.002813461850687631,0.399999920000016,1,0.09999999000000101,0.499999950000005,0.499999950000005,7
50,0.0,0,0,4,714.42,2857.68,4,3,3,0.375,0.7499998125000469,0.0010498026367368627,0.7499998125000469,0,0.0,0.3749999531250059,0.4285713673469475,1
52,0.0,1,0,4,288.4625,1153.85,4,2,2,0.25,0.49999987500003124,0.0017333275540726025,0.49999987500003124,0,0.0,0.24999996875000394,0.33333327777778704,1
52,0.0,0,1,3,277.23,1108.92,4,4,1,0.1111111111111111,0.24999993750001562,0.0009017783060078469,0.7499998125000469,1,0.12499998437500197,0.44444439506173394,0.4999999375000079,7
56,0.0,1,0,2,220.27,440.54,2,1,2,0.25,0.99999950000025,0.004539882860716659,0.99999950000025,0,0.0,0.12499998437500197,0.33333322222225925,1
22,0.0,0,1,2,100.23,200.46,2,3,0,0.0,0.0,0.0,0.499999750000125,0,0.0,0.24999996875000394,0.599999880000024,2
41,0.0,0,0,2,445.34999999999997,890.6999999999999,2,2,0,0.0,0.0,0.0,0.499999750000125,0,0.0,0.12499998437500197,0.49999987500003124,2
51,0.0,1,0,3,553.5533333333333,1660.6599999999999,3,2,2,0.25,0.6666664444445185,0.001204340442231197,1.333332888889037,0,0.0,0.24999996875000394,0.399999920000016,1
45,0.0,0,1,1,102.78,102.78,1,1,2,0.25,1.9999980000020001,0.019459038534159968,0.9999990000010001,0,0.0,0.12499998437500197,0.499999750000125,1
32,0.0,0,0,5,304.118,1520.59,5,4,1,0.125,0.199999960000008,0.0006576394684578753,0.799999840000032,0,0.0,0.4999999375000079,0.44444439506173394,4
77,0.0,1,0,0,0.0,0.0,0,2,1,0.125,1000000.0,1000000.0,0.0,0,0.0,0.0,0.99999950000025,6
55,0.0,1,1,1,36.44,36.44,1,2,0,0.0,0.0,0.0,0.0,0,0.0,0.12499998437500197,0.6666664444445185,2
69,0.0,1,0,0,0.0,0.0,0,0,1,0.125,1000000.0,1000000.0,0.0,0,0.0,0.0,0.0,0
43,0.0,0,0,4,333.69,1334.76,4,4,2,0.25,0.49999987500003124,0.001498396714391803,0.0,0,0.0,0.4999999375000079,0.4999999375000079,4
56,1.0,1,1,1,225.5,225.5,1,0,0,0.0,0.0,0.0,0.0,0,0.0,0.0,0.0,0
28,0.0,0,0,2,702.3033333333333,2106.91,3,3,3,0.375,0.9999996666667778,0.0014238861643715746,0.33333322222225925,1,0.16666663888889352,0.3749999531250059,0.49999991666668053,7
65,0.0,1,1,2,344.03,688.06,2,2,2,0.25,0.99999950000025,0.002906723246654764,0.99999950000025,0,0.0,0.12499998437500197,0.49999987500003124,1
42,0.0,0,0,5,388.786,1943.93,5,5,0,0.0,0.0,0.0,0.0,0,0.0,0.6249999218750099,0.499999950000005,4
43,0.0,0,0,2,75.24,150.48,2,3,2,0.25,0.99999950000025,0.013290802676164257,0.99999950000025,0,0.0,0.24999996875000394,0.599999880000024,1
49,0.0,1,1,2,357.715,715.43,2,2,1,0.125,0.499999750000125,0.0013977607852651403,0.0,0,0.0,0.24999996875000394,0.49999987500003124,2
66,0.0,1,0,0,0.0,0.0,0,0,1,0.125,1000000.0,1000000.0,0.0,0,0.0,0.0,0.0,0
49,0.0,1,1,1,688.84,688.84,1,1,1,0.1111111111111111,0.9999990000010001,0.0014517159261196854,0.0,0,0.0,0.0,0.499999750000125,2
27,1.0,0,0,1,524.85,524.85,1,1,2,0.25,1.9999980000020001,0.0038106125487079876,0.0,0,0.0,0.12499998437500197,0.499999750000125,1
44,0.0,1,0,1,27.93,27.93,1,3,1,0.125,0.9999990000010001,0.03580379392037974,0.0,0,0.0,0.12499998437500197,0.7499998125000469,2
48,0.0,1,1,3,737.0833333333334,2211.25,3,3,5,0.625,1.6666661111112961,0.0022611644986947816,0.6666664444445185,0,0.0,0.24999996875000394,0.49999991666668053,1
45,0.0,1,0,2,2595.3733333333334,7786.12,3,2,3,0.375,0.9999996666667778,0.0003853010227962963,0.9999996666667778,1,0.199999960000008,0.24999996875000394,0.399999920000016,7
42,0.0,1,0,1,941.99,941.99,1,2,1,0.125,0.9999990000010001,0.0010615823935906088,0.9999990000010001,0,0.0,0.12499998437500197,0.6666664444445185,2
47,0.0,1,0,0,0.0,0.0,0,0,1,0.125,1000000.0,1000000.0,0.0,0,0.0,0.0,0.0,0
34,0.0,0,1,2,535.42,1606.26,3,3,0,0.0,0.0,0.0,0.9999996666667778,0,0.0,0.3749999531250059,0.49999991666668053,2
60,0.0,1,1,0,0.0,0.0,0,0,1,0.125,1000000.0,1000000.0,0.0,0,0.0,0.0,0.0,0
36,0.0,1,0,1,367.87,367.87,1,1,0,0.0,0.0,0.0,0.9999990000010001,0,0.0,0.12499998437500197,0.499999750000125,2
49,0.0,0,0,2,513.1166666666667,1539.3500000000001,3,4,0,0.0,0.0,0.0,1.333332888889037,0,0.0,0.22222219753086697,0.57142848979593,2
19,0.0,0,0,0,0.0,0.0,0,1,1,0.125,1000000.0,1000000.0,0.0,0,0.0,0.0,0.9999990000010001,6
45,0.0,0,0,3,223.302,1116.51,5,5,2,0.25,0.399999920000016,0.0017912960906832037,0.0,1,0.09999999000000101,0.6249999218750099,0.499999950000005,7
39,0.0,1,0,3,2041.5533333333335,6124.660000000001,3,2,1,0.125,0.33333322222225925,0.00016327436948936357,0.33333322222225925,0,0.0,0.24999996875000394,0.399999920000016,4
37,0.0,0,1,1,115.55,115.55,1,2,2,0.25,1.9999980000020001,0.017308524298498277,0.9999990000010001,0,0.0,0.12499998437500197,0.6666664444445185,1
26,0.0,1,1,0,0.0,0.0,0,0,1,0.125,1000000.0,1000000.0,0.0,0,0.0,0.0,0.0,0
20,1.0,0,0,0,0.0,0.0,0,1,1,0.125,1000000.0,1000000.0,0.0,0,0.0,0.0,0.9999990000010001,6
52,1.0,0,0,3,336.645,1346.58,4,4,0,0.0,0.0,0.0,0.7499998125000469,0,0.0,0.4999999375000079,0.4999999375000079,4
39,0.0,1,0,2,427.8,855.6,2,2,1,0.1111111111111111,0.499999750000125,0.0011687704521169116,0.0,0,0.0,0.22222219753086697,0.49999987500003124,2
53,0.0,1,1,1,7480.76,14961.52,2,1,1,0.125,0.499999750000125,6.683812874180977e-05,1.9999990000005,1,0.33333322222225925,0.12499998437500197,0.33333322222225925,5
24,0.0,0,1,0,0.0,0.0,0,0,1,0.125,1000000.0,1000000.0,0.0,0,0.0,0.0,0.0,0
24,0.0,0,0,0,0.0,0.0,0,0,0,0.0,0.0,0.0,0.0,0,0.0,0.0,0.0,0
38,0.0,0,0,1,77.63,77.63,1,1,2,0.25,1.9999980000020001,0.025763235530552167,0.9999990000010001,0,0.0,0.12499998437500197,0.499999750000125,1
25,0.0,1,1,0,0.0,0.0,0,2,1,0.125,1000000.0,1000000.0,0.0,0,0.0,0.0,0.99999950000025,6
29,0.0,0,1,1,395.37,395.37,1,2,0,0.0,0.0,0.0,0.0,0,0.0,0.12499998437500197,0.6666664444445185,2
45,0.0,1,0,2,290.52333333333337,871.57,3,4,2,0.25,0.6666664444445185,0.0022947095445062246,0.6666664444445185,1,0.1428571224489825,0.3749999531250059,0.57142848979593,7
53,0.0,1,0,4,527.9525,2111.81,4,3,1,0.125,0.24999993750001562,0.00047352744779429617,0.9999997500000625,0,0.0,0.3749999531250059,0.4285713673469475,4
37,1.0,1,0,2,1748.35,3496.7,2,2,1,0.125,0.499999750000125,0.0002859839276214763,0.99999950000025,0,0.0,0.24999996875000394,0.49999987500003124,2
47,0.0,0,1,3,761.8566666666667,2285.57,3,3,2,0.2222222222222222,0.6666664444445185,0.0008750552374790292,0.9999996666667778,0,0.0,0.33333329629630043,0.49999991666668053,1
49,0.0,1,0,0,0.0,0.0,0,1,2,0.25,2000000.0,2000000.0,0.0,0,0.0,0.0,0.9999990000010001,6
59,1.0,1,0,1,101.75,101.75,1,1,0,0.0,0.0,0.0,0.9999990000010001,0,0.0,0.12499998437500197,0.499999750000125,2
45,0.0,0,0,1,1392.18,1392.18,1,0,1,0.125,0.9999990000010001,0.0007182979207298639,0.9999990000010001,0,0.0,0.0,0.0,0
19,0.0,0,0,0,0.0,0.0,0,1,0,0.0,0.0,0.0,0.0,0,0.0,0.0,0.9999990000010001,2
46,0.0,0,0,3,319.6775,1278.71,4,3,1,0.125,0.24999993750001562,0.0007820381472092669,0.49999987500003124,1,0.1428571224489825,0.3749999531250059,0.4285713673469475,7
38,0.0,0,1,3,361.6666666666667,1085.0,3,4,1,0.125,0.33333322222225925,0.0009216589853256598,0.6666664444445185,0,0.0,0.3749999531250059,0.57142848979593,4
57,1.0,0,1,2,496.71,993.42,2,2,2,0.25,0.99999950000025,0.0020132471643280313,0.99999950000025,0,0.0,0.24999996875000394,0.49999987500003124,1
19,0.0,0,0,0,0.0,0.0,0,1,1,0.1111111111111111,1000000.0,1000000.0,0.0,0,0.0,0.0,0.9999990000010001,6
19,0.0,0,0,0,0.0,0.0,0,0,1,0.125,1000000.0,1000000.0,0.0,0,0.0,0.0,0.0,0
41,1.0,1,1,1,710.38,710.38,1,1,1,0.125,0.9999990000010001,0.0014076972867934103,0.0,0,0.0,0.12499998437500197,0.499999750000125,2
57,0.0,1,1,2,315.84000000000003,631.6800000000001,2,2,3,0.375,1.499999250000375,0.004749240114062119,0.99999950000025,0,0.0,0.24999996875000394,0.49999987500003124,1
38,0.0,1,0,3,142.02249999999998,568.0899999999999,4,4,0,0.0,0.0,0.0,0.24999993750001562,0,0.0,0.44444439506173394,0.4999999375000079,4
49,0.0,1,0,3,251.4666666666667,754.4000000000001,3,3,1,0.1111111111111111,0.33333322222225925,0.001325556732071107,0.6666664444445185,0,0.0,0.33333329629630043,0.49999991666668053,4
39,0.0,0,1,1,376.9,376.9,1,2,2,0.25,1.9999980000020001,0.005306447319431024,0.9999990000010001,0,0.0,0.12499998437500197,0.6666664444445185,1
45,0.0,0,0,3,186.4875,745.95,4,3,0,0.0,0.0,0.0,0.49999987500003124,0,0.0,0.3749999531250059,0.4285713673469475,4
36,0.0,0,1,1,417.01,417.01,1,1,0,0.0,0.0,0.0,0.0,0,0.0,0.12499998437500197,0.499999750000125,2
54,0.0,0,0,5,724.742,3623.71,5,5,0,0.0,0.0,0.0,0.799999840000032,0,0.0,0.6249999218750099,0.499999950000005,4
24,0.0,0,0,0,0.0,0.0,0,0,3,0.375,3000000.0,3000000.0,0.0,0,0.0,0.0,0.0,3
25,0.0,0,1,1,103.1,103.1,1,1,0,0.0,0.0,0.0,1.9999980000020001,0,0.0,0.12499998437500197,0.499999750000125,2
35,0.0,1,0,2,435.885,871.77,2,2,2,0.25,0.99999950000025,0.0022941830961214736,0.499999750000125,0,0.0,0.24999996875000394,0.49999987500003124,1
43,0.0,1,0,2,442.445,884.89,2,1,1,0.125,0.499999750000125,0.0011300839639615274,0.99999950000025,0,0.0,0.12499998437500197,0.33333322222225925,2
20,0.0,0,0,0,0.0,0.0,0,0,0,0.0,0.0,0.0,0.0,0,0.0,0.0,0.0,0
39,0.0,0,0,2,328.505,657.01,2,4,2,0.25,0.99999950000025,0.0030440936925707467,0.499999750000125,0,0.0,0.24999996875000394,0.6666665555555741,1
52,0.0,1,1,1,421.44,421.44,1,0,2,0.25,1.9999980000020001,0.004745634005444111,0.9999990000010001,0,0.0,0.0,0.0,0
35,0.0,1,0,2,643.4100000000001,1286.8200000000002,2,3,3,0.375,1.499999250000375,0.0023313283891054468,0.0,0,0.0,0.24999996875000394,0.599999880000024,1
46,0.0,1,1,3,2538.23,7614.6900000000005,3,2,1,0.125,0.33333322222225925,0.00013132510973771418,1.6666661111112961,0,0.0,0.24999996875000394,0.399999920000016,4
46,0.0,0,0,4,220.0,880.0,4,4,1,0.125,0.24999993750001562,0.001136363635072314,0.0,0,0.0,0.4999999375000079,0.4999999375000079,4
48,0.0,0,1,4,597.36,2389.44,4,4,0,0.0,0.0,0.0,0.49999987500003124,0,0.0,0.44444439506173394,0.4999999375000079,4
25,0.0,0,0,0,0.0,0.0,0,0,1,0.125,1000000.0,1000000.0,0.0,0,0.0,0.0,0.0,0
31,0.0,0,1,1,767.08,767.08,1,1,1,0.125,0.9999990000010001,0.0013036449896964527,0.9999990000010001,0,0.0,0.12499998437500197,0.499999750000125,2
44,1.0,0,0,3,174.14749999999998,696.5899999999999,4,6,3,0.375,0.7499998125000469,0.00430669403191735,0.24999993750001562,1,0.09999999000000101,0.4999999375000079,0.599999940000006,7
55,0.0,0,1,4,391.3225,1565.29,4,4,1,0.1,0.24999993750001562,0.0006388592525098485,0.7499998125000469,0,0.0,0.39999996000000404,0.4999999375000079,4
56,0.0,0,1,2,374.6233333333333,1123.87,3,3,0,0.0,0.0,0.0,1.333332888889037,0,0.0,0.3749999531250059,0.49999991666668053,2
49,0.0,0,0,2,281.4975,1125.99,4,4,2,0.25,0.49999987500003124,0.0017762147072565343,0.49999987500003124,1,0.12499998437500197,0.4999999375000079,0.4999999375000079,7
49,1.0,1,1,2,582.73,1165.46,2,2,1,0.125,0.499999750000125,0.0008580303048941788,0.499999750000125,0,0.0,0.24999996875000394,0.49999987500003124,2
44,0.0,0,0,2,241.305,482.61,2,1,1,0.125,0.499999750000125,0.0020720664675989587,0.99999950000025,0,0.0,0.12499998437500197,0.33333322222225925,2
44,0.0,1,1,1,2081.78,2081.78,1,2,1,0.1111111111111111,0.9999990000010001,0.00048035815480965415,0.0,0,0.0,0.11111109876543349,0.6666664444445185,2
58,0.0,1,1,0,0.0,0.0,0,1,3,0.375,3000000.0,3000000.0,0.0,0,0.0,0.0,0.9999990000010001,6
43,0.0,1,1,0,0.0,0.0,0,0,3,0.375,3000000.0,3000000.0,0.0,0,0.0,0.0,0.0,3
49,0.0,1,1,0,0.0,0.0,0,0,2,0.25,2000000.0,2000000.0,0.0,0,0.0,0.0,0.0,3
55,0.0,0,0,3,548.3233333333334,1644.97,3,3,3,0.375,0.9999996666667778,0.001823741465301044,0.9999996666667778,0,0.0,0.3749999531250059,0.49999991666668053,1
20,0.0,0,1,0,0.0,0.0,0,0,0,0.0,0.0,0.0,0.0,0,0.0,0.0,0.0,0
40,0.0,0,0,3,109.79333333333334,329.38,3,3,1,0.1111111111111111,0.33333322222225925,0.0030360070343190024,0.0,0,0.0,0.33333329629630043,0.49999991666668053,4
43,0.0,1,1,1,1063.68,1063.68,1,1,2,0.2857142857142857,1.9999980000020001,0.0018802647395078735,0.0,0,0.0,0.1428571224489825,0.499999750000125,1
30,0.0,0,0,1,93.89,93.89,1,1,1,0.125,0.9999990000010001,0.010650761416010636,0.9999990000010001,0,0.0,0.12499998437500197,0.499999750000125,2
35,0.0,0,1,1,664.28,664.28,1,1,1,0.125,0.9999990000010001,0.0015053892914051465,0.9999990000010001,0,0.0,0.12499998437500197,0.499999750000125,2
19,0.0,0,1,0,0.0,0.0,0,0,1,0.125,1000000.0,1000000.0,0.0,0,0.0,0.0,0.0,0
25,0.0,0,0,0,0.0,0.0,0,0,3,0.375,3000000.0,3000000.0,0.0,0,0.0,0.0,0.0,3
40,0.0,0,0,4,269.7475,1078.99,4,4,1,0.125,0.24999993750001562,0.0009267926478217659,0.24999993750001562,0,0.0,0.4999999375000079,0.4999999375000079,4
54,0.0,1,1,1,408.33,408.33,1,1,4,0.4444444444444444,3.9999960000040002,0.009795998310689887,0.0,0,0.0,0.11111109876543349,0.499999750000125,1
39,0.0,1,1,2,1839.71,3679.42,2,2,4,0.5,1.9999990000005,0.0010871278622480913,0.99999950000025,0,0.0,0.24999996875000394,0.49999987500003124,1
57,1.0,1,0,4,242.38750000000002,969.5500000000001,4,4,1,0.125,0.24999993750001562,0.001031406321456958,0.7499998125000469,0,0.0,0.4999999375000079,0.4999999375000079,4
64,0.0,1,0,3,732.2125000000001,2928.8500000000004,4,2,3,0.375,0.7499998125000469,0.0010242928108218949,0.9999997500000625,1,0.16666663888889352,0.24999996875000394,0.33333327777778704,7
50,0.0,0,0,1,191.1,191.1,1,1,0,0.0,0.0,0.0,0.9999990000010001,0,0.0,0.12499998437500197,0.499999750000125,2
40,0.0,0,0,4,189.26749999999998,757.0699999999999,4,4,1,0.125,0.24999993750001562,0.001320881818958773,0.49999987500003124,0,0.0,0.4999999375000079,0.4999999375000079,4
47,0.0,1,0,5,657.97,3289.85,5,5,2,0.25,0.399999920000016,0.000607930452571415,0.799999840000032,0,0.0,0.6249999218750099,0.499999950000005,4
44,0.0,1,1,2,120.13,240.26,2,2,1,0.1111111111111111,0.499999750000125,0.0041621576452087,0.499999750000125,0,0.0,0.22222219753086697,0.49999987500003124,2
55,0.0,0,0,1,276.58,276.58,1,2,2,0.2222222222222222,1.9999980000020001,0.007231180825688117,0.9999990000010001,0,0.0,0.0,0.6666664444445185,1
39,0.0,1,0,1,85.99,85.99,1,2,1,0.125,0.9999990000010001,0.011629259080948261,0.9999990000010001,0,0.0,0.12499998437500197,0.6666664444445185,2
80,0.0,0,0,0,0.0,0.0,0,0,3,0.375,3000000.0,3000000.0,0.0,0,0.0,0.0,0.0,3
35,0.0,1,0,1,748.01,748.01,1,1,5,0.625,4.999995000005001,0.006684402606002056,0.0,0,0.0,0.12499998437500197,0.499999750000125,1
18,0.0,0,0,1,702.34,1404.68,2,1,1,0.125,0.499999750000125,0.0007119059140075276,0.99999950000025,1,0.33333322222225925,0.12499998437500197,0.33333322222225925,7
53,0.0,0,0,2,253.435,506.87,2,2,1,0.125,0.499999750000125,0.00197289245373983,0.99999950000025,0,0.0,0.24999996875000394,0.49999987500003124,2
68,0.0,0,0,1,1313.88,1313.88,1,2,3,0.375,2.9999970000030003,0.002283313542878106,0.0,0,0.0,0.12499998437500197,0.6666664444445185,1
48,0.0,1,1,1,117.67,117.67,1,1,0,0.0,0.0,0.0,0.0,0,0.0,0.12499998437500197,0.499999750000125,2
49,0.0,1,1,2,377.065,754.13,2,2,0,0.0,0.0,0.0,0.99999950000025,0,0.0,0.24999996875000394,0.49999987500003124,2
38,0.0,0,0,2,807.66,3230.64,4,3,0,0.0,0.0,0.0,0.9999997500000625,0,0.0,0.3749999531250059,0.4285713673469475,4
30,0.0,0,1,2,169.26333333333335,507.79,3,3,4,0.5,1.333332888889037,0.007877272085158683,0.9999996666667778,1,0.16666663888889352,0.3749999531250059,0.49999991666668053,7
41,0.0,1,1,1,246.88,246.88,1,1,2,0.25,1.9999980000020001,0.008101101717024054,1.9999980000020001,0,0.0,0.12499998437500197,0.499999750000125,1
26,0.0,0,0,0,0.0,0.0,0,0,1,0.125,1000000.0,1000000.0,0.0,0,0.0,0.0,0.0,0
54,0.0,1,1,2,611.495,1222.99,2,2,1,0.125,0.499999750000125,0.0008176681732330859,0.99999950000025,0,0.0,0.24999996875000394,0.49999987500003124,2
25,0.0,0,0,0,0.0,0.0,0,0,2,0.25,2000000.0,2000000.0,0.0,0,0.0,0.0,0.0,3
48,0.0,0,0,3,368.7633333333333,1106.29,3,2,0,0.0,0.0,0.0,0.0,0,0.0,0.24999996875000394,0.399999920000016,2
38,0.0,1,0,1,611.465,1222.93,2,1,4,0.5,1.9999990000005,0.0032708331603028516,0.499999750000125,0,0.0,0.0,0.33333322222225925,1
60,0.0,1,1,1,171.08,171.08,1,2,1,0.1111111111111111,0.9999990000010001,0.005845218577009478,0.0,0,0.0,0.11111109876543349,0.6666664444445185,2
58,0.0,1,0,1,451.76,903.52,2,2,2,0.25,0.99999950000025,0.002213564722182614,0.0,1,0.24999993750001562,0.24999996875000394,0.49999987500003124,7
44,0.0,1,0,0,0.0,0.0,0,0,1,0.125,1000000.0,1000000.0,0.0,0,0.0,0.0,0.0,0
39,0.0,1,0,3,679.3766666666667,2038.13,3,4,1,0.125,0.33333322222225925,0.0004906458368746616,0.33333322222225925,0,0.0,0.3749999531250059,0.57142848979593,4
30,1.0,0,0,3,652.5500000000001,1957.65,3,3,2,0.25,0.6666664444445185,0.0010216330799572787,0.33333322222225925,0,0.0,0.24999996875000394,0.49999991666668053,1
43,0.0,1,1,1,519.49,519.49,1,1,2,0.25,1.9999980000020001,0.0038499297313712875,0.9999990000010001,0,0.0,0.12499998437500197,0.499999750000125,1
41,0.0,0,1,1,286.51,286.51,1,0,1,0.125,0.9999990000010001,0.0034902795592116173,0.9999990000010001,0,0.0,0.0,0.0,0
50,0.0,1,1,1,68.55,68.55,1,1,1,0.125,0.9999990000010001,0.014587891836792244,0.9999990000010001,0,0.0,0.12499998437500197,0.499999750000125,2
43,0.0,0,1,1,87.33,87.33,1,1,1,0.125,0.9999990000010001,0.0114508186024182,1.9999980000020001,0,0.0,0.0,0.499999750000125,2
50,0.0,1,1,4,518.5260000000001,2592.63,5,5,1,0.125,0.199999960000008,0.0003857087203396903,1.199999760000048,0,0.0,0.6249999218750099,0.499999950000005,4
41,0.0,0,0,5,574.864,2874.32,5,4,1,0.125,0.199999960000008,0.00034790837472935916,0.399999920000016,0,0.0,0.4999999375000079,0.44444439506173394,4
41,1.0,1,1,3,522.595,2090.38,4,4,1,0.125,0.24999993750001562,0.0004783819207615927,0.49999987500003124,0,0.0,0.4999999375000079,0.4999999375000079,4
18,0.0,0,0,1,733.6,1467.2,2,2,3,0.375,1.499999250000375,0.0020447110127830483,0.0,1,0.24999993750001562,0.24999996875000394,0.49999987500003124,7
51,0.0,0,0,4,335.03000000000003,1675.15,5,4,3,0.375,0.599999880000024,0.0017908843973429933,0.199999960000008,0,0.0,0.4999999375000079,0.44444439506173394,4
49,0.0,1,1,2,301.015,602.03,2,4,0,0.0,0.0,0.0,0.0,0,0.0,0.24999996875000394,0.6666665555555741,2
45,0.0,1,0,4,603.0425,2412.17,4,3,0,0.0,0.0,0.0,0.24999993750001562,0,0.0,0.3749999531250059,0.4285713673469475,4
26,0.0,0,0,2,470.345,940.69,2,2,1,0.125,0.499999750000125,0.0010630494625614713,0.499999750000125,0,0.0,0.24999996875000394,0.49999987500003124,2
70,0.0,1,0,0,0.0,0.0,0,0,0,0.0,0.0,0.0,0.0,0,0.0,0.0,0.0,0
58,0.0,1,1,0,0.0,0.0,0,0,0,0.0,0.0,0.0,0.0,0,0.0,0.0,0.0,0
19,0.0,0,1,0,0.0,0.0,0,0,1,0.125,1000000.0,1000000.0,0.0,0,0.0,0.0,0.0,0
58,0.0,0,1,0,0.0,0.0,0,0,2,0.25,2000000.0,2000000.0,0.0,0,0.0,0.0,0.0,3
69,0.0,0,0,0,0.0,0.0,0,1,3,0.375,3000000.0,3000000.0,0.0,0,0.0,0.0,0.9999990000010001,6
37,0.0,0,0,1,467.19,467.19,1,1,2,0.25,1.9999980000020001,0.004280913537787809,0.0,0,0.0,0.12499998437500197,0.499999750000125,1
41,0.0,0,0,2,513.52,1027.04,2,2,0,0.0,0.0,0.0,0.499999750000125,0,0.0,0.24999996875000394,0.49999987500003124,2
33,0.0,1,1,0,0.0,0.0,0,1,1,0.125,1000000.0,1000000.0,0.0,0,0.0,0.0,0.9999990000010001,6
43,0.0,1,0,4,534.5875,2138.35,4,4,2,0.25,0.49999987500003124,0.0009353005817872189,0.49999987500003124,0,0.0,0.4999999375000079,0.4999999375000079,4
43,0.0,0,0,1,116.49,116.49,1,1,0,0.0,0.0,0.0,0.9999990000010001,0,0.0,0.12499998437500197,0.499999750000125,2
21,0.0,0,0,1,226.09,226.09,2,2,2,0.25,0.99999950000025,0.00884603472579046,0.499999750000125,1,0.24999993750001562,0.12499998437500197,0.49999987500003124,7
50,0.0,1,1,0,0.0,0.0,0,0,2,0.2222222222222222,2000000.0,2000000.0,0.0,0,0.0,0.0,0.0,3
42,1.0,1,0,3,559.8425,2239.37,4,4,1,0.1111111111111111,0.24999993750001562,0.00044655416458800733,0.9999997500000625,0,0.0,0.44444439506173394,0.4999999375000079,4
43,1.0,0,1,1,307.82,307.82,1,1,1,0.125,0.9999990000010001,0.0032486517989453196,0.0,0,0.0,0.12499998437500197,0.499999750000125,2
42,0.0,0,0,3,481.94,1445.82,3,4,2,0.25,0.6666664444445185,0.001383298058276066,0.6666664444445185,0,0.0,0.3749999531250059,0.57142848979593,4
37,0.0,0,0,1,199.32,199.32,1,1,1,0.125,0.9999990000010001,0.005017057972019577,0.9999990000010001,0,0.0,0.12499998437500197,0.499999750000125,2
57,0.0,1,0,0,0.0,0.0,0,1,0,0.0,0.0,0.0,0.0,0,0.0,0.0,0.9999990000010001,2
43,0.0,0,0,3,1100.42,4401.68,4,4,4,0.5,0.9999997500000625,0.0009087439339277856,0.0,1,0.12499998437500197,0.4999999375000079,0.4999999375000079,7
55,0.0,1,1,2,402.9066666666667,1208.72,3,3,4,0.5,1.333332888889037,0.0033092858533744075,0.0,1,0.16666663888889352,0.3749999531250059,0.49999991666668053,7
61,0.0,1,0,1,478.77,478.77,1,4,2,0.25,1.9999980000020001,0.004177371171591012,0.0,0,0.0,0.12499998437500197,0.799999840000032,1
31,0.0,0,0,4,160.105,640.42,4,5,2,0.2222222222222222,0.49999987500003124,0.0031229505588161667,0.9999997500000625,0,0.0,0.44444439506173394,0.5555554938271674,4
51,0.0,1,0,2,516.2049999999999,1032.4099999999999,2,1,2,0.25,0.99999950000025,0.0019372148643104824,0.99999950000025,0,0.0,0.12499998437500197,0.33333322222225925,1
41,0.0,0,0,2,716.405,1432.81,2,2,2,0.25,0.99999950000025,0.0013958584868922895,0.0,0,0.0,0.24999996875000394,0.49999987500003124,1
48,0.0,1,0,2,183.875,367.75,2,2,1,0.125,0.499999750000125,0.0027192386057940487,0.0,0,0.0,0.24999996875000394,0.49999987500003124,2
38,0.0,0,0,4,271.1225,1084.49,4,5,3,0.375,0.7499998125000469,0.002766277233753859,0.24999993750001562,0,0.0,0.4999999375000079,0.5555554938271674,4
46,0.0,1,0,2,178.55,357.1,2,2,3,0.6,1.499999250000375,0.00840100809744887,1.499999250000375,0,0.0,0.399999920000016,0.49999987500003124,1
36,1.0,0,1,1,268.54,268.54,1,1,2,0.25,1.9999980000020001,0.0074476800199311825,0.9999990000010001,0,0.0,0.12499998437500197,0.499999750000125,1
48,0.0,1,0,2,644.74,1934.22,3,2,2,0.25,0.6666664444445185,0.001034008540375961,0.9999996666667778,1,0.199999960000008,0.24999996875000394,0.399999920000016,7
49,0.0,1,1,3,592.59,1777.77,3,3,0,0.0,0.0,0.0,0.33333322222225925,0,0.0,0.12499998437500197,0.49999991666668053,2
33,0.0,0,1,3,308.20750000000004,1232.8300000000002,4,5,1,0.125,0.24999993750001562,0.0008111418437163745,0.49999987500003124,0,0.0,0.4999999375000079,0.5555554938271674,4
72,0.0,1,0,0,0.0,0.0,0,0,0,0.0,0.0,0.0,0.0,0,0.0,0.0,0.0,0
33,0.0,0,0,2,622.6,1245.2,2,2,0,0.0,0.0,0.0,0.0,0,0.0,0.24999996875000394,0.49999987500003124,2
43,1.0,1,0,2,451.76,1355.28,3,2,1,0.125,0.33333322222225925,0.0007378549076664195,0.33333322222225925,1,0.199999960000008,0.24999996875000394,0.399999920000016,7
27,0.0,0,0,1,936.29,1872.58,2,2,2,0.25,0.99999950000025,0.0010680451563788757,0.99999950000025,1,0.24999993750001562,0.24999996875000394,0.49999987500003124,7
47,0.0,1,0,2,297.865,595.73,2,1,3,0.375,1.499999250000375,0.005035838374706934,0.499999750000125,0,0.0,0.12499998437500197,0.33333322222225925,1
45,0.0,0,0,0,0.0,0.0,0,0,2,0.25,2000000.0,2000000.0,0.0,0,0.0,0.0,0.0,3
70,0.0,1,0,0,0.0,0.0,0,0,1,0.1111111111111111,1000000.0,1000000.0,0.0,0,0.0,0.0,0.0,0
26,0.0,0,0,2,630.1700000000001,1260.3400000000001,2,2,2,0.25,0.99999950000025,0.0015868733821136568,1.499999250000375,0,0.0,0.24999996875000394,0.49999987500003124,1
22,1.0,0,0,0,0.0,0.0,0,0,1,0.125,1000000.0,1000000.0,0.0,0,0.0,0.0,0.0,0
39,0.0,0,0,3,1596.5349999999999,6386.139999999999,4,3,2,0.25,0.49999987500003124,0.0003131782265479338,0.7499998125000469,1,0.1428571224489825,0.3749999531250059,0.4285713673469475,7
49,0.0,0,0,3,639.8833333333333,1919.65,3,2,2,0.2222222222222222,0.6666664444445185,0.0010418565878978685,0.33333322222225925,0,0.0,0.22222219753086697,0.399999920000016,1
37,0.0,0,0,1,108.19,108.19,1,0,1,0.125,0.9999990000010001,0.009242998343257248,0.9999990000010001,0,0.0,0.0,0.0,0
49,0.0,1,0,3,317.12666666666667,951.38,3,3,1,0.125,0.33333322222225925,0.001051104709946494,0.0,0,0.0,0.3749999531250059,0.49999991666668053,4
23,1.0,0,0,1,320.63,320.63,1,1,0,0.0,0.0,0.0,0.0,0,0.0,0.0,0.499999750000125,2
35,0.0,0,0,3,925.8066666666667,2777.42,3,2,3,0.375,0.9999996666667778,0.001080139121530003,0.6666664444445185,0,0.0,0.24999996875000394,0.399999920000016,1
31,0.0,0,0,2,262.85,525.7,2,2,3,0.375,1.499999250000375,0.0057066768010145,0.0,0,0.0,0.24999996875000394,0.49999987500003124,1
39,0.0,1,1,2,294.545,589.09,2,3,3,0.375,1.499999250000375,0.0050926004428990465,0.499999750000125,0,0.0,0.24999996875000394,0.599999880000024,1
65,0.0,1,1,1,228.64,228.64,1,2,4,0.4444444444444444,3.9999960000040002,0.01749475149801106,1.9999980000020001,0,0.0,0.11111109876543349,0.6666664444445185,1
21,0.0,0,1,0,0.0,0.0,0,1,0,0.0,0.0,0.0,0.0,0,0.0,0.0,0.9999990000010001,2
33,0.0,0,0,1,968.62,968.62,1,2,0,0.0,0.0,0.0,0.0,0,0.0,0.12499998437500197,0.6666664444445185,2
41,0.0,1,0,2,581.73,1163.46,2,2,0,0.0,0.0,0.0,0.499999750000125,0,0.0,0.24999996875000394,0.49999987500003124,2
46,0.0,0,0,1,391.43,391.43,1,1,2,0.25,1.9999980000020001,0.005109470390339345,0.9999990000010001,0,0.0,0.12499998437500197,0.499999750000125,1
45,0.0,1,0,3,2067.094,10335.470000000001,5,5,3,0.375,0.599999880000024,0.00029026256180993577,0.599999880000024,2,0.19999998000000202,0.6249999218750099,0.499999950000005,7
41,0.0,1,1,2,193.53,387.06,2,2,0,0.0,0.0,0.0,0.499999750000125,0,0.0,0.24999996875000394,0.49999987500003124,2
55,0.0,1,0,3,508.72333333333336,1526.17,3,3,3,0.375,0.9999996666667778,0.001965704998810286,0.6666664444445185,0,0.0,0.24999996875000394,0.49999991666668053,1
42,0.0,0,0,1,190.49,190.49,1,1,2,0.25,1.9999980000020001,0.010499238750069617,0.0,0,0.0,0.12499998437500197,0.499999750000125,1
50,0.0,1,1,1,97.51,97.51,1,1,2,0.25,1.9999980000020001,0.020510716639209142,0.0,0,0.0,0.12499998437500197,0.499999750000125,1
52,0.0,1,0,4,359.534,1797.67,5,4,4,0.5,0.799999840000032,0.0022251024925458492,0.99999980000004,1,0.11111109876543349,0.4999999375000079,0.44444439506173394,7
39,0.0,0,0,3,262.596,1312.98,5,7,2,0.25,0.399999920000016,0.001523252447468162,0.799999840000032,0,0.0,0.6249999218750099,0.5833332847222263,4
43,0.0,1,0,1,937.38,937.38,1,1,2,0.25,1.9999980000020001,0.0021336064326808696,0.9999990000010001,0,0.0,0.12499998437500197,0.499999750000125,1
53,0.0,0,0,2,457.32000000000005,914.6400000000001,2,2,0,0.0,0.0,0.0,0.0,0,0.0,0.285714244897965,0.49999987500003124,2
18,0.0,0,1,0,0.0,0.0,1,2,2,0.25,1.9999980000020001,2000000.0,0.0,1,0.33333322222225925,0.12499998437500197,0.6666664444445185,7
52,0.0,1,0,2,1438.245,2876.49,2,2,1,0.125,0.499999750000125,0.00034764591556110197,0.0,0,0.0,0.24999996875000394,0.49999987500003124,2
51,0.0,1,1,2,245.42,490.84,2,3,3,0.375,1.499999250000375,0.006111971302029233,0.499999750000125,0,0.0,0.12499998437500197,0.599999880000024,1
39,0.0,1,1,4,826.7850000000001,3307.1400000000003,4,5,2,0.25,0.49999987500003124,0.0006047521421516016,0.24999993750001562,0,0.0,0.4999999375000079,0.5555554938271674,4
22,0.0,0,0,1,97.44,97.44,1,1,4,0.4444444444444444,3.9999960000040002,0.04105090269857448,1.9999980000020001,0,0.0,0.11111109876543349,0.499999750000125,1
67,0.0,1,0,0,0.0,0.0,0,2,2,0.2222222222222222,2000000.0,2000000.0,0.0,0,0.0,0.0,0.99999950000025,6
52,0.0,1,1,1,868.71,868.71,1,1,2,0.25,1.9999980000020001,0.0023022642742661368,0.9999990000010001,0,0.0,0.12499998437500197,0.499999750000125,1
47,0.0,1,0,1,444.2,444.2,1,2,3,0.375,2.9999970000030003,0.00675371452779443,0.9999990000010001,0,0.0,0.12499998437500197,0.6666664444445185,1
43,0.0,0,0,3,411.18333333333334,1233.55,3,3,3,0.375,0.9999996666667778,0.002432005186306185,0.6666664444445185,0,0.0,0.3749999531250059,0.49999991666668053,1
46,1.0,0,1,5,531.346,2656.73,5,6,1,0.125,0.199999960000008,0.0003764025699350696,0.599999880000024,0,0.0,0.6249999218750099,0.5454544958677732,4
39,0.0,0,0,3,205.15,615.45,3,3,3,0.375,0.9999996666667778,0.004874482078358141,0.9999996666667778,0,0.0,0.3749999531250059,0.49999991666668053,1
64,0.0,1,0,0,0.0,0.0,0,0,1,0.125,1000000.0,1000000.0,0.0,0,0.0,0.0,0.0,0
36,0.0,1,1,1,508.72,508.72,1,2,1,0.125,0.9999990000010001,0.001965717876305791,0.9999990000010001,0,0.0,0.12499998437500197,0.6666664444445185,2
47,0.0,0,0,2,825.3633333333333,2476.09,3,3,2,0.25,0.6666664444445185,0.0008077250823646454,0.6666664444445185,1,0.16666663888889352,0.3749999531250059,0.49999991666668053,7
50,0.0,1,0,1,1287.14,1287.14,1,0,1,0.125,0.9999990000010001,0.0007769162633614709,0.9999990000010001,0,0.0,0.0,0.0,0
44,0.0,0,0,3,638.635,2554.54,4,4,0,0.0,0.0,0.0,0.7499998125000469,0,0.0,0.4999999375000079,0.4999999375000079,4
41,0.0,0,0,1,96.3,96.3,1,1,1,0.125,0.9999990000010001,0.010384215883860686,0.0,0,0.0,0.12499998437500197,0.499999750000125,2
50,0.0,0,1,0,0.0,0.0,0,0,1,0.125,1000000.0,1000000.0,0.0,0,0.0,0.0,0.0,0
66,0.0,1,1,1,314.7,314.7,1,2,2,0.25,1.9999980000020001,0.006355258956608646,0.0,0,0.0,0.12499998437500197,0.6666664444445185,1
33,0.0,1,0,0,0.0,0.0,0,1,0,0.0,0.0,0.0,0.0,0,0.0,0.0,0.9999990000010001,2
32,0.0,0,0,1,274.58,274.58,1,1,1,0.125,0.9999990000010001,0.0036419258371260623,0.9999990000010001,0,0.0,0.0,0.499999750000125,2
55,0.0,1,0,2,753.125,1506.25,2,2,2,0.2222222222222222,0.99999950000025,0.0013278008289939911,0.99999950000025,0,0.0,0.22222219753086697,0.49999987500003124,1
49,0.0,1,1,2,289.745,579.49,2,3,1,0.125,0.499999750000125,0.001725655314628975,0.499999750000125,0,0.0,0.24999996875000394,0.599999880000024,2
39,0.0,0,0,1,116.92,116.92,1,2,2,0.25,1.9999980000020001,0.017105713161942242,0.9999990000010001,0,0.0,0.12499998437500197,0.6666664444445185,1
47,0.0,1,0,3,318.23333333333335,954.7,3,3,1,0.125,0.33333322222225925,0.0010474494594663775,0.6666664444445185,0,0.0,0.3749999531250059,0.49999991666668053,4
44,1.0,1,0,1,331.22,331.22,1,1,2,0.25,1.9999980000020001,0.006038282694166165,0.9999990000010001,0,0.0,0.12499998437500197,0.499999750000125,1
39,0.0,0,0,4,330.875,1323.5,4,5,1,0.125,0.24999993750001562,0.0007555723454812449,0.7499998125000469,0,0.0,0.4999999375000079,0.5555554938271674,4
35,0.0,0,0,1,624.68,1249.36,2,2,3,0.375,1.499999250000375,0.00240122942754592,0.99999950000025,1,0.24999993750001562,0.24999996875000394,0.49999987500003124,7
51,0.0,1,1,2,187.32,374.64,2,3,1,0.125,0.499999750000125,0.0026692291195034457,0.0,0,0.0,0.24999996875000394,0.599999880000024,2
40,1.0,0,0,3,530.9166666666666,1592.75,3,3,1,0.125,0.33333322222225925,0.0006278449219100016,0.9999996666667778,0,0.0,0.3749999531250059,0.49999991666668053,4
52,0.0,0,0,2,530.065,1060.13,2,1,0,0.0,0.0,0.0,0.499999750000125,0,0.0,0.12499998437500197,0.33333322222225925,2
58,0.0,0,1,3,341.8733333333333,1025.62,3,3,2,0.25,0.6666664444445185,0.0019500399739181763,0.9999996666667778,0,0.0,0.3749999531250059,0.49999991666668053,1
40,1.0,0,1,3,164.5,493.5,3,1,1,0.14285714285714285,0.33333322222225925,0.002026342447768303,0.33333322222225925,0,0.0,0.1428571224489825,0.24999993750001562,2
32,0.0,0,0,0,0.0,0.0,0,2,1,0.1111111111111111,1000000.0,1000000.0,0.0,0,0.0,0.0,0.99999950000025,6
39,0.0,0,0,2,78.72666666666667,236.18,3,3,2,0.2222222222222222,0.6666664444445185,0.008468117501616914,0.6666664444445185,0,0.0,0.33333329629630043,0.49999991666668053,1
67,0.0,0,0,2,518.95,1037.9,2,3,0,0.0,0.0,0.0,0.499999750000125,0,0.0,0.24999996875000394,0.599999880000024,2
67,0.0,1,0,0,0.0,0.0,0,1,1,0.125,1000000.0,1000000.0,0.0,0,0.0,0.0,0.9999990000010001,6
24,0.0,0,1,0,0.0,0.0,0,1,2,0.25,2000000.0,2000000.0,0.0,0,0.0,0.0,0.9999990000010001,6
55,0.0,1,1,3,249.81666666666663,749.4499999999999,3,3,1,0.125,0.33333322222225925,0.0013343118268939733,0.6666664444445185,0,0.0,0.3749999531250059,0.49999991666668053,4
37,0.0,0,1,1,37.12,37.12,1,3,1,0.125,0.9999990000010001,0.026939654446668796,0.0,0,0.0,0.12499998437500197,0.7499998125000469,2
33,0.0,1,0,1,379.14,379.14,1,2,1,0.125,0.9999990000010001,0.0026375481282968085,0.0,0,0.0,0.12499998437500197,0.6666664444445185,2
46,0.0,1,1,1,464.29,464.29,1,2,2,0.25,1.9999980000020001,0.004307652535467806,0.0,0,0.0,0.12499998437500197,0.6666664444445185,1
39,0.0,0,0,1,335.06,335.06,1,1,1,0.125,0.9999990000010001,0.0029845400734658267,0.0,0,0.0,0.12499998437500197,0.499999750000125,2
29,0.0,0,1,4,482.89,1931.56,4,4,0,0.0,0.0,0.0,0.0,0,0.0,0.4999999375000079,0.4999999375000079,4
72,0.0,1,0,1,257.78,257.78,1,1,0,0.0,0.0,0.0,0.0,0,0.0,0.12499998437500197,0.499999750000125,2
57,0.0,1,0,1,441.23,441.23,1,1,1,0.125,0.9999990000010001,0.002266391672673228,0.9999990000010001,0,0.0,0.12499998437500197,0.499999750000125,2
25,0.0,0,0,0,0.0,0.0,0,0,1,0.125,1000000.0,1000000.0,0.0,0,0.0,0.0,0.0,0
47,0.0,0,0,5,373.95799999999997,1869.79,5,5,1,0.125,0.199999960000008,0.000534819417937405,0.399999920000016,0,0.0,0.6249999218750099,0.499999950000005,4
48,0.0,0,0,2,304.15999999999997,608.3199999999999,2,4,1,0.125,0.499999750000125,0.0016438716437995272,0.0,0,0.0,0.24999996875000394,0.6666665555555741,2
42,0.0,1,1,0,0.0,0.0,0,1,2,0.25,2000000.0,2000000.0,0.0,0,0.0,0.0,0.9999990000010001,6
24,0.0,0,1,2,1294.6966666666665,3884.0899999999997,3,2,2,0.25,0.6666664444445185,0.0005149211268238067,0.33333322222225925,1,0.199999960000008,0.24999996875000394,0.399999920000016,7
34,0.0,0,0,0,0.0,0.0,0,0,0,0.0,0.0,0.0,0.0,0,0.0,0.0,0.0,0
56,0.0,1,0,2,406.70500000000004,813.4100000000001,2,2,1,0.125,0.499999750000125,0.0012293923098690791,0.99999950000025,0,0.0,0.24999996875000394,0.49999987500003124,2
29,0.0,1,0,0,0.0,0.0,0,0,2,0.25,2000000.0,2000000.0,0.0,0,0.0,0.0,0.0,3
35,0.0,1,0,1,571.54,571.54,1,2,2,0.25,1.9999980000020001,0.0034993176269389414,0.9999990000010001,0,0.0,0.12499998437500197,0.6666664444445185,1
39,0.0,0,0,3,426.5366666666667,1279.6100000000001,3,2,1,0.125,0.33333322222225925,0.0007814881090476878,0.0,0,0.0,0.24999996875000394,0.399999920000016,2
57,0.0,1,1,1,670.38,670.38,1,1,0,0.0,0.0,0.0,0.0,0,0.0,0.12499998437500197,0.499999750000125,2
27,0.0,0,0,0,0.0,0.0,0,1,3,0.375,3000000.0,3000000.0,0.0,0,0.0,0.0,0.9999990000010001,6
30,0.0,0,1,3,458.69,1376.07,3,2,1,0.125,0.33333322222225925,0.0007267072164012679,0.6666664444445185,0,0.0,0.24999996875000394,0.399999920000016,2
22,0.0,0,1,2,269.075,538.15,2,3,1,0.125,0.499999750000125,0.001858217965514786,0.499999750000125,0,0.0,0.24999996875000394,0.599999880000024,2
56,0.0,1,1,4,449.872,2249.36,5,5,2,0.25,0.399999920000016,0.0008891417999390308,0.399999920000016,1,0.09999999000000101,0.6249999218750099,0.499999950000005,7
46,0.0,0,0,3,423.3933333333334,1270.18,3,3,2,0.25,0.6666664444445185,0.001574579979550473,0.6666664444445185,0,0.0,0.3749999531250059,0.49999991666668053,1
50,0.0,0,1,3,623.4466666666667,1870.3400000000001,3,3,0,0.0,0.0,0.0,0.6666664444445185,0,0.0,0.3749999531250059,0.49999991666668053,4
23,0.0,0,1,1,103.38,206.76,2,2,1,0.125,0.499999750000125,0.004836525416731837,0.0,1,0.24999993750001562,0.24999996875000394,0.49999987500003124,7
48,0.0,0,1,5,314.12199999999996,1570.61,5,5,0,0.0,0.0,0.0,0.599999880000024,0,0.0,0.6249999218750099,0.499999950000005,4
25,0.0,0,0,1,3030.84,6061.68,2,1,2,0.25,0.99999950000025,0.00032994153430568064,0.99999950000025,1,0.33333322222225925,0.12499998437500197,0.33333322222225925,7
59,0.0,1,0,3,870.5500000000001,2611.65,3,2,0,0.0,0.0,0.0,0.6666664444445185,0,0.0,0.24999996875000394,0.399999920000016,2
75,0.0,0,0,1,209.88,209.88,1,2,1,0.1111111111111111,0.9999990000010001,0.004764627383435166,0.9999990000010001,0,0.0,0.11111109876543349,0.6666664444445185,2
30,0.0,1,1,2,217.47000000000003,434.94000000000005,2,2,1,0.125,0.499999750000125,0.00229916769600596,0.99999950000025,0,0.0,0.24999996875000394,0.49999987500003124,2
47,0.0,1,1,4,315.97,1263.88,4,4,0,0.0,0.0,0.0,0.7499998125000469,0,0.0,0.4999999375000079,0.4999999375000079,4
31,0.0,1,1,1,1253.44,2506.88,2,1,3,0.375,1.499999250000375,0.0011967066627853321,1.9999990000005,1,0.33333322222225925,0.12499998437500197,0.33333322222225925,7
30,0.0,1,0,2,456.96,913.92,2,1,1,0.1111111111111111,0.499999750000125,0.0010941876738727813,0.99999950000025,0,0.0,0.11111109876543349,0.33333322222225925,2
43,0.0,1,0,1,29.52,29.52,1,1,1,0.125,0.9999990000010001,0.033875337605848994,0.0,0,0.0,0.12499998437500197,0.499999750000125,2
50,0.0,1,1,2,402.66999999999996,805.3399999999999,2,2,3,0.375,1.499999250000375,0.0037251347210803705,0.499999750000125,0,0.0,0.24999996875000394,0.49999987500003124,1
42,0.0,1,0,2,226.09,452.18,2,2,3,0.375,1.499999250000375,0.006634526059015157,0.99999950000025,0,0.0,0.24999996875000394,0.49999987500003124,1
32,0.0,0,0,3,608.1925,2432.77,4,4,3,0.375,0.7499998125000469,0.0012331621973169836,0.7499998125000469,0,0.0,0.4999999375000079,0.4999999375000079,1
50,0.0,0,0,2,200.29,400.58,2,4,1,0.125,0.499999750000125,0.0024963802424075587,0.99999950000025,0,0.0,0.24999996875000394,0.6666665555555741,2
46,0.0,0,0,4,368.854,1844.27,5,5,4,0.5,0.799999840000032,0.0021688798266149317,0.399999920000016,1,0.09999999000000101,0.6249999218750099,0.499999950000005,7
28,0.0,0,0,3,383.4166666666667,1150.25,3,3,0,0.0,0.0,0.0,0.6666664444445185,0,0.0,0.3749999531250059,0.49999991666668053,4
38,0.0,0,0,2,40.97666666666667,122.93,3,3,2,0.25,0.6666664444445185,0.016269421489714296,0.0,0,0.0,0.3749999531250059,0.49999991666668053,1
37,0.0,0,0,1,135.85,135.85,1,0,1,0.125,0.9999990000010001,0.007361059938453736,0.0,0,0.0,0.0,0.0,0
43,0.0,1,0,3,341.1575,1364.63,4,4,2,0.2857142857142857,0.49999987500003124,0.001465598732648704,0.49999987500003124,1,0.12499998437500197,0.57142848979593,0.4999999375000079,7
22,0.0,0,0,1,135.6,135.6,1,2,1,0.125,0.9999990000010001,0.0073746312140513925,0.9999990000010001,0,0.0,0.12499998437500197,0.6666664444445185,2
49,0.0,0,0,3,439.24250000000006,1756.9700000000003,4,4,2,0.25,0.49999987500003124,0.0011383233628699842,0.7499998125000469,1,0.12499998437500197,0.4999999375000079,0.4999999375000079,7
72,0.0,1,0,0,0.0,0.0,0,1,4,0.5,4000000.0,4000000.0,0.0,0,0.0,0.0,0.9999990000010001,6
60,0.0,1,1,0,0.0,0.0,0,1,3,0.375,3000000.0,3000000.0,0.0,0,0.0,0.0,0.9999990000010001,6
54,0.0,1,1,2,442.0833333333333,1326.25,3,3,0,0.0,0.0,0.0,0.33333322222225925,0,0.0,0.3749999531250059,0.49999991666668053,2
42,0.0,0,1,3,319.0966666666667,957.2900000000001,3,3,2,0.25,0.6666664444445185,0.0020892310563264726,0.33333322222225925,0,0.0,0.3749999531250059,0.49999991666668053,1
31,0.0,0,1,2,1142.17,2284.34,2,1,1,0.125,0.499999750000125,0.00043776320493544603,0.99999950000025,0,0.0,0.12499998437500197,0.33333322222225925,2
44,0.0,0,1,1,729.6,729.6,1,1,2,0.2222222222222222,1.9999980000020001,0.002741228066418273,0.0,0,0.0,0.11111109876543349,0.499999750000125,1
51,0.0,0,1,3,458.98333333333335,1376.95,3,3,2,0.25,0.6666664444445185,0.0014524855648698314,0.6666664444445185,0,0.0,0.3749999531250059,0.49999991666668053,1
50,0.0,0,0,3,286.59666666666664,859.79,3,3,1,0.1111111111111111,0.33333322222225925,0.0011630747029355137,0.33333322222225925,0,0.0,0.33333329629630043,0.49999991666668053,4
33,0.0,0,1,3,332.4866666666667,997.46,3,3,1,0.125,0.33333322222225925,0.0010025464670236936,0.9999996666667778,0,0.0,0.24999996875000394,0.49999991666668053,2
52,0.0,1,0,2,807.61,1615.22,2,2,1,0.125,0.499999750000125,0.0006191107089937527,0.499999750000125,0,0.0,0.24999996875000394,0.49999987500003124,2
22,0.0,1,1,0,0.0,0.0,0,0,2,0.25,2000000.0,2000000.0,0.0,0,0.0,0.0,0.0,3
46,0.0,1,0,3,416.56,1249.68,3,3,1,0.125,0.33333322222225925,0.0008002048518018972,0.33333322222225925,0,0.0,0.3749999531250059,0.49999991666668053,4
73,0.0,1,0,0,0.0,0.0,0,0,2,0.2222222222222222,2000000.0,2000000.0,0.0,0,0.0,0.0,0.0,3
46,0.0,1,1,2,259.3066666666667,777.92,3,3,1,0.125,0.33333322222225925,0.0012854792250032404,0.9999996666667778,0,0.0,0.3749999531250059,0.49999991666668053,2
24,0.0,0,0,0,0.0,0.0,0,2,0,0.0,0.0,0.0,0.0,0,0.0,0.0,0.99999950000025,2
47,0.0,1,1,1,984.54,1969.08,2,1,1,0.125,0.499999750000125,0.0005078513821135498,0.99999950000025,1,0.33333322222225925,0.12499998437500197,0.33333322222225925,7
38,0.0,0,0,3,193.09333333333333,579.28,3,2,1,0.125,0.33333322222225925,0.001726280897448072,0.6666664444445185,0,0.0,0.24999996875000394,0.399999920000016,2
19,0.0,0,0,0,0.0,0.0,0,0,0,0.0,0.0,0.0,0.0,0,0.0,0.0,0.0,0
43,0.0,0,1,3,388.0575,1552.23,4,4,0,0.0,0.0,0.0,0.7499998125000469,0,0.0,0.44444439506173394,0.4999999375000079,4
59,0.0,1,0,2,506.96500000000003,1013.9300000000001,2,2,0,0.0,0.0,0.0,0.99999950000025,0,0.0,0.24999996875000394,0.49999987500003124,2
41,0.0,1,0,1,173.54,173.54,1,1,2,0.25,1.9999980000020001,0.011524720459117666,0.0,0,0.0,0.12499998437500197,0.499999750000125,1
44,0.0,1,1,2,215.78,431.56,2,2,2,0.2222222222222222,0.99999950000025,0.0046343497899843595,0.99999950000025,0,0.0,0.22222219753086697,0.49999987500003124,1
47,0.0,0,0,2,386.52,773.04,2,2,0,0.0,0.0,0.0,0.99999950000025,0,0.0,0.24999996875000394,0.49999987500003124,2
40,0.0,0,0,6,321.2583333333334,1927.5500000000002,6,6,1,0.1111111111111111,0.16666663888889352,0.0005187932865457221,0.33333327777778704,0,0.0,0.6666665925926009,0.4999999583333368,4
43,0.0,0,0,2,350.0366666666667,1050.1100000000001,3,3,0,0.0,0.0,0.0,0.33333322222225925,0,0.0,0.3749999531250059,0.49999991666668053,2
37,0.0,1,0,1,517.85,517.85,1,2,1,0.1111111111111111,0.9999990000010001,0.0019310611143553904,0.0,0,0.0,0.11111109876543349,0.6666664444445185,2
69,0.0,1,0,1,348.9,697.8,2,3,2,0.25,0.99999950000025,0.0028661507554225414,0.99999950000025,1,0.199999960000008,0.24999996875000394,0.599999880000024,7
33,0.0,1,0,1,640.53,640.53,1,1,1,0.1111111111111111,0.9999990000010001,0.0015612071229119525,0.9999990000010001,0,0.0,0.11111109876543349,0.499999750000125,2
67,0.0,1,0,2,124.94,249.88,2,2,2,0.25,0.99999950000025,0.00800384181205442,0.499999750000125,0,0.0,0.24999996875000394,0.49999987500003124,1
42,0.0,1,0,1,206.63,206.63,1,1,2,0.25,1.9999980000020001,0.009679136574170563,0.0,0,0.0,0.12499998437500197,0.499999750000125,1
39,0.0,0,1,4,470.03000000000003,1880.1200000000001,4,4,0,0.0,0.0,0.0,0.7499998125000469,0,0.0,0.4999999375000079,0.4999999375000079,4
51,0.0,1,1,1,64.27,64.27,1,2,3,0.375,2.9999970000030003,0.046678076136952296,0.0,0,0.0,0.12499998437500197,0.6666664444445185,1
22,0.0,0,1,1,82.04,82.04,1,1,2,0.25,1.9999980000020001,0.024378351726251198,1.9999980000020001,0,0.0,0.12499998437500197,0.499999750000125,1
45,0.0,0,0,1,915.93,1831.86,2,2,1,0.125,0.499999750000125,0.0005458932448189855,0.0,1,0.24999993750001562,0.12499998437500197,0.49999987500003124,7
34,0.0,1,1,1,223.4,223.4,1,2,1,0.125,0.9999990000010001,0.0044762757185484526,0.9999990000010001,0,0.0,0.12499998437500197,0.6666664444445185,2
45,0.0,0,1,1,128.16,128.16,1,1,1,0.125,0.9999990000010001,0.007802746505908657,0.9999990000010001,0,0.0,0.12499998437500197,0.499999750000125,2
40,0.0,1,0,4,796.238,3981.19,5,2,0,0.0,0.0,0.0,0.599999880000024,0,0.0,0.24999996875000394,0.285714244897965,4
47,0.0,1,0,0,0.0,0.0,0,0,3,0.375,3000000.0,3000000.0,0.0,0,0.0,0.0,0.0,3
52,0.0,0,0,2,545.5675,2182.27,4,3,2,0.25,0.49999987500003124,0.0009164768791595555,0.24999993750001562,0,0.0,0.3749999531250059,0.4285713673469475,4
47,0.0,1,0,4,589.08,3534.48,6,6,3,0.375,0.49999991666668053,0.0008487811500280717,0.33333327777778704,2,0.16666665277777895,0.7499999062500118,0.4999999583333368,7
40,1.0,0,1,1,75.59,151.18,2,2,3,0.375,1.499999250000375,0.019843894563805434,0.0,1,0.24999993750001562,0.12499998437500197,0.49999987500003124,7
54,0.0,0,0,0,0.0,0.0,0,2,1,0.125,1000000.0,1000000.0,0.0,0,0.0,0.0,0.99999950000025,6
43,0.0,0,1,3,236.04333333333332,708.13,3,5,2,0.25,0.6666664444445185,0.002824340159540847,0.0,0,0.0,0.3749999531250059,0.6249999218750099,4
69,0.0,1,0,1,172.51,345.02,2,2,3,0.375,1.499999250000375,0.00869514808215423,1.9999990000005,1,0.24999993750001562,0.24999996875000394,0.49999987500003124,7
59,0.0,1,0,2,1377.1,2754.2,2,2,1,0.125,0.499999750000125,0.00036308183851460255,0.499999750000125,0,0.0,0.24999996875000394,0.49999987500003124,2
47,0.0,0,0,3,452.66,1357.98,3,2,3,0.375,0.9999996666667778,0.002209163609030204,0.0,0,0.0,0.24999996875000394,0.399999920000016,1
28,0.0,0,0,3,503.81,2015.24,4,4,2,0.25,0.49999987500003124,0.0009924376248027838,0.9999997500000625,1,0.12499998437500197,0.4999999375000079,0.4999999375000079,7
45,0.0,1,1,1,344.35,344.35,1,0,2,0.25,1.9999980000020001,0.005808044124268784,0.9999990000010001,0,0.0,0.0,0.0,0
24,0.0,0,0,0,0.0,0.0,0,0,2,0.25,2000000.0,2000000.0,0.0,0,0.0,0.0,0.0,3
41,0.0,0,0,3,489.30333333333334,1467.91,3,2,0,0.0,0.0,0.0,0.33333322222225925,0,0.0,0.24999996875000394,0.399999920000016,2
53,0.0,0,0,0,0.0,0.0,0,1,0,0.0,0.0,0.0,0.0,0,0.0,0.0,0.9999990000010001,2
22,0.0,0,1,0,0.0,0.0,0,0,1,0.125,1000000.0,1000000.0,0.0,0,0.0,0.0,0.0,0
40,0.0,1,1,1,159.63,159.63,1,1,1,0.125,0.9999990000010001,0.006264486586077263,0.0,0,0.0,0.12499998437500197,0.499999750000125,2
49,0.0,1,1,1,432.76,432.76,1,1,0,0.0,0.0,0.0,0.9999990000010001,0,0.0,0.12499998437500197,0.499999750000125,2
54,0.0,1,1,1,789.48,789.48,1,2,2,0.25,1.9999980000020001,0.002533313063619961,0.9999990000010001,0,0.0,0.12499998437500197,0.6666664444445185,1
35,0.0,0,1,0,0.0,0.0,0,0,1,0.125,1000000.0,1000000.0,0.0,0,0.0,0.0,0.0,0
56,1.0,0,0,1,494.97,494.97,1,1,1,0.125,0.9999990000010001,0.002020324460027225,0.9999990000010001,0,0.0,0.12499998437500197,0.499999750000125,2
26,0.0,0,0,0,0.0,0.0,0,0,1,0.125,1000000.0,1000000.0,0.0,0,0.0,0.0,0.0,0
27,0.0,0,0,0,0.0,0.0,0,0,2,0.25,2000000.0,2000000.0,0.0,0,0.0,0.0,0.0,3
52,0.0,0,0,4,358.10249999999996,1432.4099999999999,4,4,2,0.25,0.49999987500003124,0.0013962482798945495,0.7499998125000469,0,0.0,0.4999999375000079,0.4999999375000079,4
49,0.0,1,1,1,499.79,499.79,1,3,1,0.125,0.9999990000010001,0.0020008403489448763,0.0,0,0.0,0.12499998437500197,0.7499998125000469,2
69,0.0,1,0,0,0.0,0.0,1,3,3,0.375,2.9999970000030003,3000000.0,0.0,1,0.24999993750001562,0.12499998437500197,0.7499998125000469,7
37,0.0,0,1,3,293.79,881.3700000000001,3,3,2,0.25,0.6666664444445185,0.00226919454682007,0.33333322222225925,0,0.0,0.3749999531250059,0.49999991666668053,1
43,0.0,0,1,1,359.14,359.14,1,2,0,0.0,0.0,0.0,0.0,0,0.0,0.12499998437500197,0.6666664444445185,2
47,0.0,0,0,3,314.55,943.6500000000001,3,3,1,0.125,0.33333322222225925,0.0010597149355590367,0.33333322222225925,0,0.0,0.24999996875000394,0.49999991666668053,4
39,0.0,0,0,2,329.78999999999996,659.5799999999999,2,2,3,0.375,1.499999250000375,0.004548348942435567,0.99999950000025,0,0.0,0.24999996875000394,0.49999987500003124,1
42,0.0,1,0,2,412.63,825.26,2,3,2,0.25,0.99999950000025,0.002423478658333763,0.499999750000125,0,0.0,0.24999996875000394,0.599999880000024,1
56,0.0,0,0,0,0.0,0.0,1,3,3,0.375,2.9999970000030003,3000000.0,0.0,1,0.24999993750001562,0.12499998437500197,0.7499998125000469,7
46,0.0,1,0,0,0.0,0.0,0,1,2,0.25,2000000.0,2000000.0,0.0,0,0.0,0.0,0.9999990000010001,6
67,0.0,1,0,1,502.59,502.59,1,1,1,0.125,0.9999990000010001,0.001989693384289991,0.0,0,0.0,0.0,0.499999750000125,2
38,0.0,1,1,2,570.0600000000001,1140.1200000000001,2,3,2,0.25,0.99999950000025,0.00175420131060397,0.499999750000125,0,0.0,0.12499998437500197,0.599999880000024,1
62,0.0,0,1,1,904.65,904.65,1,1,0,0.0,0.0,0.0,2.9999970000030003,0,0.0,0.1428571224489825,0.499999750000125,2
26,0.0,0,0,1,573.52,1147.04,2,1,2,0.25,0.99999950000025,0.001743618355293958,0.0,1,0.33333322222225925,0.12499998437500197,0.33333322222225925,7
46,0.0,1,0,2,316.845,633.69,2,1,1,0.125,0.499999750000125,0.001578058669731164,1.499999250000375,0,0.0,0.12499998437500197,0.33333322222225925,2
50,0.0,0,0,1,108.73,108.73,1,1,1,0.125,0.9999990000010001,0.009197093633798458,0.0,0,0.0,0.12499998437500197,0.499999750000125,2
46,0.0,1,1,2,136.65,273.3,2,2,2,0.25,0.99999950000025,0.0073179655787853435,0.499999750000125,0,0.0,0.24999996875000394,0.49999987500003124,1
51,0.0,1,1,2,573.555,1147.11,2,1,2,0.25,0.99999950000025,0.001743511954613322,0.0,0,0.0,0.12499998437500197,0.33333322222225925,1
48,0.0,0,0,3,284.9433333333333,854.8299999999999,3,4,1,0.125,0.33333322222225925,0.0011698232383399937,0.9999996666667778,0,0.0,0.3749999531250059,0.57142848979593,4
46,0.0,1,1,2,176.675,353.35,2,2,1,0.125,0.499999750000125,0.002830055178066916,0.0,0,0.0,0.24999996875000394,0.49999987500003124,2
47,0.0,0,0,4,259.7925,1039.17,4,1,1,0.125,0.24999993750001562,0.0009623064551879802,0.49999987500003124,0,0.0,0.12499998437500197,0.199999960000008,2
52,0.0,1,0,3,1305.4099999999999,5221.639999999999,4,3,2,0.25,0.49999987500003124,0.00038302142614523,1.249999687500078,1,0.1428571224489825,0.3749999531250059,0.4285713673469475,7
55,0.0,1,1,1,136.65333333333334,409.96000000000004,3,3,3,0.375,0.9999996666667778,0.0073177870833305994,0.33333322222225925,0,0.0,0.3749999531250059,0.49999991666668053,1
46,0.0,1,1,1,579.79,579.79,1,1,2,0.25,1.9999980000020001,0.0034495248220053386,0.0,0,0.0,0.12499998437500197,0.499999750000125,1
25,1.0,0,1,0,0.0,0.0,0,0,1,0.125,1000000.0,1000000.0,0.0,0,0.0,0.0,0.0,0
