,silhouette_scores,inertias
2,0.7396417807065004,426708.61305325053
3,0.5272890998710846,372254.4991882441
4,0.5383615881553355,299963.5224924523
5,0.5857516426673794,251181.91656556475
6,0.6143081778781727,201825.8771933351
7,0.6086590175419043,171390.68052404086
8,0.6114491880206044,151945.41460975676
9,0.615659355731214,141142.8853487919
10,0.6173611517458321,111129.89248173598
