,silhouette_scores,inertias
2,0.21801023261823382,56470.65381451926
3,0.21941337459350124,44934.54998420131
4,0.22814960086689934,40417.898411236776
5,0.20983397452856944,35400.30230433421
6,0.21389256029059156,31529.738890807377
7,0.2055736043136529,30982.885125430155
8,0.2052114534276542,27504.15565987354
9,0.20682141463162965,26063.62970505611
10,0.19785289007310128,24710.191226271694
