method,silhouette,davies_bouldin,n_clusters
kmeans,0.14078713016671607,1.991834281364679,4
gmm,0.16280022939952044,2.913049916033713,4
agg,0.11819298239998216,2.209398906927357,4
dbscan,,,1
