user_id,pc1,pc2
23557,-3.1445362856810197,-0.8730971801150734
94883,-0.5608344713249385,-2.2048118854837244
101486,-0.23254490675957878,-1.4040531335165474
101961,2.6791299316296016,-1.2840825228613397
106907,7.269371942800293,5.948923183598913
118043,2.7994707426701764,-0.19226851318696964
120851,0.8025167555626229,-0.690701536942545
125845,0.4447798637332871,-1.5663607649598088
133058,-4.90044099806597,1.2571163813298851
149058,4.198574341994892,-1.6142670162851642
152583,-1.058080810109415,0.30056200626330576
153982,0.7719637422225812,-1.748580695690373
160754,-0.7855478238539608,-2.011846447345128
164522,1.8964252614971702,0.0731027374796933
167852,-5.828655852748012,2.191598641020954
171470,1.6644046022963863,10.44611542570382
174997,1.4884607739594065,3.212284821912569
175032,-0.26450349591962924,0.2009162601888964
181157,2.6932137453225833,-0.2659181220376249
182191,-2.6146606804438415,3.841194284863545
187212,0.9751256927630726,-1.6502314547078363
189676,-0.06301937904284644,-0.03537037771551104
190866,1.684651809582635,-0.8703866668190459
195192,-0.9874371873924377,0.7655020550792097
204943,10.003544508160463,5.03426058226588
204997,6.079611295224914,6.2032365956107425
205044,3.040951487039642,-1.1162108392167984
206011,1.3009369609493022,-1.1685308584576584
216796,3.388637507799273,6.859142746193558
217114,-5.706130947598266,1.8572736561351861
217136,-0.8239349102755813,-1.0248180836739604
220725,3.3579638172420108,2.126930336756385
224996,-1.8353917093412382,-1.3267489561839005
226367,0.9155485168725168,-1.4361453234308845
228195,-5.747916152429762,1.593860746188264
228872,-0.9743719221430541,0.1327292162753804
229009,1.1708434258003662,4.404278601903622
229108,-0.8358056977064581,6.839199915088056
229330,1.9800745706865772,-1.7738934031886935
232647,-3.5669441827343915,0.7586342406300892
249521,-1.1998817122321925,-0.42365534626670676
252835,1.4851027051858186,-0.8847458931428431
258451,-1.891284621099323,2.62345779102945
264470,0.9993256475024483,-0.9430543727589858
276512,-0.9034216273278084,-0.8876689504064776
281952,-0.6671036363215368,-0.3018565268094581
283325,0.31553729983492196,-0.7354882774858961
290123,3.7482871025735367,-2.277247012208634
297546,2.3884589810576067,-1.6967978548678582
298253,-3.620585361797396,0.14001935561360393
299476,-0.7614510391198587,-0.3637816540703861
306165,-6.087610054839717,1.6496436135733437
306819,1.4889673380215203,2.4595356906577295
312488,-2.0383812690848395,-0.4794833164537402
313724,3.9826472895656972,1.7587901705950952
316527,3.1605961120496686,-1.2561384016115855
317688,1.565272393633173,-1.1624291851553339
322867,0.25074618236488133,-0.06212321514428562
324191,0.4213190968170115,-0.5983066279050911
328590,4.080897165264223,3.4543486684004296
330764,0.585435237661843,3.019176923525559
330893,0.7534252644415674,-2.132412497289153
331039,5.778985495433119,5.710752070189419
334787,0.5572180956421666,-1.554705865926174
337227,-5.452898642600845,0.8931366344501712
338086,-0.2669912774598506,-1.0442591349030517
340166,-2.8270369225140457,-1.1910705160726114
343928,-0.16072196519773246,2.8737401054291047
347778,2.9439498300408986,-0.9841702033917973
348817,0.8185575004741055,-0.36318452021515346
348863,-5.5853522881917215,0.10979373315276536
349132,0.6744957117155006,-1.3802043573716467
350648,0.8627811421121038,4.866124210135169
353271,-2.4678490135162483,0.15748869852399178
353694,0.5724741506502953,-0.7717786521524053
354050,2.388085185725418,-1.5103830066761939
354260,-0.7022200112803968,-0.8560772837565274
354311,-0.791281639807377,-1.6000143264379996
354950,-0.15362829224158628,-1.4597785271083739
356046,-0.5722133908891948,-0.1366520075583572
357737,5.215943677654176,2.4489131764250684
359072,3.037971473427298,1.9812521176379283
359080,1.2373245115057594,0.2736259799741751
359653,0.04452070573237585,-0.886244285370099
361459,-1.0883113584269954,-1.7288840890230817
361759,0.555652873394111,-1.2307979663542914
363535,2.4752651186288084,3.792639878730183
365825,2.9567878686103692,2.991516199428671
371201,-4.19326347533515,1.3277065382695936
372970,-1.4587928981555427,0.5946854230032494
373489,0.9321497996021028,3.244988128479411
374331,0.27602300921966855,3.955785606125987
374340,-3.807849339923908,2.667049891450234
374341,-2.6665849691190906,-0.002102709036316138
375160,-5.7484975001440946,1.6418430063752654
375729,1.1974158321429358,-0.3604186389956792
375751,0.4511406882878557,-1.4571760441630346
376159,-1.1326406857500386,-1.6667365410350965
377069,-1.2308555065286628,4.3890717391687835
377411,-0.16950097679813889,0.3366950124555538
378565,1.2777729514728011,-1.4604000822472416
379543,0.9464941983546306,-1.7151438919168973
380434,0.9362291548089658,-1.630513970120704
380436,-0.42895254241226066,-0.7657977089782206
380757,1.3513763939761396,-1.2586301346460942
380874,0.5768415047232723,-1.5045649033204402
380949,4.514465605920099,2.58954909233253
381259,-2.0573236254842415,0.03037327901769643
381465,1.4159981885228348,2.1727015119114155
382181,-0.4009172250632506,-0.37349333912105476
382384,-2.033773398598826,-1.943184487059474
382533,-5.916600979655277,2.1082675201998997
385689,1.2823607032913469,-1.700733685850348
386255,-3.4399854258323197,0.3793169816589903
386469,-6.114594515810202,2.1396226188027088
386914,2.7110261813181626,4.363668041352739
387282,-3.367404762738445,0.7062144893110893
387783,-0.8303484669852657,-1.8775730333149265
388328,1.5313387825393632,-1.7108479464944302
388767,0.6884989741216659,-1.2297342285825186
388947,-0.011726257214810791,-0.5204192544868707
389434,4.642958677642864,3.1447413092184533
389662,-0.05000933137287527,-0.5579107880901321
389759,1.1074632988466322,0.49625977256900655
390811,0.8360239556919628,-1.313454752651307
392453,0.4555487988126823,-0.36275063321820045
395202,-3.597606539693953,0.2502064962395063
395981,0.7166437113935877,-1.8360703869547186
396552,0.905743963234032,-2.2682757103543234
399137,0.5501329087953946,-1.0802949085386422
399218,-0.6961752218838095,-1.607078773820957
399799,1.2050675147963361,-2.3058656932842037
400275,-0.06529757069277231,-1.0567415741578075
400582,0.5161863426403278,-0.5479126473947027
400899,1.758743184226866,-1.1068366719085139
401245,-0.2412450161290915,0.7315275121378382
402332,-0.7622571895928164,0.40427648476873557
402978,1.697088997130411,-1.9625043923287817
403881,1.6512078741808351,-0.8772620718434305
404879,2.506340159495919,-1.3109131404909087
405305,1.0346584757558646,-1.5258757401175385
406210,0.7650582011955794,3.619228521006439
407118,5.726698125072403,3.239590519200399
407250,0.5882421313019678,-0.06130677350004868
407275,1.6201851832973893,-1.0830896593781063
407434,-2.9295295180312197,-1.3000395051803881
407642,-0.6755375863536216,-0.13014546085935472
408551,0.21407641369557373,-1.173661974062762
409073,0.6377916627857839,-1.8178461595724789
411179,3.0830959731465195,3.0962323137933074
411701,-0.8578784985031986,-0.5654086259208834
413128,1.994379657279489,0.17048367175895066
413340,0.4610394274880542,-1.6485154859197535
413418,-1.5214338407038421,-0.6189853882361607
413658,1.9013654821151174,2.4619631849653887
414128,0.5681409770510863,-0.12444526878937552
415282,1.244157869843468,-0.847949362321348
415381,-0.002482162993739046,-1.839966766333345
415581,1.4309136957098743,-1.4168163780949312
416319,-0.4467594828838199,-0.4846320746919556
416580,3.0820613970224877,1.8310874825222834
417679,1.8131931665230805,0.7276817733678015
418329,2.8087999927381357,0.1397332430873769
418488,1.8672795936341209,0.8656533364560443
418692,4.570958461690656,3.756136386606104
420648,0.30681594241758015,-1.3118088925364335
420669,5.133271145953867,4.359994344938071
421247,2.1054206723360833,-1.5193559842011197
421515,-0.5614474891843281,0.19576349517199132
421666,1.6606366642693937,3.3868873932849386
421700,2.1333957675309483,-0.4912299974518966
421870,0.8183534358836002,1.4300999379766814
422066,2.7749958729498685,-1.707795071536615
422668,-6.04362233246573,2.7915506725116686
423042,3.6550271746404057,0.6783697669265851
423413,-3.7778977888895375,2.0678718387374744
424553,0.2364440488147827,0.20629414214874509
425632,-0.8037768219192086,-1.7165771827573097
425653,-6.090061346343211,1.9503739126801727
425953,1.1139629434901452,-0.43540894089511933
425966,-0.31240047359491496,-2.312533074305699
426478,-0.7851354317024222,5.02352282697111
427426,-0.6344968952806167,0.2029933321231875
427506,3.3802171519106965,1.964750933212
428056,0.8492428366193453,0.30979520596325344
428552,-0.9168487613151008,-0.52594614390219
428858,3.6618706314794958,6.396597221801245
429345,-3.2488904351680703,-0.3724892175452611
429375,2.2706386930126206,4.274028149781403
430722,3.4112821321203626,4.269047042903107
431144,-0.8622297869971038,-0.8640878882426682
431337,0.3872126543760768,-0.532740839153778
431602,2.242464709124285,4.162911324974944
431746,-1.127623897612587,-1.25305046594998
431899,1.6887126436766127,1.5483783468169436
431912,-4.2363174130423875,0.7771150880692256
432333,-0.09895898082966456,-1.321592368182529
432637,0.4509102899297444,-0.22715164908821772
432941,1.0338801402236584,-1.4355857399540677
433080,1.7382776099230235,-1.5116221128731029
433339,-1.0339094521842076,0.01549160944011157
433905,-3.4578602783865695,0.33966962873611606
434238,-0.8233236333510108,-1.939967216808005
434623,4.081724439611062,4.314620628669887
435231,-1.369169154793515,-0.08129327015164099
435596,0.37272187759239006,0.2112866886390842
435669,-1.076577695357718,-0.7081542224150361
435837,-2.9721449258699977,-0.89098193725839
435882,3.167810554166055,2.2261825021105417
436320,0.21020835884385466,-1.5429402433125365
436894,0.19527054451218878,-0.8827656808111738
437069,2.7175083496363466,-1.0243189603330527
437162,1.54667220638697,4.4733635782149905
437251,0.3266420076513502,-1.7998957355206409
437539,2.0470278463794536,-1.5714784820828762
437549,0.8011920792375884,-0.7554858180924103
438189,2.2440557797517298,-1.145652108110375
438406,0.6646747828340297,-1.5085306672578573
438551,7.580176322377094,7.350920935302115
438596,-1.1543922808227396,0.24178194179892884
438839,2.3333332846479964,-0.18223888683650144
438937,-0.4199156741430174,0.0496698744100628
438985,6.771092739896656,7.0671580934808444
438995,-5.496187722662314,1.8868882615478961
439052,2.1748009797533623,-1.0215920039670927
439120,-1.7358745167296183,-0.9801741644158136
439363,0.30597026683159645,-1.44635694366395
440212,-0.6722392464637373,-0.9385739482612904
440655,0.41301312442336674,-0.2454154739030031
441200,-0.8710582318448726,-0.6592295668700723
441205,-2.9512268820155203,-0.007336313608648975
441448,-0.8783630824793945,-0.11959623599343493
441457,-0.43933314185745537,-0.35344955320924354
441982,1.7852532099140974,-1.015909266900484
442484,-1.376762280811898,0.1258339075785828
442718,1.3045209654340972,-1.4631070582141958
442812,-2.866407794395559,-1.4705068969354975
442819,-1.6412916530185218,-0.5694781715040548
442833,1.25465619333689,-1.6957701404026355
443305,-1.7259778676296516,0.409398615357151
443453,0.6186736067811273,0.7676983351039431
443598,0.6274526896233841,-0.2621671187895828
443652,1.096510585361772,-0.3380128239639967
444387,0.43597232216917264,0.9785037188831924
444885,-0.9903027406277822,0.17166304987617656
445351,1.412652004046381,-2.3289029759518693
445515,-0.08975504001830181,-1.278326379725702
446124,2.06756092949667,-1.8150113038451847
446138,2.531693132008625,3.501939359288298
446473,0.022455723244407425,-0.21660752968294977
446933,1.2910089690284865,-0.5785527563518267
447053,-0.358702737100629,-0.19059144210933807
447591,-1.8687504743442542,0.567752115007241
447737,-0.23467420575717748,-1.181680432387223
447951,0.08257488599185445,-0.904033552312884
448025,-1.2805502501485495,-0.3916228391328127
448154,0.5082139095277163,-0.22909401391948309
448295,-0.32389380276406826,-1.6968920352998431
448467,-2.8366599884649406,0.7998816336748943
448564,1.5660490561909468,-1.5797793239346878
449033,2.4063393250299088,-1.006247643099686
449326,0.5001197812041642,0.15003830374196148
449619,1.1570481179372805,0.5227632639466652
449804,0.7097372750518591,-1.5987159164135865
449980,8.83741432299337,8.841463925666146
450164,1.5510896422690894,-0.53837989609019
450193,2.5555660593822553,1.501488480269477
450305,0.5654296868345773,-0.5229817189679198
450615,1.060627457073431,-1.228481281608576
451291,0.4574224638954719,0.7269940875127135
451674,-5.519559632630159,2.1324213783217303
452034,4.780302280192204,6.264847567428461
452532,2.4033893917746987,4.53715114506853
452594,1.8887258238059796,-1.409908177398023
452612,2.7386866439923536,2.5447562196693214
453143,1.6450861608657918,-1.194412758761049
453168,0.769945082811854,-1.9005901255964117
454264,-3.4336339745054607,0.6250822130997168
454430,0.3238405317114829,-0.04983829872777672
454616,-0.46854596718541947,-0.5922830941483609
454661,0.503513348048062,-1.5325042772063653
454920,2.5762802171827714,0.11166763079660325
454934,2.3319359388782908,0.7759162603070558
454955,-0.7460705833030596,-1.6819491904922825
456226,2.1773052603551433,-0.724141140829855
456318,-1.303484484569741,0.26229230318134866
456663,-0.48313786930217356,-0.8137259863305851
456671,-1.437173125258354,0.23236499601996588
457468,0.8545136306896949,-0.42648775488588436
457599,1.5844723925311461,-0.9373956622065599
457967,-6.097456417803502,2.0366547689287544
458479,5.371072723909316,7.066649163710372
458688,1.330290527804169,0.946737394852451
458725,-5.804003866966343,2.613986495955287
458762,-1.3988291650180926,-1.4675769333587636
458814,0.31459590015440464,0.7666648611262125
458855,-0.5081569348359537,-0.6007875075269205
458919,-0.8682243214113001,-0.5296022231746148
459229,2.929513173287998,-0.4029264243427695
459486,-0.9940784414219431,0.10556599308077613
459645,-0.8357232036173043,0.055977749226881555
460072,-1.2235984225249987,-0.09177441219455557
460181,-1.6089036956123381,-1.4749058348276158
460553,0.4969997362696765,-1.5832824879468235
460625,3.4572418632507764,0.17745407189114423
461559,0.8211860938569575,0.34208663061572947
461744,-1.1532207979311901,0.19532145878018656
461791,0.8327009729887546,-1.4386052931665256
462127,-1.4509807695833032,0.10325267307503866
462456,1.108105749789658,-1.7878627469616988
462894,-3.68243808664884,-0.28842738008453733
463652,-2.2886649130899377,0.6131242721762504
463698,0.9108698854033125,-0.5051985078787742
463783,-0.5145102107593282,-1.7307424336655983
463867,-0.8440986869410756,0.08537000071043838
463910,2.635205482001826,-1.3264895261910723
464080,-0.834738550297542,-0.5374436331962877
464160,-0.5719247400839449,-2.0287284147514546
464239,0.828284582402383,-0.6007479264020805
464542,-1.2131150906817894,0.9543249222871659
464597,-3.644576878894525,-1.163364079988295
464614,3.0989031911203635,3.4259188170177457
464673,1.415193682424099,-1.5802798799008038
464782,-1.7816096714448566,-1.7758904377548965
464855,5.846510290074996,6.923472635759733
465138,1.1034299975532549,-0.12304634985854174
465343,1.4710782648494585,-0.6107804643140278
465531,-0.2885054549634498,-0.0849515759976881
465568,-2.6959718923789597,-0.3261551422816378
465731,3.678115995347076,3.0641473432033806
466205,0.3822486936275803,-1.8298603583493613
466342,-3.682699006889849,0.47716378125614284
466723,2.795493803484626,0.9612965955811915
467007,0.778638445605032,-0.7000154340400648
467092,2.65002127361711,6.0446378983533195
467339,0.1833781986433166,-1.7548054691448454
467809,0.5880190644502903,-1.822005542419461
467892,4.025778481843484,2.021540108968795
468106,0.5137622801746657,-1.072618682808004
468370,0.14995131385395183,-0.11479489108724913
468409,4.503691363931694,2.6157407486140407
468666,0.6963703147912628,-0.37026523635683345
468801,0.3410611490986956,-1.0416480509821382
468808,0.5920843828012171,-1.1397342884064496
468832,3.149454073058068,3.069277662862192
469237,-3.8591235973460996,1.3228861974304686
469418,-5.419608127077603,1.229050005985264
469440,2.5818576361944476,0.9113435928910394
469464,-0.13312212111037974,-0.57973283086563
469699,-0.5820616658085167,-1.710840364724128
469767,1.7803834242286976,-1.5461369911270704
469824,0.4385312168242718,-0.5266546130896012
471077,2.1266569174390724,-1.9423483059611781
471161,-0.18013917324135773,-0.7411066267520106
471186,-0.3446794156171905,-1.837838625886686
471500,-0.715232503926726,-0.2856078191631457
471565,-1.436528823022501,-0.38655563790748954
471649,-2.801488073641043,-0.5209587197945018
471687,1.8793871212460607,-1.5171450820733985
471717,0.6871846789557224,-1.5669942148509126
471935,-0.012479150938051775,-1.6953110981610726
471946,-2.877821698422563,-1.5150278701338848
471973,-5.278886603703043,1.9491780040231603
472394,0.33470098302161616,-0.179157356208911
472446,-0.9736565112538152,3.037070127427993
472614,-0.01576081265532148,-0.8380934654181903
472713,2.8036289134628016,0.7477848575409913
472785,0.21694713040005964,-1.519496203175881
472966,-0.8402536889052554,-0.9826572883643901
473332,0.39427177643812433,-0.6698509629707894
473343,0.8142364340113898,-1.6822083882342067
473402,5.271264323641475,4.8709635430624125
473467,1.2663877896119051,0.3867503265854308
473568,-0.7337399276024446,-0.5205833274801299
473712,1.8289736261726346,-1.5892264135568834
473847,-0.6633757477111396,1.0213973977986113
474007,-3.220568825425988,0.09101014575256834
474120,5.89869895892295,3.7984424913511434
474239,-1.7000431670554057,4.26644266772867
474261,-0.8491678680484556,0.5271122696047441
474278,-5.2311426953961915,2.6630319713005655
474384,1.0781904223961805,-1.339476863431393
474464,0.494222056402219,-1.2548071718464027
474546,2.434226918331622,-0.9533127045161041
474951,1.3638149196395843,-0.46784577722365484
474980,0.1828917612736319,-1.424195180970514
475060,-0.6551859400117478,-0.01957099820462275
475130,2.911685629180862,-1.983494834283603
475467,0.496790710865013,0.3332916896619789
475531,0.17363422453274194,-0.9216708913991112
476081,0.7615835754547253,-2.253548068416177
476104,3.194548451483585,-3.0257197518260406
476124,0.22389982331713043,-0.3618014322014418
476173,-3.5206783935676644,0.28071994487058166
476270,-0.18589843579498155,-1.758847039440734
476393,-0.008238802455374217,-1.0915438055217244
476436,2.004906181950841,-2.0290549296207665
476535,0.8284753869458884,-2.2755181736853767
476665,4.244905470590724,-1.5926709687706093
476693,0.8328750052886795,-0.3069112496204929
476714,1.4107504921232619,-0.4373507858599481
476742,-2.3603889406425225,-0.9447467402971441
476916,-5.605599452859488,1.6811983509327455
476956,-0.7313979734950364,-0.39388763377915104
477285,-0.11286191062753632,-1.4847823670153568
477316,0.9198485636188501,-1.3378795003428998
477597,0.08189890756141452,-1.1223124070643082
477730,3.8494159121818057,-0.9294788494020801
477805,-3.274062192106942,0.7831105301751975
478003,0.0033657748811575785,-1.9678740274359514
478146,1.6926392766773215,4.999538805267372
478188,-0.667430788777503,-0.6643431549682092
478228,-1.4838124858971593,-0.6511628392599017
478291,-0.22695458014827496,-1.9516347541351011
478533,-0.6645212104950493,-1.563383748543919
478585,1.4868921965261384,-2.079791660851597
478760,0.1754154774620186,8.246804506038847
478801,0.5133333115017555,-1.7701632514909942
478834,-5.03447304745583,1.1408722869698154
479071,0.7974539481422676,-0.7978135292793215
479078,-1.108975510846438,1.5789332618342646
479101,-1.1137580265916638,0.2543043369718603
479254,0.8075197948444481,-1.3981734305143043
479524,2.7018568605894275,6.3447788590749035
479785,-5.062053880550653,1.5358795235430494
480186,-6.24048024018617,2.680320424598201
480313,3.2066238742897153,3.27318816625162
480331,0.8694964827277195,-1.1021533574388074
480690,2.0660318333282204,-0.8583517444295848
480796,0.009525791909980793,-2.1163982396212044
480877,1.3161085805379595,-1.1641837915080409
480895,4.100456165026258,3.3666877283598753
480975,-5.293389924840802,1.3488879305605403
481050,-0.9946548711500817,-1.7980994975678173
481245,0.6198566103156747,-0.3267859303559189
481292,0.0683879679418488,-0.36785270979707213
481358,-4.583487099861293,3.685792399156054
481554,2.80779254648932,-1.8186550023814225
481622,2.2830136114239203,-1.0136019747834284
481772,-2.3546206058233383,0.8504675838162515
481781,-5.590650907536191,0.15893230267472166
482264,1.7770703517439945,-1.5289163968783634
482335,-2.9962281460452926,-0.8080052318286322
482424,1.0214893142374681,-0.5362484745891094
482548,2.6338745444914107,1.947224176013276
482602,0.551678734301256,-0.9783980679493249
482621,-0.29072905273300237,-0.9635902220337955
482630,-0.6132592825439981,0.016030420409595403
482744,1.4232540916012408,-1.1917400015761281
482811,-1.0959291316392272,5.013764959271662
483224,0.4729046314077538,-0.5682809341858028
483237,2.0704882359680736,-0.23054794696833975
483345,2.994092013824484,-2.1540636402199973
483480,1.6641165636052009,-1.8284174644468731
483483,-0.02473444445959408,-1.4577947734357415
483525,-0.37323575936635106,-0.039265243700956805
483603,0.954003058119153,-0.8460823477299196
483928,2.2233232040631266,-1.2231228418576772
483982,-0.7456329206984271,0.8555050047570566
484249,4.577146215733009,0.4970461568002172
484342,-2.1848782821689907,5.248937710010568
484418,0.3800600926020935,-0.5164470697779241
484987,2.043714618894661,-0.8058921849526661
485149,0.38550305747015007,-1.4245404625621374
485260,0.4156093587666074,-1.0586495997437468
485393,6.183335655966193,8.2446706106182
485505,-0.9733287594158055,-0.23208866054137048
485518,-5.948035376856684,3.477320880646009
485536,-5.383042495122836,1.304624674487261
485544,5.481558315413232,-1.3546566016360782
485591,0.783516788533717,-1.1543890320602606
485658,2.91961080192024,4.648312259492647
485780,0.6068668025008537,-1.389339195772652
485785,-0.9144620636329548,0.9632059047194343
485891,1.041261206398318,2.641512196348848
485894,0.5937668282760352,-1.5543815415999258
486046,-3.416811495051585,0.12964338089996044
486113,-0.09618343452575132,-0.9201626897113416
486191,-3.5693604954797507,-0.4583564150535631
486261,-1.404754190276884,-0.24577258700070373
486268,-5.681876196967506,2.4011563415203043
486270,-0.3026929522399879,0.4709565988379031
486366,-0.2710305771486701,-1.7612421160883978
486447,-1.5522464990100207,5.25431931486931
486454,0.6060388628773729,-2.2558768432457965
486605,-0.9955405497766552,0.8377455155254586
486671,3.0595730050977568,-1.9544815379832563
486751,3.7790473029249396,1.786108756940119
486823,0.05907810510918369,0.47610077946992185
487002,-1.3257760398571148,0.8316692644447535
487036,-1.8170671853223332,-1.284058831273524
487040,0.543277689206574,0.545071215028325
487101,1.3665827593638535,-1.604304298714573
487276,0.38481106104316387,-0.9974953242626396
487352,-1.670077871201689,0.46388473219578474
487453,7.290161688219298,4.33996789384648
487637,-0.12979719790346803,-1.8728162529370427
487680,3.084676409305591,0.0004794030693101113
487715,3.816349054566569,2.1912124650591838
487858,0.283993316646441,-1.8897384693538521
487954,1.1741863981356584,-0.17479457474910776
488009,-0.9589549689886006,-1.7635058413035611
488099,-5.950989978529457,2.0892405283250493
488246,-3.8690905491056173,1.8319741792321484
488314,4.4174050455109475,2.5397990724291186
488410,0.826374118183407,-2.429376416651257
488430,-1.4949356579527449,6.7590330967510805
488462,1.590652887276517,-1.8102597503730902
488480,0.21339024329324557,4.016347152625412
488511,0.4327588396084829,-0.9729249218316478
488529,1.3397666740102812,-1.5061092574122046
488539,-4.987115669014495,0.2568531123429237
488672,1.7430192690360788,-1.1526445459113825
488827,1.4325885124715665,-0.18462937332310775
488865,0.12988901564653177,-0.6343811193034224
488870,4.142510713872641,2.1410577159777304
488918,3.2943737005560996,-1.0919088122279754
488974,-0.013121981609046651,-1.218234250872493
489096,0.13485595546620477,-1.4539701922715913
489131,-5.4249982077175884,1.4656880708829836
489575,1.4854994441056815,-1.9224352470032104
489635,1.4100109427952554,-1.3082714781143572
489661,-4.108756454383223,0.7161593908720338
489730,0.3263731590099362,-1.2266452700648711
489785,1.2592101226559522,-0.3513324085511192
489786,-4.717799055843089,0.032768955471663246
489802,-0.6636585475190405,-1.7168763899127295
489844,0.27216113265646014,-2.0791096899562627
489852,-0.6560711650160029,-1.2892982642186666
489949,3.800290611725834,4.28542311166836
489953,4.14344756812676,-1.3304052391886716
489992,-0.5840880321831501,0.09666419746360339
490040,1.4876255076165192,-0.391249043084302
490107,1.8374270796463248,0.3032306400582493
490133,2.017856908804785,-2.2700920510507325
490201,0.06854851703254063,-1.0452304281400044
490348,-1.2825620274037632,-0.5285043457572759
490358,-0.37388397686651365,0.12897509215441066
490517,-0.29514455543004076,-1.763549308770751
490576,0.00222487606650309,-1.1792904850838557
490608,-1.167761018801003,0.6477063165589403
490629,1.1081593779120489,-0.19690646372150636
490671,1.5115788665527983,-0.37323986784288005
491003,-0.7206706827981394,0.03706795835201025
491124,1.0594137221745847,-1.0596815653501979
491141,2.999686539470931,-1.0431849590100823
491175,1.9525364419517774,-2.6988659734988585
491182,1.953374035286674,-1.572031802025531
491241,0.5509308750495442,-1.3295516936445826
491266,0.12985987934373963,-0.6761484545752324
491559,0.4887561765971229,-1.7740433043036705
491597,0.1370156490326655,0.7791186149312379
491617,2.822122631179352,-0.6274589729879171
491706,-0.16846207456157794,0.300441037641821
491772,1.0656740816677421,-0.9318155583249462
491925,2.0419208883589803,-2.045986561104693
491930,0.5028079839682867,-1.7397197268607747
491995,-0.5869680086836191,5.053560123309398
492209,0.6480440592880296,-1.9770190641574303
492211,-0.9296019285874919,2.0317163883948695
492287,0.01697267854939387,0.3683830900861102
492371,0.0805179133856616,-0.9675562532863543
492497,-0.18747066252211061,5.05296035248209
492614,-5.637029732278695,2.9177304094229
492999,-1.639436248219774,-0.5848014401987787
493177,3.2498889158534476,-1.0342483973477476
493409,1.8487598665369107,-0.2115066100784952
493476,-0.8319210738094918,-0.20451480297766325
493718,3.29624899494249,-0.741999909344165
494294,1.7754508278679444,-0.7676973939263639
494374,-0.23694820658662477,-0.46643423832589664
494382,1.6206134457856893,-1.8692775771174708
494441,-5.77573310338263,1.8737841363311212
494463,-0.3013224476653709,-0.6798712771960553
494484,-0.9802675300957013,1.7011675945856528
494590,1.87899180726821,1.5099727262696019
494630,-3.824828394183519,1.276697443427684
494680,0.44453034278787906,-0.5292827158194356
494704,2.7584287939909737,-1.7955604924321051
494985,3.127744871532496,-1.8323201118023151
495029,2.4762535156766656,1.2559944605799045
495042,1.876798291805269,-1.2835808081063909
495080,-1.1653681310317376,0.3087522291741148
495272,0.1980682939719166,1.6483559630056572
495273,2.148238421226656,0.49434898224624435
495386,0.7413951937562228,-0.7527700745920022
495482,1.5519264503734418,-0.02228693919478885
495592,-5.142070863023049,0.9302061855763497
495603,2.4446895184665727,1.1845531285816788
495727,3.929101649321196,-1.7429435459401255
496016,1.9433975151849705,-0.21288638994803052
496074,-5.428046391245252,1.8617414136133268
496273,0.7422006510290969,-0.7774018264157224
496286,0.3965935945364052,-1.182781627870786
496332,3.03726350836377,-0.508558490589361
496382,1.0162609290240563,-0.5649936231721701
496408,3.873250153116106,1.8500800341845753
496566,-0.30087211358730204,-1.4392814802814344
496899,0.6908815476053879,2.839620151883954
496972,-1.0000465467610269,-0.08832093479224185
497042,1.9553353091601027,-1.4533179681700177
497077,8.103702889107753,9.073787593748278
497108,0.13619233356005936,-1.6112893159935187
497225,2.839742544690647,-1.421253120648174
497475,0.11651333695633022,-0.819203430717507
497615,1.8310953903659877,0.00797894071911942
497678,0.04124975426138262,-1.3399872547368796
497680,0.3203614922278278,-0.4162428299869528
497829,0.2930301714698913,-0.450344623247456
497915,1.6420449317092585,-1.574374018410278
498154,-0.3930331037434445,-1.7580804108668728
498199,0.22908805657311598,-0.8952589720901878
498287,2.0015775903304327,-1.7192182115179
498298,-1.7356190246269552,0.17544318210256923
498357,1.8027382267952146,-0.7646156441628484
498363,-0.04444354116984678,-0.7592377546342604
498500,2.9162825196303603,1.9958973370809183
498574,0.14493071612068098,-0.20852843620556094
498607,-0.32266459460836083,-1.0523206295771017
498665,4.1223238598210825,1.8573915590111847
498857,-0.1714720388696901,-0.2763330790760174
498931,0.6325020014691274,-0.46873991583944447
499028,0.32075187865367355,-1.0679302733965965
499038,-0.07084155740242154,-0.4427720240299226
499252,0.0742613170428016,-0.3481610588455672
499313,-0.12196386856054042,-0.23154696009204426
499366,1.214100053188352,-1.319303406697195
499375,2.1554757371532025,-1.494103526065227
499379,-2.276470076452477,-0.06102176800146824
499461,0.17061800836942476,-1.3967675823457872
499475,0.19852393025251297,-0.45939315684039034
499633,0.5670578724297096,0.26256122866393244
499634,-1.294256685847487,-0.40161660988127923
499659,-2.1895283968432913,-0.5457666821345429
499669,-1.134032616511007,-0.47842858441140007
499751,0.6137551759653178,-2.3010742820333903
499760,-4.720633189673473,-0.3790799578046892
499780,-6.897835230523698,3.829463453273092
499810,0.3286733694849747,-1.6030031716187065
499847,1.6001219763757264,-1.1766144119525217
499969,-3.442674863715096,0.5490638880637748
499979,1.9497442501293545,-1.971413628322473
499990,2.4680087869848393,4.037374177893889
500078,-0.04983364558473644,-1.8996146368342715
500196,-0.06020237991538782,-1.591700852469433
500243,-1.4168666540515464,0.2658704710857539
500257,-0.5214000926930944,-1.6162944715427219
500288,-5.954350658541841,1.6644540989686405
500299,-4.1032060315349,0.41700834750949733
500493,-0.6408607341577359,-1.8548930473495737
500532,-3.243334348363847,0.3057182420767133
500646,-0.42806194415089255,-0.0575476349139018
500745,-1.6047490070643255,0.4161587984308656
500773,1.5324739769588882,0.9682171387838497
500791,-3.0706636352953636,0.259443874522411
500828,-0.08897861429575346,-1.1176182658285092
500972,0.9187321289779573,-1.4746181357240777
500974,2.314049070704214,-1.9151378118818834
501087,0.4530831158415669,-0.4200074974000824
501125,0.5177235768637779,-1.9945476926975392
501184,3.055873178776894,-0.42731564850772913
501322,1.2074337364562293,-1.6895395255503467
501344,-3.8288770746439584,0.02668357692356849
501436,7.943025778768269,6.617123117043282
501512,-0.8627343038094791,1.4450701180378895
501708,-0.8898743784251736,6.819143909109392
501735,-0.22493005371731079,-0.2540248445151664
501764,0.2635990702473514,-0.9529474840412921
501780,-6.491110858743951,2.709481409253448
501794,1.8886369167052475,-1.6822144066185942
501817,2.0037189215547477,-1.5484234260751875
501830,-0.7200415517918562,-0.2926077273650789
501897,-2.771126372650221,-0.29278258832637366
501947,3.272792773063604,0.8385000985504769
502063,-0.7898426558311356,-2.078251171551125
502145,1.4750484516517162,-1.4995042237140168
502210,3.245090893852257,1.7563905498183279
502212,-1.6819176275624974,-0.19444996625676503
502353,1.7711638584934555,-1.3570522889545729
502412,0.6652150833897166,-0.1853413200470447
502435,0.28787579410532976,-0.4709590568041941
502444,1.4707983688221506,-0.43421744592749667
502609,2.057848509330028,-2.2287284361199338
502626,-0.4406621308411006,-0.7439145247317204
502799,1.9413579245667578,-0.7343029929028496
502819,-6.403096851042943,2.8791370903276716
502826,-1.3807700271345345,-1.9745798494467808
502847,1.6788235347549703,-2.252186266530087
502850,-4.825266778521761,1.0118506712782143
502875,0.17836417749954728,-1.6173927363690461
502995,-5.619750527841055,0.9957735835193086
503042,-1.3779517396410712,0.6098593421650914
503049,-5.371583682056292,-0.1310452273236997
503058,-0.884398195958249,-0.22379345868778397
503126,-3.428677098781691,0.467350781679495
503161,-4.998612593929989,1.1179481395385147
503277,1.0468373462270846,-1.3958072134131747
503342,3.2877953300956038,2.5550242387996542
503418,2.9564169418796307,-0.8935374100948261
503483,-6.172091528708496,1.748547695905718
503621,-0.8450806936090898,-1.5912621241948608
503760,2.7266989222479814,0.21540249154905527
503773,-6.214731713250797,1.8456409137035663
503918,-5.422147312972338,2.0964943488840437
503928,0.1995678248815605,-1.4712092005312738
503945,0.1384763040557288,-0.7602090530327669
503973,0.5960769504450087,-0.39157352342237695
504081,-0.7230306919641241,-1.435278606129068
504133,3.0442120902418592,-0.645995490599584
504240,2.510267092361109,-1.3190236642259319
504299,0.7197223398742435,-2.040614439287996
504320,-0.6228946177978892,0.13228237416454297
504371,4.112938885492164,0.31994325966947795
504435,3.555074426153695,3.034468480128766
504473,-0.8278990170390615,-0.5298865900232543
504579,-5.624939808909692,0.38272049813960063
504610,-1.5216391768775175,-0.5341730664336315
504665,-1.450185200985154,0.4542460831467779
504669,-0.10097323415241008,-0.8795567530751637
504786,0.2727297994428655,-0.9295577610959046
504859,-0.7516078914555333,0.6286775788032841
504892,-0.2671060759223867,0.5285102607916332
504916,1.2113668292566881,4.045715718061733
504936,-0.336206870077333,-1.0988144228328087
504945,1.5438029005154656,-1.3942705911822213
505062,0.6076807578562228,-0.29217852959566604
505066,-3.2629981192181163,1.0383363846469686
505172,8.189596387391653,8.392567047835072
505230,-0.618557027956835,-1.172022533903
505285,2.5824363555468417,-0.39604487490504375
505289,-0.21919451286827604,-0.26461295922109473
505358,0.9357918216130121,0.19810311174101036
505414,0.7790916173879836,-0.9838885178165407
505498,-1.0126553697482736,-0.28971243918319467
505617,2.421007907704177,2.2396167471444843
505667,1.0273533160101405,-1.7180502904714927
505680,0.07646730256662275,-1.7488401375137348
505713,1.0736525224522315,-1.8292889690848935
505747,-0.08440030371310674,0.2003069734682757
505771,0.7608160975520232,-2.422480541022719
505854,1.835397969726699,-1.2051332697267074
505916,3.1358612353669346,1.1904857436047616
505933,2.2000880703789343,1.5578724186249078
505941,0.46050572700393966,-1.2325140678211315
506013,1.1963489189425773,-0.9744428779321948
506130,1.8768542065184768,-1.1826846491377958
506186,0.2519459872987241,3.107159663647697
506234,-0.04308850201450658,-0.6595980184423464
506250,-0.17986490552987366,-1.8427710828800334
506347,-5.805545857071218,1.821413542119918
506427,2.4356160876342727,-2.291157234820541
506611,-1.1905028471575416,-1.4565380889279347
506652,-1.3236883766165866,-1.1362545348605448
506675,1.7171460009803106,-0.7352439646724532
506704,-0.5153508231095136,-0.986271446430734
506777,-1.1384835815329004,-0.19262858131369653
506807,0.6606671229049607,-0.8601567235352272
506828,-0.732165809832848,0.5525439158414294
506837,3.3989896207269186,-0.18811944584066004
506858,-0.4632899508634334,-1.3380886635123452
506990,-5.575563347540973,2.3857583559748345
507036,-1.1391821188689442,-0.3996502642720261
507133,-0.6236391115710807,-0.1552041985005434
507207,-3.3214343566340503,0.6867949954401438
507273,0.09812314162249945,-0.643341822099792
507376,-1.462606465660874,-0.24158216171921157
507395,4.011138811638679,3.03009097357172
507431,0.4362431934151967,0.16028828423637378
507435,1.9478199477559552,-2.6373751486619628
507505,3.236085248154563,-0.6421753762771559
507513,-6.197300344592368,2.044911084169938
507531,-3.4364993748977435,0.9292756187213324
507557,-1.3151400529679516,-0.47418742482513915
507573,0.37054281935163413,-1.396812071693419
507617,0.07173831529373052,-1.4558098808208146
507728,-0.5664388008556097,-0.81201172698671
507732,2.8988936897961297,1.3281117958432325
507753,0.21664770569948408,1.3702940436649185
507759,0.3401153657437009,-1.3076829132982144
507773,-0.2841713497479986,-1.7689503051978699
507805,15.02095759879043,6.3330926607750575
508050,3.129718441624986,0.20266670720199914
508096,-0.8231937831082413,-1.6055764878862637
508111,1.827310496771576,2.9427840354335806
508144,0.18240446404737418,0.03426530328051864
508153,-0.9245008383101023,-0.05586174794357479
508240,0.0639448250692501,0.6043254237307302
508360,-0.4461190509855518,0.14639393088933136
508367,0.8098720213175267,-0.7557541191432298
508497,-1.4604448109799406,-0.6040939889881536
508512,-3.009656648875889,0.627874546233071
508546,-0.5980267747767075,-0.4566699145909063
508611,-5.809864327937376,2.5730299820378604
508625,3.4423104282032924,3.0016325938064714
508693,0.26625623979488644,-0.9696797325915401
508713,-1.824879984562475,0.7959571444043462
508731,1.6348867025585876,-0.8523561993792801
508829,3.9868287538180134,6.06723537404986
508848,0.8539264299873763,-1.205414576645687
508849,1.4741413928915323,0.27355062604970254
508856,-1.479992759516353,6.072212310426718
508857,2.5261819147194418,-1.9750374359444782
508860,-0.5298958636570952,0.11336014638538172
508866,1.3997769172377537,0.6315695229133848
508877,3.5936343975393172,-2.241020447431962
508891,-4.159942726246586,2.2490734158964076
508892,0.7503683651627244,0.16644272281896913
508901,-0.45008378521043135,-2.6339974529094228
508912,1.8909638619522173,2.079425204328784
508917,-3.5266186300898164,1.8143357140514143
508923,2.8719811333889433,4.149289184892901
508938,1.024073718978517,-1.097250231902242
508940,2.1758512959795193,-0.7864001989726195
508944,0.047652053265249676,-0.5787487255229392
508946,0.06573091196239143,-0.284343026167597
508964,-5.539889571847556,1.0508319493993636
508973,-1.1646804499312968,0.44021317075156075
509001,-5.540906748659486,0.47402725544338964
509024,-0.38204099955723214,2.0580387377804796
509036,-0.631842824112235,-0.6216482067207177
509052,-5.577287399544059,1.6971741490525247
509061,0.7924479274949945,0.8289712505431348
509069,-1.1537047566528476,-1.5107159079528047
509098,-0.25501211097784215,-0.43987250028656594
509115,2.168091730250514,-0.5962999061583357
509119,-0.6665410793013903,-0.1251646184971724
509157,1.0907291525878169,0.20421773218402414
509160,0.0012125314039370782,-1.6526823011007405
509162,-2.61171321694603,-1.1289869690524705
509202,-1.371470779660181,-0.2898602992378556
509221,0.8695318417278942,-1.554470036581148
509242,0.337601080123097,-1.2283192717789828
509272,-3.890057715620096,0.6013315322572993
509278,2.5864829294452814,3.164561203271248
509282,-0.29346214788761843,0.18226840582219014
509302,-0.5462010225730031,-0.12205424085223768
509316,0.9038716378893192,-1.6095907353050878
509324,0.8017164347192317,-0.6278067110328207
509341,-1.3148127716821,0.6975012067668559
509346,-0.3711917028374513,-1.4010715573259056
509353,-0.793013631246539,0.5628095074877676
509354,-0.3082137750585853,-1.423016885501582
509359,2.180036815302923,-1.1344470344937672
509402,-5.46320227702816,0.48210049136171107
509411,0.2257577992322377,-1.035101718277525
509413,-0.9826556032701134,-1.4969913151152474
509414,0.062027976571424906,2.089636472074873
509419,1.0081701914283814,-1.7606893873834537
509421,3.061558037499085,3.0901375336993753
509435,2.2534375896900345,-0.8502638951860345
509445,0.3444209933495575,-2.1062255091561233
509453,-0.02385464741757465,-1.388502921404279
509454,-0.3020522147712798,-1.3072099903983012
509459,-3.5773761764536465,0.7454234632424401
509467,2.62624423480508,1.2860151942028768
509498,3.695857934893058,0.9083226445906599
509515,-0.010079690206420572,-0.011410649766163624
509516,0.13198264057893813,-1.072274887827569
509530,2.4460846942032815,-2.8636207220940246
509552,-2.4368535960861393,3.841129308677928
509598,1.1350447627928963,0.05773715808472193
509603,-1.9803601501392396,0.42774135861242646
509626,2.4293633916178083,1.0146294768322754
509635,-0.2144043124575324,-1.2653555542876251
509638,-3.643513324209,-0.4869949165380628
509645,4.031212355859655,1.6776603487928967
509681,2.604344320317685,-0.9919263740928805
509712,-0.5299691283157622,-0.2723901079972828
509713,1.6712672541542108,-0.11569513688200499
509717,1.346913864162268,-1.3991992598685148
509749,3.393268446664286,-1.2021307989931544
509763,2.9069656607787935,-1.4918078322762094
509765,0.6216275902601412,-0.3539616052042531
509781,-2.711816727668163,1.40116626390378
509822,0.8928179714319286,-0.500848432746334
509826,-1.1802147337895645,-0.5561399996862031
509841,1.0258989681737414,0.204851175179553
509855,-5.340531287417367,1.7255675115530145
509876,-5.525014584618199,0.12098237858694276
509892,-3.2006837487082342,-0.2701282145622498
509903,2.6909937494058416,-1.1298683245632146
509919,0.4973061323685817,-1.1050676068323968
509924,-5.605297333155915,1.6935336722216983
509933,-0.10754607758734011,-2.1265729846196186
509969,-3.424785424819661,-0.1695684811391509
509990,-1.1881187679765215,-1.0276603712466847
510003,-0.4147491746578881,-0.8218840338662958
510022,0.5588817992312902,-2.1298632957431023
510044,0.8295733838386627,-0.6717789015698913
510048,0.3181680943696321,0.8902661259642217
510061,2.4886224790820957,-1.4476356759970153
510067,0.9365683964456906,-2.3610187770689866
510070,3.6224478922269254,1.9730349002287033
510078,2.408343484465052,2.384385871342281
510079,-2.5709776842052254,-0.3767776330138266
510081,-0.22605308120504186,-0.6831231146796843
510090,-1.0511413998122259,-1.7430664226227908
510093,2.11788665439412,-1.0480088632242444
510094,0.23564820306366588,-0.6195683028443799
510104,-0.301948217790333,-1.0378926387916656
510108,3.603861743781715,2.0888348163376853
510112,1.7658933933200172,0.09127196495015806
510114,3.8644480201015314,-0.9126572083779445
510134,3.4096610052257694,-1.0039936746768392
510155,0.41953164696375705,-2.1302148027365666
510156,2.8172509726154216,-1.403459391492358
510163,3.029497080477943,-1.2106707135246677
510164,0.7407171940015633,0.8313392167321352
510170,0.6894896001142915,0.2570842050872327
510172,0.274900831012763,0.2092751244023631
510179,2.48843602676499,0.14119871090150313
510185,1.5378797403133304,-0.8175411767417181
510188,6.800972715940658,6.716378916571511
510195,2.0319092001848515,-1.423002491535774
510198,0.6299180604427992,0.9873461784292266
510213,1.620743372045021,-2.3488257960072856
510215,-0.010487127441318205,0.15240472596722154
510219,0.6354946486226349,-0.9030416548616998
510227,-0.8670633887839861,-0.5797181369931359
510238,1.0355499031465787,-1.7337404989566878
510239,0.4331964807689676,-1.0450240117587806
510243,0.26198660615420244,-1.565219549055187
510257,-2.0661627252394337,-1.9262389094499464
510270,-3.4849060045829026,-0.580682016752418
510283,-6.023482172750939,2.6549563223645825
510315,-0.5761238142914257,-0.21953224606751853
510316,-3.622094193673799,1.6227169287840133
510326,4.084963262098299,-0.38644651888885473
510328,1.1725870871326975,-0.4342516949848296
510343,4.16121797597524,-0.026319331942996172
510356,0.1350214906706299,-1.6003795457695018
510365,3.569509186684541,-0.8933027285179714
510369,1.1751059370411623,-0.35496665825207335
510379,-3.963996469485111,1.200580851065504
510393,-0.017979438621525217,-1.1815340513449053
510418,-5.397829382603813,1.238295316699577
510423,-2.216584321947052,-1.0808453217818133
510449,1.2735965132525877,-0.8991630618299876
510452,2.7586446699409684,0.3588023321810493
510459,0.5401149152176642,-0.11357600991646329
510490,-3.382317850845591,-0.4473559927765372
510494,1.9446074113390057,-2.277188711472905
510511,-0.530018410342779,-1.26629189232451
510533,-0.8380811589467453,0.43643108014405896
510537,2.815828383124209,-0.10860006755142923
510543,-5.839758569356653,1.7491542424483968
510545,-3.4864401009243005,0.09649137083536781
510558,0.860421370624117,3.9104793390040196
510570,1.5289248298364948,-0.6986516397342574
510571,1.7451106128350975,3.1585380228634325
510575,-5.949234715262594,1.6560250435575423
510580,-0.060220203284539635,-2.05601488500244
510582,-1.3959406064688666,0.42673239105052035
510585,1.2412349322775345,2.9343374796194137
510586,1.9531836943970924,-0.2757042196145906
510610,-0.5945160921322568,0.11789010636532293
510618,0.5917351164521237,-1.1281933526569403
510676,0.5702266469711715,-2.0565808247374187
510686,-0.43686633058085883,-0.07908296579055031
510694,3.7429590504416685,2.1890207113490194
510700,3.010965957823571,2.3999339707779606
510707,-0.8280190388127485,-0.9564464704374974
510719,-3.223380191366843,0.17133704639969657
510733,-0.7119951330246107,-1.3156487056208301
510754,1.4529920749196756,-1.1949210221748583
510779,0.45319966611916923,-1.9249656244522746
510805,-0.9062820941413594,-0.6295702522211087
510815,3.2925208061547164,-1.43297202376303
510822,1.2411569491099526,0.37362748292260617
510828,-6.1102673948811175,2.42133213967539
510836,1.8463968052221011,-1.6929186448356013
510841,5.85423942234705,1.4814169610583214
510890,0.4877551964613539,-0.3884844733608337
510899,0.5042436041433053,-1.3024158822569512
510944,2.001669746922843,-2.0256088290724565
510946,3.611107487042641,0.4893653101912432
510953,-1.740026126750948,-0.6308910224977412
510960,0.042687460218505856,-0.8239253608177003
510961,0.8268360323172922,-1.3424579591869437
510972,0.9143726287476043,-0.3634125002461788
511017,-1.675866416481062,-0.9555852736643544
511055,-0.5630838164556906,-0.030736927754822983
511066,0.2856803000241183,-0.2861891443981499
511093,-0.09108161297804951,0.4837147969580558
511122,0.06843086774447535,-1.0240683638371715
511125,0.764841271858543,-1.1080975128529842
511126,1.0859197915000505,0.03194229619309113
511140,-0.22076692869085823,-0.6180358796709859
511142,1.6693073265000753,-0.8537956685967322
511145,-0.8444784560916652,0.302097297340066
511148,0.4132944379207657,-1.230066841755209
511160,0.13280849661530564,-0.8860375254339167
511178,0.6181886924280706,0.20629676847537515
511195,-0.5679027635301935,-1.5351165301512995
511208,3.054366032793333,1.9500044941153836
511219,-4.130096921978029,0.6444089846310436
511223,9.069117689882725,3.8499385625459257
511238,-5.560902481577939,0.7336270239702307
511260,-0.34038411181603206,-0.020123554279394378
511298,0.8540776888960834,0.04262872479879198
511314,1.0747767861165756,2.274067956270207
511326,0.8680507109041273,-0.9059993952674793
511328,-1.4281634446160096,-1.0380587193997648
511331,5.251367774762874,1.9124626886732525
511364,0.7358344281957346,-0.0658768299294809
511377,-2.929990522295299,-0.5176157256097438
511379,0.5653939223039031,-1.4869943717856813
511397,2.794353648233817,-0.34554636097288544
511398,3.30659283387135,-0.9690610583217544
511399,-0.20395808502926996,-1.5793337327790817
511418,-0.2954975980551604,-1.1559380328486448
511424,-1.884086643828575,-0.4288452712924814
511433,1.484694503043281,-1.9372431109279165
511440,0.23880710473605107,-0.06899808482025459
511455,-0.903502952147027,0.07686067951964178
511469,-0.47072011387647206,-1.9227315876381084
511489,-0.5339439063214633,-1.1041664029124494
511502,2.3867253307022445,-0.158067805237314
511504,0.21758959847110337,-0.4689378473212706
511535,0.7328050557281066,-1.6610045856949003
511542,0.8437659070380583,-0.4389429482569946
511549,-0.39648996411498166,-1.1793264104833237
511552,-2.3260026186175096,4.769691109348983
511554,0.027992044702897262,-1.3570325074459983
511560,1.7073732069578986,-1.256843709094055
511567,1.334422542836076,-0.1537044004527042
511568,-4.303480521818024,3.86436569856861
511570,1.5857941336193953,-1.4061372753364556
511577,-1.9074765871545767,-0.6297579931737959
511578,3.694220451018128,-1.6432025261764234
511587,-0.06761197707632799,-2.025517018765344
511589,-3.0018200502803376,-0.2131647893336412
511608,-3.8108801367559897,1.4438590089783765
511609,-0.5521044300652546,-0.24325077177138157
511613,0.8006862439942295,-1.0432562355772004
511638,0.2561961425981317,-0.13114956378239037
511665,3.4426889754224637,3.643445709575802
511666,0.8038150206706016,-1.4930830518622626
511677,4.950240722754888,3.077639824002985
511680,0.4319244193769983,-0.6433063277331551
511697,1.170933929090109,-0.80047454369589
511712,0.16132995597578206,1.0908636980585584
511726,0.2537547982611904,-2.0165030724833803
511739,2.6090515975968303,-0.8863077608497247
511757,-5.63161228965671,0.4557045387066788
511762,0.369383401208264,-1.8417732550732817
511764,-0.22523750923673636,-1.3545898932988476
511772,0.630120263663348,-0.32290894851448887
511778,1.2041441104886186,-0.05515580556084222
511783,1.0897253900246682,-1.528093413959297
511784,2.5875701737879084,5.160605665960183
511800,4.608729468241668,-1.557683215198281
511803,1.1336201969671889,-0.3501232725187617
511805,1.7607776791375374,-1.5558322862075062
511809,-0.8164612790738252,-0.7433877034425803
511811,-0.2257348501721915,0.7257204963791567
511821,-5.5425153844181185,0.6159263960625515
511827,-0.12935176356392114,4.386192719597594
511851,0.35589237575043825,-0.8166205054161036
511859,0.8831680471481427,0.8465595993964281
511860,0.7663414999036006,-1.7701197763014331
511862,1.208489241846059,-1.7033818865414132
511878,-6.940674568104521,3.690442774604868
511884,1.6088212486829807,-0.8898413413713162
511902,1.3451301704504335,-1.1683210374329436
511910,-3.8894665202653194,1.3137165121833818
511916,-1.6163292965496683,-0.5671609716213353
511923,-0.13156187802242003,-0.961477335465707
511936,-1.8534388622342017,0.6886112536192031
511943,-0.3084627501269805,-0.5752650270209394
511977,1.9553857308753815,3.141915345540519
511989,-5.783146791476229,2.8216240456241533
511996,0.018297313047305128,-0.835054915012594
511998,-0.30322818197034584,-0.8259080647953163
512009,0.8708985084278844,-1.0131349494977733
512010,-0.4996636910694767,-1.3598030049823422
512016,-2.34903410648685,-1.0342641787461329
512024,-0.7130932533843264,0.4445823809886735
512028,-0.26273123695244127,-0.08684251207120122
512060,0.3638191559410921,-1.2455465781802282
512063,-0.9067390763176937,-1.230560067714607
512069,3.7526685978868364,-0.7207291725067113
512078,-0.5903558280508716,-0.5527072261235191
512099,0.9367979296893404,0.40308420411097734
512103,2.258551950124025,2.1554122137142064
512144,-6.04040396276866,1.4970955045449348
512147,2.216377704257893,2.9378274755019125
512148,-4.053486055137206,0.5755591493095468
512163,-0.28273811326926374,-0.9920384587053097
512173,3.8333311071160647,0.9189963838198555
512190,-3.447899448523298,-0.9285271914204174
512193,-0.9420381951794968,-0.5078621171798127
512197,0.5874596002614614,0.1677594508827811
512201,1.768935193704388,-0.8408413777464534
512204,0.228395002396546,-1.2409970602630187
512243,0.41897032353683644,-0.0704184966697049
512249,-5.867000037689128,2.8014479183252377
512266,1.275497302188019,-0.4977927352740093
512271,1.6098199855933035,-0.17679514529622936
512283,1.4051010204712757,-1.1477040612781284
512289,-1.0684012527391604,-0.8853497769242948
512294,1.9793749182212579,-2.6977365982882353
512295,1.7091668264620288,-1.2191213689466782
512301,0.8187963659389117,-1.43949197468477
512302,0.05095301049331664,-1.9307252456570836
512303,0.6875407681346131,-1.1681212312146028
512305,-2.89869616787045,0.2300922072322443
512322,1.4841562058210283,-0.3896506764968379
512329,2.5516084301428825,0.09382094529283644
512362,-0.09002619377286511,-0.7253684304865718
512377,3.9625052707148303,2.2761646455975124
512392,0.8507708314823574,-0.9550077263654791
512397,-6.250410564923635,3.1492212176516605
512402,-1.0531283693115634,-1.7220118776216642
512416,-3.2198054111138017,1.285456312500318
512418,2.80359474667602,-0.5376956886898124
512419,1.9940302754623624,-2.1618108864199956
512440,1.1557453816310348,-0.04430581676690801
512443,0.057133587467293336,-1.458201082552309
512447,-1.6636056231208907,1.0176306482426534
512463,0.8748588280752004,0.9771778902016642
512495,2.668584840562019,-1.193012950090933
512529,-4.915583554701957,1.2392035033893574
512536,0.7438850457287074,-0.9053996056090501
512552,-0.3601133340712701,-1.684099369542555
512556,4.282396207698654,-0.7666186517623725
512558,3.375384949011782,1.0765391001499445
512587,-0.6106712376767595,-0.13484954623490153
512589,0.982177695631063,-1.1589228818555366
512596,1.2589737993965602,-2.396030179667104
512598,1.7984207685881186,-0.3078579994601533
512610,1.4892342366260174,-1.8351268494912183
512623,-5.322098597146115,1.9658187487070748
512628,-0.033565280468950354,-0.8007818586258932
512631,0.6106497872754956,-0.5302944971306519
512655,1.1962003249374193,-0.4121987385928058
512671,2.235822864850569,-2.229807290793608
512677,-4.349671865781494,1.0319491486311798
512680,-1.173941171498109,-0.8199436726280738
512691,-0.47359819267296815,-0.16241232865319152
512693,1.447817799549066,-0.47369868294771855
512695,0.9888464000666012,-2.0274942237880405
512696,-1.208052068069535,1.3378438621151332
512704,-4.050871245134782,1.1092140842306242
512706,1.0594469629141492,-2.2695304904741196
512780,0.45885189432994994,-1.0965017808886013
512786,2.5137395816262833,-1.2719413167269435
512787,1.5285765495881927,-1.3658218699740778
512791,0.18248481219552548,-0.8056214644238754
512801,3.004647394437223,-2.511484526004581
512826,0.20909729445439187,-1.7448415782406868
512831,-0.20181902657360282,-0.3510761161971584
512835,4.269932267892609,-0.7630212285700106
512846,0.9584836578246755,-0.36541595942623906
512848,-0.630970502559783,-0.3709578803357499
512880,-0.8868504722185064,-1.3664570232194306
512887,1.054556407187255,-0.4845060362630817
512888,-0.5243347239926079,-0.6288606661329076
512900,-1.8402606194409232,-0.28135359749171246
512904,1.9226712452309247,-1.2056222210476215
512922,-1.9930336820283523,1.3144151744999077
512928,5.290532408098509,8.794829482789208
512943,0.8194787841669655,-2.110234926957221
512945,-0.18887471052868796,3.0771905807757363
512974,-2.608105214894006,2.9251763533300665
512976,2.760811878189703,0.3507111940910853
512984,0.4112808145357435,-1.450566812706845
512999,-0.5501721759044301,-0.7399884830315646
513004,1.6308844800038882,-1.3352103860649414
513005,-2.4088820927819743,1.0676668964753178
513006,0.7009046762539938,-1.0344037967802664
513026,2.0070703179497107,-0.8260996421654473
513030,1.2628594154965838,-0.6460712046396464
513031,-0.4281357979735824,-1.1870959851081895
513058,2.0461464746010654,-1.6315342783747553
513089,1.1259665147217552,-0.11424740775875186
513090,-1.9044260549485306,3.4539656939509356
513091,-5.611984040129711,0.3189115458853137
513093,0.31713497083901737,-0.832720036356661
513096,-1.2369255237368255,-0.5903504235055863
513103,0.5637880684402906,-0.02571382138768117
513126,2.009290892816922,0.013105626454010796
513138,-5.911276345934405,1.5851758868255896
513164,-0.674105738991942,-0.9291614027141332
513206,-4.840661992587829,0.2628842765347084
513216,1.2367298738891557,-0.03252832828085028
513220,3.988477471785394,0.1751031967876927
513221,-0.3752662748650678,1.0815030800000962
513227,-0.20619591421926933,-0.6648148108988751
513233,0.05051374639679285,-2.0081812338300096
513236,5.140406449842108,-2.6167718266635154
513237,-0.9873687383193043,-0.44490700446526166
513241,-5.237684213572203,1.5350745160331765
513242,-0.26030751441337463,0.4804222633148495
513259,1.7727051187352918,-0.19560099421767665
513261,-5.817713388479849,0.36963772557877983
513289,-0.80697237597355,0.7471028412682283
513296,1.2484450638437452,0.8338766252242493
513317,-3.416175313094689,0.6622575652114661
513322,0.479927875607886,-1.9247910967260518
513338,0.4905153899268333,-1.1049956785843362
513339,-0.11975279598088577,0.2972137204451942
513345,-3.149554277335424,1.0770454625266133
513347,-0.6621599575600828,-0.792355470739862
513366,1.7289397035903709,-0.29640535621319863
513381,0.6589042510008722,-1.9484526534431446
513387,2.8560831805941698,-2.0975084112858946
513397,1.3986583756668607,-1.7031163472349364
513402,-1.8079053109315941,-1.1008111476499
513408,1.1978887954735429,0.8680810276682102
513422,-0.4862792187309371,-1.8849009931270626
513425,-4.985497804100356,-0.3561738549828137
513438,4.573365395265187,1.4109687508588191
513441,-2.0197787117170805,3.796240738473225
513470,-5.163473783286704,-0.18093078632730653
513495,-1.4689353349424712,0.2430323333202981
513497,-0.9889175967252338,-0.9710192670418651
513509,-3.746935902568724,0.9079152693186985
513543,1.128960695397949,3.479608036143308
513546,-4.770167705235772,-0.013408781871087716
513555,0.4766184092321775,-1.7661188906477907
513568,-1.6037144695458811,-0.9000435644019171
513569,-2.0912165130555387,0.9393780338014344
513582,0.002894637660627076,-2.0207593234176597
513602,-5.598390624102219,2.27394671809911
513611,0.5501433258591155,-0.6492708241848648
513613,0.4259267696013764,-1.1361345075515472
513620,-0.8882161934762883,1.1048909290118478
513625,1.9413412449017928,6.55240185430704
513627,1.0595720998557352,-1.8192560585240891
513628,0.9266988012792772,-0.8948239533671783
513638,3.2120002936405516,-2.016015296533931
513659,0.9875500189514312,-1.1726661780243888
513661,-3.601649578354584,0.4392944737153767
513683,1.0476463948621135,-0.5309475126750327
513714,-4.577777157358021,2.963222989412318
513721,1.605595061041103,-1.9012018986809534
513742,-5.446409272024733,1.1063125513649805
513761,1.8282161024911656,-0.42549612380097135
513776,-1.5954863460519986,-0.6496737784887999
513787,4.378941216008291,2.869450875393114
513791,2.7285263578660537,-0.15762459895545486
513796,2.212217578166709,-0.9777271415122009
513800,-4.821342274502836,-0.5129400368393614
513807,3.1757912802337573,3.115278775726886
513823,-4.874093764454925,0.3740852058031294
513826,0.19230529891282458,-0.9346505602748278
513844,-1.9745396414315566,-0.055558229062844175
513853,1.1474877572792654,-1.4538353501209675
513856,-0.1626108091928917,1.1357903913496767
513860,-0.3355193265843014,-1.5733793021845712
513869,2.5825119100576766,5.322278415150869
513875,3.2667562699431767,3.96791276774501
513917,1.81104758961227,-1.2842272181778964
513926,1.1149817781438565,0.23182699000846138
513933,0.7824027292305162,-1.3336053968223531
513953,-1.0138784108150358,-1.7112369424677998
513956,-0.3644839847740475,0.5343030380513283
513964,1.1890382195434226,-1.5026764661336416
513967,4.331560396878041,0.993748309351198
513995,0.18187157079625615,-0.7419326567123654
514002,2.7860242940773934,-1.1976026024474808
514003,1.2754399200669218,0.49121397050201354
514021,-3.2037453128058186,-0.9404436698378307
514023,0.5876209693835565,-1.119095305033563
514053,-0.7217917457494909,-1.2065631453864658
514071,0.31566441080487867,-1.2894336930477681
514076,-0.8667261069309229,-2.181205947916993
514113,-1.834348324200339,0.04887834148420819
514132,1.6990043277726028,-1.123693939664827
514133,-0.7021151823396943,-1.4677684736712
514164,1.177466450441184,-1.9146742546021573
514167,3.180059209138799,2.6143373237404175
514206,0.5218648411656011,0.14313274268693696
514208,-1.1690746890265762,-0.004785882399077514
514210,0.5630138756615177,-1.3179317367104615
514215,1.438989433457746,-0.5178599789744065
514235,-1.2646782243770622,-0.028164448516278282
514261,-0.11276278725459801,0.08602042759325873
514275,-0.4233250581727973,0.5065730712934705
514289,-5.059214817014665,1.0341044038746472
514300,2.830460595558856,4.18259456267606
514315,-1.2598949261997494,1.4243325745997784
514318,0.6655385482396817,-1.562580572225246
514324,0.8140295454755563,-1.4900966238804974
514337,0.826449565064689,-0.49316383134386454
514342,2.6364032104649717,-0.03145685166071677
514344,1.9028245635177121,-0.8206281674119575
514370,4.42686970743122,0.8388898642451197
514384,-0.7474809365109882,0.17986921614089152
514395,1.6796544452414874,0.03020512945039773
514457,2.8137820586941285,-0.637482351216554
514460,1.2615524238202331,0.3480704747642986
514461,-1.019935110775075,-0.5579493213177642
514501,-2.880766512134503,-1.5052484430954602
514503,-3.447106862077917,1.5412895485943898
514515,0.08104521687346407,-0.8144420448200955
514526,3.249631111390697,-0.7266958453349681
514551,-3.7391401885831765,1.374254376553765
514586,1.0242150862291184,-1.1217581435346557
514589,-0.49237916295406725,-0.6605353297690858
514617,0.7642346363634667,-1.3345807975276949
514623,-0.8160558633760941,-0.28098847964956875
514627,0.8587313661031615,-0.07481880773543992
514638,0.9308583517392996,-1.8372258903069294
514639,-5.544000378925458,-0.3112313314749664
514642,-5.647317438263547,0.628114839131759
514660,0.6757772317627029,-2.639409210099548
514675,0.9122768828224962,-2.019214334593743
514682,1.0557573585160887,-0.9752965736114866
514684,-5.498759987527767,3.0618431627380778
514689,-0.14426134978566948,-1.343042448154397
514737,2.3528195948382127,-1.3734881466629851
514785,0.49324502395321534,-1.7032523496948733
514810,-0.03662908915873441,1.7140767790396616
514830,-0.4962268824902033,-1.437311472125362
514867,2.6284240206152187,-1.100929337696721
514876,-3.7620567915759393,1.639354191068796
514892,3.2163348823195985,-1.1302314121296777
514893,-3.476278390918431,-0.4996286029451325
514899,3.5672355366986217,0.18012388641353597
514925,3.013188034603326,7.199770686011621
514926,-0.35633399701101637,-0.2508313659078701
514931,-6.107811120762549,2.3518184325505658
514944,-0.4304861195297846,-0.9293508765039004
514951,-0.31150751505311025,1.5538288086516794
514953,1.227610540812691,0.2468735633283082
514980,5.763200767383008,-3.3802059062037703e-05
514981,1.2032464151301208,-1.5953803127675314
515004,-0.634297570783044,-1.376635464658676
515013,-1.9336933147969686,-1.030570967293347
515020,-0.8805398147178778,0.4774183374467131
515030,0.37803520086177705,0.49142175988623066
515051,3.9778715775860234,-1.046137554036307
515058,1.6711465926110887,-1.6730373372068768
515060,0.4251367709521172,-0.934795475160419
515085,6.270926930973442,5.433317873259396
515103,1.3083594090116315,-1.458823220339965
515124,3.559154000208882,2.299192212963478
515131,3.5322306082910133,-1.170972610948789
515139,1.9952866502589202,2.2889734371031834
515161,0.639278435725414,-1.3767207184490478
515168,-2.4462754735014984,-1.2420851714815389
515182,2.5797688188258396,-1.5046372422421557
515198,-2.593933665974805,0.3085496057958049
515200,0.1692268570770935,0.8715894445649632
515202,-3.458027856133043,-0.901375915888726
515205,2.228874486620253,4.242080734396872
515229,3.651599065272922,0.4333792213723377
515240,-2.8345117877132293,-0.9546951549295689
515243,0.2989372747624049,-1.5505405226009628
515258,-0.18592120838981332,-0.009344316561871673
515271,0.5572174033169587,-1.6795805463143618
515274,1.6572742072285434,-0.6914279147033814
515306,1.9275919249964173,-1.5941991810742018
515330,0.4110145068325539,-2.035741020659404
515344,1.2523588926715168,-1.1250132985173644
515398,0.9292069201492632,-1.5412136223939512
515409,1.1100948666372596,-1.7920000014253152
515421,1.5639663457292527,-1.5677347605328642
515423,-0.48931993475191,-2.019405716203427
515436,-3.6511885388571645,1.196818705078659
515478,-0.5111375409112776,-0.667883040352115
515490,2.1669236331062764,-2.4691394689300976
515502,-3.3532806948331957,0.7168633909930047
515514,-6.033789604280763,2.4023334822768803
515516,-5.650329672768218,1.7172627838013643
515523,-1.2330959737773508,0.6218582426938664
515529,-0.9262454051397594,-1.289994377407346
515530,-6.3628951913774054,2.9468722411121973
515565,2.469425123604231,-1.693151235213329
515578,2.1167229930144087,0.027593606303817807
515580,1.3467239256531804,-0.4963432529675872
515586,1.500957091174035,-1.6639925138851106
515610,2.0723749219779934,4.003215388027547
515634,-6.020299300581774,3.7445743926040493
515639,4.315643211949878,-1.1470269197052827
515645,-1.0796150495927992,-0.47695735769356673
515666,1.6415513913278919,-1.307276255880149
515675,1.4362247090206977,4.202818772122683
515684,3.1388165188615598,-1.5416131055715767
515688,2.191362943665456,-2.004499070337809
515694,2.804766838653876,-1.1594695487419342
515713,3.1746762503719688,0.14500114706957204
515727,1.5078643035198296,-1.594595450614518
515735,-2.5377624726630716,-0.8908143624398971
515739,0.12982355883026828,-1.4073214282477784
515751,1.9115801864011774,-0.7402649816841527
515764,-0.4169454801987244,-0.6286502466704261
515778,0.363591869366716,-1.1696696783621097
515802,2.3416495081815496,-1.3709965089387575
515818,-4.256268897316171,0.4336660437560839
515831,-1.143096858849823,-0.036526063465849495
515835,0.10425819905634034,-1.3288004274647087
515854,-2.935095972669111,-0.47597839687130467
515874,-3.4776137435664944,-0.7885081638377013
515891,2.8939565731108576,-1.1896533207223634
515901,-0.5586210674201061,-0.4800841896498623
515908,0.06422347563361708,-1.0797764699260906
515941,0.5676646294253941,-2.5267486320342796
515947,-1.3727307637992863,0.6679763698374578
515953,0.7028567290198382,-1.1770627253501038
515974,-1.460987132451826,-0.15426526698127863
515985,0.6054841166610512,-0.3875626719732179
516001,-3.289848323467935,0.7658142403743393
516004,0.43316421738329813,-0.894916244936033
516006,3.241549806516729,-1.1481537658481185
516039,-6.108622929360597,1.9291628043804863
516053,1.4542560105261506,-1.8081776858374317
516057,4.16291765571936,5.000877490691061
516061,1.1042486667684717,-1.1521146393703132
516076,-5.484680001515931,0.8193062071502484
516086,-3.826354197466796,0.9969777454869355
516089,1.1167191732953388,-1.2876817612061906
516092,0.48307034730318205,-0.1406159110825456
516105,-1.8651955927266357,-1.8622812523021666
516117,-0.5451521874128282,-1.27460307923746
516118,0.012856553246128978,-0.46117791171457373
516127,-5.307800455789642,0.9747881026148469
516132,2.4425320214810893,3.390737907926656
516144,0.6975412695860598,-2.850551819143914
516150,-3.4988314466527797,-0.5164448371186373
516152,-1.3919181252753763,-0.2870944954762412
516176,2.2202919485141517,-0.47550181352863663
516177,0.8577617842443017,-1.023384948884585
516178,-0.4781689015333736,0.17108913809781667
516211,2.766674888273573,1.919447076895549
516216,0.7977148779435584,-0.17548918363527555
516217,-3.421961357011966,0.1843438158684034
516243,-5.373419148290515,1.258995636462135
516246,1.1281911238597166,0.2717566867141132
516251,3.5984330924196493,-1.7764825785533505
516269,1.1133128194931974,-0.8230976129047001
516273,0.13430097581171124,-1.6078012530397328
516282,-0.3906268986125873,-1.726935556707701
516283,10.613570427547366,9.464926415323168
516287,2.4624927288967364,3.1464998144111984
516290,1.0273384444863773,-0.7772408689824883
516296,0.5201578843989686,-0.5838057405081106
516301,3.4297856552763752,4.14642037211712
516340,-3.9864918446782864,0.6946944061365988
516351,0.7239996747651914,-1.7128354858185695
516368,-0.25690606266196114,4.6201748559334614
516375,2.2050891393227547,0.7059362755452934
516418,0.2609669089135002,0.11634383040028275
516420,-1.8881508055363787,-1.5559546731176126
516433,-4.846920872774699,1.6554870744479733
516456,0.6702715483527583,-1.3296378352423626
516507,1.0002657344426913,0.04521991498771122
516516,-0.5011153445080632,-0.12799935630312165
516528,2.5661281981538515,-0.9368078914356126
516543,1.1800489025850098,-0.8830854519830333
516556,-1.1715427573698725,-0.47321833393928303
516561,-0.02488611187703124,-0.6257164640158954
516571,-1.909911710879599,-1.2350872212984965
516578,1.9071102630754453,-1.144562977336793
516579,-0.19498465767567108,-0.6909719006099476
516583,-4.828488392571616,0.738847740826144
516590,-1.951223153898157,0.4938458283237699
516593,3.5638734373369796,0.7068528905184921
516594,1.6999822236797342,-1.4283789903222708
516614,0.8427040651797656,-0.40096235780066114
516616,2.6262943919352923,-0.680745769326377
516620,-5.33844301250281,1.441483886030572
516639,1.3884353978909363,-2.17967111322393
516647,1.4904942398551992,-1.3320687089518681
516679,3.1458157694611995,3.6725523794325605
516680,-5.537958835423828,0.6850126567546633
516682,-2.6745685952915923,0.1747834022094816
516694,1.1616711909180752,1.1316220883362678
516697,-3.072146633728642,0.2077548067848296
516704,0.9947184203264452,-1.8103419218188503
516732,0.6799159476998304,-1.3613312239118953
516739,0.16171569218421067,-0.7671826271114622
516744,-4.014777785972555,1.1992141090779307
516763,-0.4751611782673501,-0.9492273744237915
516765,-5.57997074057467,1.979885797949108
516789,2.4026971318386185,-0.47339254396839664
516798,-0.9392872865170897,-0.3954869995688614
516806,6.683682971737525,2.2847251326288887
516808,0.7711117271200235,0.11122839555605421
516827,1.7819774485741047,-1.3071385665992683
516833,-0.02148079302918442,1.422342236645393
516841,-0.8992441278665673,2.0265940117911345
516862,-2.7475931132098865,0.6961105095458485
516933,-4.4401595660126345,1.3500243102881222
516939,-1.4010115408701291,0.2102974661055933
516965,1.2337471253597077,-0.6477880451510264
516967,-5.408530311898688,1.0670220684298495
516972,0.47238683128350295,-1.1388218287839487
517033,-2.81662189753954,1.881452334245408
517061,2.588569848738137,-2.7967974378987193
517064,-0.6989069606117903,0.9763220331222559
517076,1.0767159381174558,0.14994873826308353
517105,1.0456102563787295,-0.9987615386046979
517119,1.5768678216266734,-1.3775876767820554
517131,2.6713033056737476,4.530722526051082
517142,-0.8631507175969102,-1.4718861867926314
517143,-3.1971221703687784,-0.050663603474500225
517150,3.2021957146408604,0.1278112728600643
517158,0.7339675056704832,-2.2247514545606517
517205,0.6216274764345456,-0.30705895672268346
517212,2.5042907317181906,-2.5518029917431844
517219,-5.805785339645495,2.8902499609445345
517231,-1.8329661029614348,-0.328449070469332
517284,2.530935688428639,0.7078538127810902
517324,-4.107193861832163,0.3515664984262279
517330,-0.5781124751954503,-0.7982265679345651
517356,3.247899708322411,1.4322262520773907
517370,-0.08708462605614582,-1.8814415674834704
517392,4.585972175276195,1.8581827783705622
517393,-1.2998697173595795,-0.27907747116566495
517397,1.681352861132163,-0.7850932932325743
517403,0.9585519693942978,-2.1000187853553096
517415,-2.3522206244645747,0.5872609112914714
517438,1.6822164272047637,-1.3345912410649157
517445,-0.6324957002075086,-1.6616954393468948
517467,-2.572745640433528,-0.2665571381104638
517486,0.19200777390750512,-2.2562521286304906
517491,2.698634176898218,-2.87333470732641
517543,-5.159347460698914,0.6126231546502372
517545,-0.9684957985249886,-0.9900730125518014
517548,-0.034818652601945554,-1.9865328723896896
517549,3.3464361092034824,-1.489123494449817
517571,-0.7493184665143949,-0.5404794481533964
517579,-1.629095912056276,0.7368255620539637
517581,1.7242156077231794,0.7500277393140987
517596,1.7837152016770785,-2.1508695743788415
517622,-6.158294898845503,2.506738729505779
517633,1.9745493847631332,0.3738241225506398
517653,0.08986690030994207,-1.5517621704843434
517674,0.8010073922770771,1.0451993137008044
517675,2.392543360458597,0.9981419547445135
517676,0.8871066178289847,0.36364683897007904
517700,1.5224804684919406,-0.9288907728031714
517715,1.2076690637443694,-0.7008967634580843
517732,-1.0542645561564912,-0.3829487094358676
517735,1.0558085436378246,-0.3133183657903541
517739,-0.599607152885407,0.15571577608815193
517743,0.6375013767341433,-0.3717723550516764
517772,5.764301515381333,2.3232419004597036
517776,0.6120416224974531,-1.7379859223250347
517787,0.6664759448165032,2.946360091071749
517803,1.0917646812513964,-0.9806446045139235
517819,-0.9682373764479626,0.19029821728046845
517825,0.9981821580353124,-2.36556935456907
517839,0.617330440856933,-1.065879431835689
517847,0.8101399799389136,-1.09236146370048
517871,-1.3516214646570865,0.08889345375277444
517894,1.0612770268905012,-1.45171112906636
517898,0.5287547304688998,4.288461982861831
517925,4.264198071757514,3.1564576368717465
517931,0.8737974233643242,-0.6977452179410173
517961,3.7370472715813334,3.69716275336201
517967,-0.4380914190428287,-1.3936031055131721
517968,0.34767985330032813,-1.7026681756084823
518012,-0.8712359332435508,-0.7548363187282774
518015,3.3584943228795003,-0.42112061982984406
518041,-3.910595813434542,0.831757991808631
518044,-0.020124811843657126,-2.5436664642576234
518074,-0.7996340817480732,0.006501952729258208
518084,1.494942366026773,2.4110735404011994
518092,1.0748787914041444,-1.150187989231059
518121,1.0231114617919315,0.42794874611562483
518127,1.3518628338398622,0.38589131339032345
518135,2.050130748518242,4.280351775840137
518191,2.068863013907643,1.7110766970233484
518196,-1.2184242689614044,-1.1135903008733499
518211,1.1977756782940152,-2.2379129560682838
518219,-0.5798090728801053,-0.24577448558562312
518281,1.3849019744025288,-1.4748851521996593
518324,1.554347137268927,-0.8097463709655858
518334,-1.0762316716576772,-0.03024011016646661
518338,2.0304517281122645,0.46673382878878883
518347,1.113766311021639,-2.4125381081840027
518348,-1.128150384671754,0.3421670324711173
518354,-6.022729714834201,1.8333600257335974
518372,-0.23167708100890705,0.4381591625995186
518393,-0.36725654091823023,-1.3139738732529473
518406,0.7200386092679111,-2.2044752696947167
518416,2.318819948949333,-0.2775800599047063
518422,-3.3288630577801452,0.06207279412811792
518443,-0.9748320317801097,-1.20510034011315
518450,-3.0311176813688983,-1.373955918272921
518480,1.4719879806589562,-1.4092557323255441
518495,1.85247062177197,2.058232001715849
518516,1.6515950313344971,-2.109574099360291
518526,3.1981499532593363,-1.3966504573370093
518527,3.2508086678035877,0.2547182264408118
518533,-1.044729652454929,-0.35362058478728414
518535,0.12172802056438523,-1.0101162479274508
518541,0.21702107185674646,-0.8131632879082448
518567,-2.0644567805834013,0.6281113562839198
518579,-0.35601750570108615,-1.8603917072228568
518582,3.390133958044869,0.5969913268719703
518585,0.8887806976465172,-1.2323154324581036
518612,2.6865413390647443,-1.5772560008676444
518628,-4.9511470035686385,-0.18326792768404754
518629,3.3153267429233986,0.41333808218592677
518639,-2.3977647998251235,0.31584605939583815
518642,-3.5064423308427197,-0.7949410712899337
518645,-5.932358391093276,1.8382507921969227
518694,-0.4625301326132547,-0.2919843770996645
518696,-3.160466276434751,1.5895454573366303
518711,-0.6271267518419329,-1.2974471707370387
518716,-0.10742165437266142,-0.5806250427308399
518722,1.0311594794164587,-1.1848646770764237
518726,-4.7144189359821445,1.7696159686944226
518735,-3.439097619200018,0.24190024184068462
518743,1.4445969093455522,0.19032087213615226
518747,0.4053160137749817,-0.9007594297701911
518751,0.7224059870071499,0.2708408754493718
518756,2.3498909448010283,0.9239192151266061
518826,-0.7414648748554559,-1.2211467658571145
518827,1.8206181321108563,-0.6200999790264178
518865,0.3795729545435577,-0.6049249477212045
518866,0.6883630202620018,-1.6996391127900718
518867,-0.6200975050506503,-0.16459827373532282
518870,-0.5751965780476188,-0.3706260281642729
518894,-0.43704740199088266,-0.20928617966716173
518896,8.17037643059127,5.414874174297933
518907,1.477902152851267,-1.0463445057886562
518922,-3.3201780524936715,-0.6826344973072229
518925,-3.2258760169237286,0.7668680168039255
518931,-5.952467675426177,2.3808422309854023
518954,0.5337152699356528,-0.6531783384477534
518956,-0.7406426806444402,-1.1244359482593345
518963,-0.5143313441233206,0.17266247401367418
518971,-0.42207116412016915,-0.22381847405517039
518998,0.19937389107937875,-1.1510126348877225
519014,-0.2768645569776068,-0.8339951377871502
519059,-0.34425053214941015,0.1505150090190377
519079,1.7376329247321256,-1.0908600828304111
519089,0.4986663770951724,0.6296634722963882
519091,-0.46775362523171266,-0.5809279801428903
519096,-0.02908317927764603,0.30425449798616916
519114,1.8826954573256915,-0.7207359231732288
519117,2.486641114644677,-1.054013794853232
519137,1.0551736012685786,-1.2314024657069638
519140,1.877513338251331,-1.9804685587169788
519171,0.01361284163935357,-0.6624837157383121
519191,-3.3374405878396423,2.143514569947034
519205,-0.044298318081103044,-1.487506443212657
519210,-0.3348522724124073,-1.9391689643544745
519211,1.4142654759840387,-0.5186762065782153
519248,1.9539016602153165,3.056845983317812
519254,3.472608294617849,-0.7079553299272896
519260,-1.1479254002150263,0.3296288739930994
519267,-1.1906847449346447,-1.5670444912209534
519285,0.31566154253695206,-0.5157723557509294
519312,-5.4046475735758985,0.021618993231124442
519313,-1.4745151464217505,-0.678877814354475
519335,-3.013431574045043,-1.3525232068626607
519348,0.719233221384003,-1.1774077952263076
519353,-3.620948269527754,-0.9116324486419092
519357,1.94632692029336,-1.5657541130589279
519368,-3.002793918925627,0.4979303248794179
519383,2.992273136716784,4.11513414772644
519392,-0.668502270769111,-1.1901770654945754
519393,-0.6624612895234613,-2.0014504099757455
519406,-5.56967893117528,1.7451019588781562
519412,-0.6202433585830465,-0.7129383081657564
519419,-1.1276630124519538,0.09581394418380919
519430,-0.05694869817093388,1.0788853816307273
519446,1.3473898144418182,-2.050568577059885
519469,2.3534392756001217,4.11758562830234
519515,0.9439830515502544,-1.6629730467665746
519529,-1.454876131205433,-0.6017497359887503
519532,0.1565497204402149,-1.280389878798601
519541,-0.19988349656752977,-1.8049284769411384
519548,-5.546009077929106,1.0833724031757699
519554,1.0891010124288094,-0.3394634065921428
519561,-5.394169858137309,-0.26020583255272844
519595,0.7273253085637099,-1.2955372234018745
519596,0.12926472402738612,-1.4350111347220542
519604,0.9326343580021155,-1.4212412805581878
519626,1.3781045982275688,-1.225975091227478
519631,3.0408528692755596,-1.5414807353761693
519664,1.0988522878345823,-0.6234070151216068
519687,-5.488958375215309,1.668402448982851
519694,0.7135232202362817,-0.19023123637010753
519695,-0.06775638143964065,-0.7236943918172993
519706,-3.524545011058086,-0.4413222750525623
519709,1.8121134880206617,1.7950076337187764
519718,3.154038489689413,1.3704521112894454
519722,-2.477842576072585,-0.8761081892533434
519725,-1.687436689522699,-1.4570546865305596
519726,-0.0918220290163989,-1.7934733479433476
519747,5.470562539200146,1.5288177203832451
519769,0.8687411632475226,-1.7364705386184769
519774,0.39056748213721515,-1.033642388325807
519787,-0.6460581568244156,5.087332193502449
519799,1.4966082329707087,0.05147474954068706
519846,1.4902133463783778,-1.9773517181012032
519848,1.7426772969606523,-0.8645113651891375
519853,-0.7527083092442929,-0.629411104557465
519859,3.507890827170619,-0.14923299813075352
519885,-0.3128540680937316,-0.05376332059401186
519888,1.1552940927700686,-0.7901850851143731
519893,0.8788987100583857,-1.6551533195803287
519896,4.549672266187855,2.060893824161129
519897,-5.81231488926892,2.170407212001548
519905,0.939768660713999,-1.3632628987395365
519911,3.6118682017477632,-1.1417340754122516
519912,1.6456422281783092,-1.4475292052386954
519943,-5.563219859797811,0.46886101439933875
519955,-0.25170094032515183,0.2617204634091285
519957,0.1257646648195653,-0.8317696190790543
519961,0.08597918838310081,-0.3644489273487722
519965,1.3491247968372877,-0.6083527075752803
519982,-1.415268615338742,6.460067139604894
520054,-1.1366657573281562,0.43617907435385966
520063,-0.7086789165756131,-1.1346284423675652
520097,0.6738646131061881,-1.1251841530695144
520106,-1.0553407779985444,0.2205269195241327
520141,0.4463672782842303,-0.9121860510636707
520152,1.7380827247632105,-2.018704620872251
520170,-2.308109909983406,0.2329854356067013
520175,0.9192212889605423,-0.3946133437593642
520177,2.2872330799115037,-1.764750637522359
520182,0.7622067157878212,-1.2495038724798975
520188,-0.9644623780828296,0.38659310368037914
520193,0.7797883533201841,-1.6045798231091288
520225,2.5154842442660748,-1.775588120119729
520244,0.26572270007464466,-0.943800057875822
520248,1.8587289687652524,-1.3720196614244382
520250,1.6310294104773644,-1.8112054880240867
520256,1.1766184282273489,-1.5763457378149628
520265,2.933057259158872,-1.5981864672290595
520277,-0.2689929129751324,-0.4599166766215196
520291,1.754820414818897,0.8898477012085987
520298,-0.30857330897547075,-0.07693639312376263
520307,0.907488681076061,-0.7214193534714614
520311,-0.4903493070459252,-1.8205117533852686
520314,-3.3284649015870422,1.2580734856013776
520327,-0.8614566881796344,0.2317780015201947
520358,0.8796710905482928,-2.1214781961511413
520373,1.3747046624919403,-1.8031729604079727
520397,2.6097914797794153,1.5783579597604875
520405,-2.6392518137507834,-0.06321413152823344
520411,0.3242959769434972,-0.7160717056359347
520422,-0.9732029151384197,0.6660655326098723
520429,3.4114312673521665,2.775617381061383
520436,2.8787504632765066,-2.1297722832640713
520440,-5.630024437782055,1.3554526752535492
520480,-0.0961011351483149,0.48480767800168817
520491,1.2949394427936167,-2.3527040147314544
520497,0.12748982577756948,-0.420794606143928
520527,-0.30739019501326387,-0.04321193241959169
520530,1.7052805174799288,-0.8144688635504206
520532,1.8781918498727839,-1.3791549500615572
520539,6.69596838226721,3.4487178647432546
520556,1.0786766305342261,-0.03543244436725461
520558,-0.8217663217713657,0.2644748030805556
520561,-5.56876664260086,2.2159317690217946
520603,-5.4551728749759265,1.1817173342469205
520619,0.04407919044199433,-1.7488758893405036
520680,0.024896744806542154,-1.131108091581025
520696,2.0805652023894936,3.242597014106326
520708,0.12170874348381244,-1.3023341124209653
520719,2.009186714796225,0.021034610219465604
520733,0.9963786079324105,-0.7449657641422956
520745,0.4498668308560503,-0.572433876176604
520762,-1.1923597606563083,0.24797941525044542
520770,0.08900935915059315,-1.0924944911546501
520771,-2.7728597938664588,-1.4657031999729142
520780,-5.378419896761503,0.37473892007633697
520783,-0.17713254202957682,-1.2587353286366474
520804,-0.03048884460162984,-1.285100507329797
520819,0.896432192651147,-1.2202562145298403
520821,0.4782521380524945,-0.5169712300405949
520844,-1.8801672798740037,0.2716337870306384
520851,3.062862381135707,-2.304438234985856
520861,3.630201724979809,3.1229475830746076
520877,1.166458330958338,-1.457583612864579
520878,0.6987508257296943,-0.8243345095485503
520882,-4.117169230475427,0.907339089341919
520885,6.359801733630848,4.762462354450991
520898,1.3303957276273335,-0.9113556122188748
520902,1.373067580734061,-1.357363185419272
520920,-2.8794273525194103,-0.3380495792753421
520934,-0.6177443246112689,-1.068451985617842
520947,2.560333623981882,5.2095550509230355
520959,-0.9931893802499433,-0.5723094807655066
521000,0.8413573968658448,-0.6089731535518301
521004,1.1238412705371896,-1.9143519568587584
521009,-3.395138571455494,0.2149070720337743
521031,3.059830529668252,-1.42813095824298
521033,2.1880189645269406,-1.2139788329041943
521044,1.3423454847454617,-0.5875199158643124
521060,1.6586087900280333,-0.9098330717146158
521062,-5.556188579826924,0.9692806551944281
521065,3.4970612625642525,4.646465299305446
521066,1.6763350875835294,-1.437292846439213
521070,3.6204488387417517,-1.0807327881286903
521109,0.5614472364118686,0.27804750072152234
521127,1.9721859466909448,-0.8490993344324816
521152,2.9654789859629496,-0.8874283833638065
521170,1.6703537940463664,-0.28334279174982124
521185,0.7396120620869411,-1.8886813332742076
521186,2.355927796720891,-0.5169065258427119
521187,-5.840420140620682,0.5009331338800331
521192,-0.6982434253272618,0.7850375851239534
521201,-1.0628122336612864,-1.6032058738964643
521211,-3.4644753733481135,1.1232150673956134
521212,4.584724067922701,2.4311313240781987
521235,3.324989252671007,1.6237871059211235
521250,-1.1998933079704062,1.3546456883028801
521259,-0.4477816805579424,0.32747556551877005
521282,-0.8386517470017691,0.712824923155075
521286,-1.5799723978487414,-0.12337390763318899
521293,2.5542409978343668,-0.27320944422972193
521295,0.6385865422496985,-0.7629573118317033
521298,0.7891372821739968,0.7344668436797146
521309,-0.1928141588224487,-1.1607427302044133
521316,0.9608866480266418,0.35552080138408565
521331,1.0717555372435552,2.714633808589989
521335,2.039573844491457,2.9681630702436257
521343,0.804777104230602,-0.08153851627191255
521379,-0.12378340908103151,-1.7277137775117473
521392,-0.2894323103686825,-1.3430743590063277
521404,1.5089551641101904,-1.368765287996519
521408,1.546735452489295,0.12197106912968651
521416,0.28541026907589406,-1.8367040579109335
521434,1.3640966920977042,-1.3095367866926275
521462,0.05834024371874394,-0.8015193547756353
521474,-2.129004845088867,0.686848856408498
521491,4.896337711680129,5.908270488003905
521509,2.514035524775028,-1.163576925718173
521510,0.08434916961378484,-1.9178025617710228
521514,0.25256031974132004,1.4247541635872858
521587,0.5433427180076712,-1.0544141265177251
521607,0.8753929675781396,0.3484648306643285
521609,1.162740972686234,-0.6606623453749509
521642,-3.1385376383863655,-0.7852282649279894
521657,-0.3217491317026318,-0.006442967929870346
521658,1.5817875996569337,-1.9752325650066265
521663,-5.728288306176981,2.3537155544392157
521695,1.0433465901522399,-1.7760274830918348
521708,1.4594579598414072,-1.1915004176758286
521719,-1.7152954175187303,0.8781167226988601
521720,2.5551100268166578,-0.8063352980246665
521743,3.203336809125611,-1.9375849783540844
521748,0.41897587455288454,-0.7669874664110118
521768,0.17817658786485965,-1.6952364606689134
521785,-1.3678493650342511,0.23272481581836668
521814,3.106559659489529,-2.2728754476372264
521818,2.267416173041081,5.2205652143374
521859,2.1086902831144263,-1.8818661099346428
521865,2.362979931821442,-1.0666082749347572
521883,-0.8087006811938816,0.5880833472501407
521884,0.0372106940549607,-1.0090780889822275
521885,0.13715454493799673,-2.106844353399966
521904,-1.4596506304680763,-0.5964887950567086
521921,-0.6679717451093159,-1.5320607728200668
521925,1.5478254527131974,-0.5544733975231936
521941,-0.06746074809546714,-0.06590823537149933
521943,0.9203603520125802,-1.4379732472731843
521956,1.0345829674796407,-0.3151142458395765
521963,-2.360948156832364,0.14816739930798392
521986,-0.6554297182566267,-1.729984730343331
521992,1.8420495570140345,-0.5415767548742819
521997,-0.38058148059341956,-0.2626277159531276
522001,-5.818778521415058,1.4605276225207986
522005,1.6599238528173088,-1.6844542876536828
522062,1.0630634406882655,-1.9231510427953118
522086,0.7331276974034983,-0.8034550489352446
522111,0.41343642462677627,4.768688656203995
522112,-0.10564297293539864,-1.1206137438918715
522115,4.797385312002436,2.405172805678487
522118,-0.09578161080347428,-2.276387385063916
522134,-5.762694755187263,1.7121260038803057
522152,3.2935305504259307,4.270735673883504
522171,2.050282471465996,1.4834432423209112
522179,0.64236626196877,-0.4588262775017408
522184,-5.176798388079149,1.8207251050526798
522201,-3.0453814963809234,-1.3565557079190342
522223,2.7649869452639044,-1.865136502333266
522233,4.990552179495962,2.8291254651025857
522237,0.0008501167752508598,0.4891066959537291
522263,-0.2048288459278137,1.6430452098957324
522265,1.329658558332657,-1.3097094925524209
522276,0.16412039894791705,-1.6215128820618456
522286,-0.17799266449593856,-1.628036786789978
522315,-1.5636827281525594,0.7543739431007339
522323,1.069895109671134,-1.2355590935768705
522364,0.251845411680672,-0.13661498681686665
522373,-0.7748013664682978,-0.4832478712894285
522375,1.0109164743090422,-1.289412246704574
522387,-3.9968106088275013,1.0423241126317706
522402,-0.09654983682526518,-0.9190525834895018
522420,1.9862396083238267,5.350582648879504
522426,1.4142150077039881,-1.9145089876381922
522427,0.141737379140932,0.5628590257340103
522438,3.0199547270665086,-2.119812427989782
522441,0.052022653131691673,-0.06657850825355875
522445,-0.4910877261259651,-1.3099586739423323
522457,3.328530917332779,-0.0317286395478465
522465,-1.4957305456037884,-1.1910406013278625
522476,1.8754650913690194,-2.0674429827167935
522484,3.7954870875146027,-1.405121501864813
522513,0.8049867471287895,-0.9508070764515507
522523,-1.4690457869966944,-0.2372512910015982
522532,0.6587324841957019,-0.8011566176341103
522533,0.2542318083399191,1.4452536651336252
522585,0.31725417761859886,-0.986678771678478
522607,0.30845051796070005,-1.4540635316627908
522624,-3.285903305639436,0.8654716717776075
522631,-1.6398206193233966,-0.6493848107680017
522633,0.7500104715952165,-1.2609753026061086
522634,1.45831387428354,0.36626006305816405
522639,0.8889649316726123,1.7849717581126148
522654,0.827315820999229,0.2720697004670792
522687,1.595721372130425,-0.3532230076655923
522738,1.9753098700535885,1.6551767539768256
522745,0.4429093119606424,-1.715928117744563
522748,0.9125464829376905,-0.7915862407448989
522761,3.6203574594731163,3.458103624964954
522788,-2.4327190922509256,-1.0936210489676035
522800,1.2971977183718688,-0.4448108157508905
522809,0.13299609570694637,-1.1650154008671751
522873,-4.233116329623812,0.8925178625364103
522898,2.915633875286884,1.3692650397852382
522911,-5.2354432283859325,0.3704923602738343
522927,-0.8340142005174127,1.3033104428119795
522937,3.0500602916103876,-0.7294726443090226
522939,0.08661515172869577,-0.820434809790104
522943,-3.135628815605998,-0.0693931089224228
522944,-0.3571460389828858,-1.740608197819675
522970,3.0766548536924736,-1.3495089681113428
522981,2.1340583050954725,0.09203714733161031
522999,-0.42678346841517084,-1.104927035895588
523030,-2.658019430970134,-0.09051364693961542
523057,-5.497759826553785,0.5084420076098416
523073,-1.3003186704016316,-0.7448647850636805
523077,-0.318401612450306,0.3284326219648612
523090,-0.21860315670107594,-0.26399852941283514
523098,0.6241744457309284,-0.45280432434811246
523146,3.8998245838797923,-0.1060250223230616
523158,1.2292323203810567,-0.6247360224036379
523209,2.0565410222411233,-1.7104437483073074
523228,0.726995994264924,-0.4913415776306215
523231,1.797876748341451,-0.7765107468977097
523256,0.07951758420055535,0.027153639877059953
523271,0.6221741342004594,-0.914046315044401
523273,-2.9938823199850546,-1.5190494738360014
523290,-0.768980752299498,-0.7597366871140471
523299,2.675374664020744,3.431237997614952
523301,1.1767751042327361,-1.5707078710235058
523335,0.39997950147162664,0.17522605015793416
523338,3.5497311372268876,-0.4555098840107448
523392,0.10657966788875593,-1.0879786301804533
523395,0.8942514127049866,0.38377124193192286
523442,1.7946552166536809,-1.9541642170677411
523454,1.9023317266695188,-1.0468968806623828
523465,0.5024865193101012,-1.4861868911631009
523474,1.6387630119984529,-1.2731835021863
523484,0.41933383839325455,-1.3275944708029974
523503,-4.054446892083694,1.0398314507202937
523505,1.2026824306304154,-1.3100063108578903
523511,-1.076586222469706,3.628487038190995
523513,2.63575326846815,-0.570640604332242
523517,0.27957070565565517,0.3711522980510785
523526,-1.3747727550555693,-0.07478402297736203
523546,-1.2107983613498217,-1.2099096842207202
523559,0.7473564435602099,-0.8495930379993425
523612,0.8454844281868196,-2.52238913695842
523619,0.1428258816737604,-0.6242847765413589
523657,-0.7526294287402954,-0.7814151866563327
523666,2.001695720441048,-0.9307910202590974
523686,0.14907024947946543,-0.8243875689048801
523690,0.7403603790615366,-0.5752394031887466
523700,-0.5916612476828564,0.22490472296054762
523710,1.0480699745976723,-0.26505512843073353
523715,2.3739319785386614,2.818377060707799
523717,2.7486437267292727,-1.7491358944375743
523729,-3.505431490030819,-0.3970179185600509
523735,1.6749567792121605,-1.4176676267702897
523746,-1.5758969202547317,0.29307088080985566
523756,1.4881393517231232,-0.129081279066563
523768,3.0952626515153496,2.656248723987869
523771,0.22354454886809572,-0.03342469565634168
523787,-1.784837103359334,-1.2299347352318866
523800,-0.4678610194214995,-0.37300759888658896
523807,0.4190987359144312,-1.218755702969883
523819,0.7247180867051827,-1.6933984513534064
523824,-1.0481990165363329,1.1288094059566618
523841,0.9784539245915818,-1.6342016130351749
523842,1.2824555276580216,-1.067927164458649
523845,1.5537501502293214,-1.6451719874193205
523846,-1.3005482642425172,-0.003612386127363915
523860,-0.1505997544218908,-1.3040876210876073
523866,-0.915987329873115,0.33300008274832743
523877,1.4387149625216291,-2.271459942444011
523887,-3.4532774085123066,1.1867071384538443
523913,0.5784925495779468,-0.8274217244109299
523938,-0.5829867936852094,0.24029088926498862
523981,1.15647638892092,-2.126951064657336
524001,1.335119639228466,-1.4908404467215577
524012,1.2292926755392994,-1.3442647234773875
524031,0.7505215446623131,-0.43120715811829996
524036,-0.859387637284687,0.5710261626229122
524038,0.9563269366782207,-1.5204034464851186
524043,3.0816193683760735,-0.8552888387895292
524046,7.134288544491232,3.0211255007442746
524052,1.0121078309804428,0.4933102964375379
524057,-3.6559258363818095,-1.3883539807142962
524076,-0.022570238082697255,-1.8852027659096302
524080,0.9058746399239768,0.015994746396909565
524098,-5.22409062993735,1.313137813366081
524116,1.9974669467478408,-1.733659952432062
524120,2.6220542609326203,-0.19696420786070656
524151,-0.9038897092863976,0.67926429654293
524167,2.6650637205713292,-1.0716389266375508
524169,0.09492438679007172,-1.7510035586010857
524172,-6.231930063602091,2.063062575410823
524180,3.412969443659422,-0.5231745690124338
524194,4.423275329725594,6.204579407859929
524200,2.9736284538875672,0.8989503111547533
524211,-0.1669729030775117,0.5766535368415616
524214,-3.144184947516776,-0.296679162384108
524226,1.6827909936458418,-1.431274785128764
524244,-0.018840046491420823,0.3791488564558981
524251,1.1781854463023567,-1.0701372019106725
524278,-1.2359255434521883,-0.7125211061187786
524313,3.288265340417537,-0.12370001748416254
524318,-5.331881349390653,2.1580634107109162
524328,0.042641133925495116,-0.3072566948179762
524358,1.4650340055861857,2.309696480043355
524365,2.434852405003033,-2.15330061401106
524383,-1.5605399266390956,-0.18584692562784658
524407,1.7662794473135688,-0.9567374515542076
524412,1.748630994684293,-1.6239962124089211
524419,-1.0351619433294448,-1.270551242876085
524448,2.1836072593396647,3.1101528075937956
524473,0.20853624261499862,-0.9941305534192054
524484,-4.617355103302828,2.674708050773479
524511,0.7714372301243209,-0.558809169122415
524572,0.20831388662136213,-1.1470562600548286
524606,-3.339462268290158,2.5888809204755567
524607,1.163157395634843,-0.80170733296313
524615,1.12742034929599,-0.8088286371420766
524620,0.1830849699970506,-0.24477620666570724
524628,0.607321625016331,-1.8689750955028486
524637,0.37831258067339574,0.33953299827048666
524644,1.9114402827582528,0.6274232307110968
524650,-0.5070635411613857,-0.4362412678271647
524663,-1.071911779261881,0.1950576807274151
524668,1.637197056981654,-2.0443502672397096
524682,0.5592214755063206,-1.133921468226878
524722,0.9306727231556118,-1.356682638967891
524728,-3.7086310586770446,0.45846381707177525
524739,-1.2552331729694357,0.8876316671797753
524766,-0.3983958365371315,0.08663133671070362
524797,-5.365710500574398,1.035104348379414
524805,-0.34566588996295805,-0.42133243625572214
524807,-0.14720916924838393,-0.40966978595908976
524821,5.223811147741,6.671875880778182
524834,0.3277686770332358,-0.3946207466160246
524842,-3.1628500143859006,1.241442197419568
524849,0.8216916306381867,-0.3410815833660616
524861,0.4299075802276491,-0.8387942551844777
524880,-4.930818273791409,0.20053628112722702
524885,-4.830027822738136,1.6149117314424701
524895,1.0606709412452822,-1.0332365159172492
524909,0.4767829373428827,-1.6194335855014106
524913,-3.8187269890359925,1.2262703571096425
524923,-2.2417218077333327,0.3946620137956242
524926,1.5880181857521085,-0.5446255097105104
524929,2.0769782071763796,-1.1263378579477845
524940,-3.3422565999290392,0.02454162610226408
524980,3.0023384925243133,2.565689503386644
525022,1.5418792236343046,4.001346524176823
525034,-0.4725049799799807,-0.6893535528730174
525043,0.5163907159836342,-0.5300544578969646
525053,0.6571149724655481,-1.0189832233163583
525056,2.1481080633173337,0.3477774962167362
525081,0.16659660047562302,-1.7623986005072096
525089,1.8573812434038657,-1.403765536419814
525102,4.042009272932847,0.7025683639541402
525106,-0.7679866186846696,0.9198747262005271
525168,-0.27716394399450134,-1.9980006983717005
525175,-3.3017017823430126,-0.3936568125750294
525176,-2.1055922827905826,-0.06835469946604412
525201,0.9312888324829862,-2.2241921654519268
525212,-0.6675391351077398,0.9644607970721794
525227,1.972200831489906,-1.323609136922987
525234,6.798420371876026,6.163544821448575
525244,-0.9518060157493948,0.7980573641822414
525265,0.8541983293527874,-0.9624160735905941
525281,2.426794417818756,-0.20526504899555884
525308,-2.1359081120078813,-0.9961002991630493
525323,0.5947693490894587,0.19589592390074004
525332,7.002670085686725,4.258952020171422
525356,2.0206560521466392,-1.6926448135848842
525377,-6.104330044395737,1.865955176291448
525379,-5.693575240362603,3.1753463483423006
525389,-0.23880776521608457,-0.449554475790427
525405,-1.2885944008778818,-0.22171114596843672
525410,0.6133904568707291,-0.5751896926722143
525415,0.7528161973850406,-0.226916527338935
525447,2.9554683106991186,1.375906723043475
525488,1.9777730648547112,4.085535062267984
525515,2.123151294117881,-0.12553544304464734
525529,3.658024260047232,-0.294097274929608
525546,3.045774037092772,-1.8174628440264224
525555,1.510275667759535,0.43037886480894183
525591,-0.004956906715693259,-0.6525904134063166
525610,3.5552927747815013,1.9522334548353668
525611,2.347187488013761,-1.454340807699443
525615,1.4656639903621047,-0.6398181199573401
525631,2.555149322842918,4.727837486044101
525647,-5.692643148506192,0.6146765235142784
525671,1.4636797807452524,-0.4911816591993601
525684,1.7195600635421022,-0.9398915368517663
525716,1.4919435553770874,-0.8736809484567184
525722,1.608677097126852,-0.8962105866385685
525734,-0.8130072663107171,-0.3355782813237819
525761,-3.4810851768792648,0.8648152189577559
525769,2.4801910835027106,-0.22389199266413506
525789,0.3390019590092231,-0.9957517436433058
525804,-0.3532753739850754,-1.3387911072475722
525806,0.16551425631942077,0.3112083482588786
525824,1.589090621201155,-0.10367059161902231
525842,0.4616811855056622,-1.465348608785907
525844,4.343348178616136,4.827137167718809
525848,-3.4611669178986126,-0.071049573967245
525864,-1.077243756268937,-1.4106754626304656
525879,2.3697357271350863,-1.630035699584807
525920,-0.282563360388797,-1.5139697484798182
525975,1.1765360451833697,-1.6987810486475703
525996,2.6717350850434736,-0.7072694563153019
526032,-5.365274987121715,0.8134809342622585
526036,-5.499482077295272,0.8800702279244218
526062,3.5445439907077314,-0.27785266269238595
526079,-0.16594656610286002,-1.1907510351716852
526084,0.3318851202709174,-1.3130372315215264
526102,2.50209966091429,-0.5893188078092092
526144,2.9366048447343287,-1.012010795671973
526154,0.8420974554911715,-1.7818487091368804
526174,-0.7560940836855413,-0.6620263877507265
526179,2.084230310055149,-1.8366596828354582
526184,-3.4945789382321846,0.6280713621266866
526203,3.567146992886734,2.5491871002282873
526206,-1.491274227576432,1.2130894130503194
526221,-0.20402503758870846,0.03779999261817428
526235,0.5530620691087825,-1.0974631722322314
526239,0.09352900420597993,-0.35770772426014086
526256,2.5216727051146193,-2.024488597836053
526258,1.1916902167851962,-1.4298410111480426
526291,-5.756335664267679,2.4707903613502498
526297,1.6068897337423058,-1.5895421605580622
526303,-3.094524362768702,1.7547101703555785
526308,4.259058762551087,2.8834255755856533
526332,2.8641202044266296,2.4299897276243656
526354,3.3307192429146584,-0.9786036116839597
526365,0.8063074428066064,0.16917223793728048
526367,1.2715807806231658,-1.1070246450123005
526372,0.6435393122251148,-1.334065357883704
526378,1.8850342261918978,-1.121088606223282
526409,0.9638376620829934,-1.8627961573526555
526431,1.6367936963081537,-0.3625609656108448
526435,-5.474013017996255,0.8796440126607646
526443,-3.7005753909860117,-0.1016986214551924
526445,-0.07594639377676247,-0.7799669869462185
526471,3.9756476111209538,-0.6782328173693175
526490,-1.9608321225800873,-0.9806658775752948
526492,0.8462829324217829,-1.1033922307607438
526495,-0.8671005696030173,-0.6424723541117969
526540,1.9166786602312933,-1.2231093311055572
526565,-0.48964198682578897,0.4532413481767349
526570,4.9812912463105405,1.3673741818883338
526628,2.0147713373019878,-2.067719282859083
526668,0.8625392197861751,-1.6421935969639778
526676,2.663210837107553,4.961723029217904
526683,1.4212049335562762,-1.182710409718135
526690,0.35971347049057695,1.2597015394229756
526711,-0.35508607917436646,1.0625706561932833
526727,1.5886245260247434,3.185477720899687
526729,1.996397611369315,-1.0013932464664848
526740,-5.660749562307139,1.6717869170326154
526759,-0.3568399889384992,-1.3788737449287032
526782,-0.35437651761796807,0.02420301541427102
526789,-0.7206214867144756,-0.15920545628791666
526837,8.665258675349492,5.831105043266647
526855,0.00968764968895094,-0.2529669628201491
526858,-4.865070100871027,-0.06320915375975654
526867,1.2903831581772096,-1.0932328271768206
526872,-3.1132137662975845,-0.10213309979617317
526873,0.8189812290316117,0.3583773116197578
526900,0.016382036441425905,-1.6757454955119317
526901,2.0760112904953054,-0.8818431547894798
526905,1.173322756764213,-1.8348812008973543
526913,1.6324961829422766,-1.9771146206808754
526916,-4.984995499420232,-0.2024241959273655
526925,-2.9667385583374455,1.0091654539691652
526950,-0.03021611558925329,0.08002066062273991
526959,0.47805062677126225,-1.7877848388117896
526970,0.3210077949134015,-1.6552736064446745
527001,-3.6151162902210485,-0.6824657734609713
527004,0.27932582617176427,-0.7797012776589711
527019,-1.9084572168757676,0.4653455123676433
527038,1.5725151539084767,-0.41584844542347127
527046,1.5883591427264365,-1.557318751415839
527075,1.8095901786468067,-1.6819179105276523
527081,-0.7959296439221722,-0.6343952046474098
527082,0.06209886760898917,-0.21842697058878358
527109,2.076022511129541,-0.7083742536136985
527130,5.313797945837462,1.890144388767712
527132,0.6337809927563847,0.26086516858493863
527133,4.198234794262029,2.4724415911389532
527141,0.8473546887621426,-1.799690040042595
527142,2.384607804147469,-0.8363112233710492
527150,0.5874968115323308,-0.18674644565116152
527154,0.2866142812913825,0.5785868774630131
527158,4.900282283025247,2.9119021913905105
527187,0.6566392217973873,-0.2971799205400326
527197,-0.6981255425777122,-0.403777474611274
527219,-1.073376250409515,0.19055595339593956
527232,-0.19837510288445048,-1.7220646646423483
527253,2.3315881193474475,-0.8617058510534766
527280,-2.4888141840084397,-0.22363239772631485
527321,-3.86096665331166,1.6284250848134438
527326,-0.31939005791758945,-0.758105673656442
527344,-0.6810217440070135,-1.0352684666643919
527346,0.33849073721930406,-1.4281024848541597
527354,0.18942652788086595,-1.2905550846982714
527359,-1.111292198799708,-0.18576188701299529
527365,-1.8080500084956228,0.4236299802422575
527389,-2.89281330963922,-0.0070948470938930796
527393,-0.4237710212053176,0.48837583845501287
527396,0.776282558449024,-0.33376686643168646
527401,4.064270341684049,3.1022900367824957
527406,1.4039229857277764,-0.94807871383442
527445,-5.850565562966629,1.8809023190954335
527451,0.23849911338979218,0.26826156139775914
527452,0.8789992392985516,0.26146224688632047
527455,2.4309935067556627,5.911537039284715
527464,2.257466786513172,-2.2182820544023656
527467,-0.6405944312268194,-0.8572796361833204
527470,0.21841481736637533,-0.022053234288116938
527490,1.111872584023222,-1.164114770925248
527507,1.298461029146472,-0.817517942352441
527508,0.7780450863762047,-1.0944522080446963
527518,-1.064884987193476,-0.2894905865074913
527524,-3.2075276916466935,1.0990957239671513
527536,-3.6667024991994643,2.795325283159258
527541,-2.95884105885553,-0.9941882207829429
527552,-2.660790960818998,-0.5148432755307089
527560,-2.330331343601234,-0.3927090412046483
527564,-0.0008841438316432408,-1.0156947078102745
527585,2.2746321137938788,-0.540361283520136
527605,-0.10354404706766805,-0.14314786597988638
527689,-3.6649869025180224,1.4997733784241436
527690,-0.1606202503628653,-0.41152446358216754
527726,-2.9881525773609896,0.1485337754327607
527735,-1.6506392227884987,0.44002021255881946
527750,-2.228231133537016,-1.106245578922207
527782,2.858881091920538,2.2168809245237266
527783,1.094859851602542,0.028795094670682753
527801,-4.983566135009517,0.4162916184550211
527824,1.5771668780853076,-2.6108318393277132
527850,1.891103795934738,-0.03575999313780667
527857,-2.8771035264250484,-1.1511243648018346
527886,-0.569304214565758,-1.4178457225415473
527928,-0.08250744573541131,-0.29296336373412807
527944,2.4031961495944865,1.372821224047375
527945,-5.514938924487237,0.8303411872485112
527984,1.5609545056578986,-1.8163793956535526
527987,1.1459369594155,-1.9591797946798493
527995,-0.16665226610244194,-1.149963005729219
528020,2.529734278642338,-1.7067258630445028
528028,1.9412377677457673,-0.9557724684297008
528046,-1.1621654894677123,-0.09320556772616194
528061,2.7428555243609005,-0.2306948120984438
528098,-4.984725611213325,0.29462519722086256
528105,0.6401138277013891,0.014486097071667918
528122,3.7939822102687084,0.7493019785629296
528137,-5.5333573447144815,1.0482146169675037
528139,-3.3826228331652217,0.5236968560618814
528158,-0.2754856193555036,-1.1612580401775008
528164,1.79894035587206,0.0475516379040304
528179,-2.3642817720213705,0.649978538339896
528186,1.329242230256959,-1.591615763634318
528193,1.3487660309139522,-0.7511633436019357
528216,1.0896926074856241,-1.0980251214057584
528242,-0.38872156034536526,-0.9055624447870142
528244,-0.1910205992121268,0.020738754358110005
528248,-0.9760985805012217,-0.7297643206790214
528281,0.9925220809651808,-1.7755374497838274
528322,2.1248572657536546,-1.297205414608325
528330,-0.37802203313033017,-0.9632631313919109
528354,1.3818464752141764,-1.1897122468260262
528372,-3.4403580189248006,0.36266510923032347
528378,-0.74055159745851,-0.5623999783840213
528379,0.4834478209328322,-0.7313808782795707
528411,0.8076397695954395,-0.689195056637832
528413,-5.47337525148993,0.21301796439283874
528417,0.14391483240852795,-0.7518302599669748
528421,2.237692557212421,0.13729393771536294
528455,2.5217769806957984,-0.7035622536668017
528461,-5.822849734629601,2.3582898595185426
528490,1.438650511517043,-0.9392655016461571
528500,-0.3824213612143832,5.492479273114989
528522,1.0569137320817483,-1.1525347127321408
528528,-1.4128213407898385,1.0780157241997936
528542,2.498956832192635,-0.5697814379030239
528567,2.0887485456198602,-0.9269550686210936
528580,0.051088323875912625,-1.3406764413748644
528612,-0.2960546431797078,-1.5642572127691492
528657,2.7649955187173183,-0.6751061327165795
528661,-0.08926871596334429,-1.1495950804707367
528683,1.0063438959193358,-0.35939503926055794
528688,-3.262374859214837,0.5348092689214201
528690,0.35045005786541567,-1.488810097120866
528706,-0.5066234401026033,-1.585483200991894
528723,2.1995277519394665,-0.041165807013686356
528735,0.5864644721309022,-1.0832976018125675
528743,2.237274465686907,1.8624295044050865
528744,0.513010839681028,-1.7216507606538118
528777,0.7498106449768175,-1.9598069235870919
528816,8.054398652656825,-0.012811500115257708
528826,-0.7648126355320214,-0.2846529967512803
528827,1.2469586669332615,-1.0314086200645372
528828,0.3826639965382748,-1.490239400817543
528829,0.08019191694940989,-0.47199937840641165
528839,2.2980108758062445,4.981237271104031
528842,-2.4378236344051696,0.1534349698871954
528844,-0.4772169961500881,-0.24694463192740054
528906,-1.1242872628241427,-0.17416398029855143
528909,-3.5988856581379585,0.6454047310587482
528929,0.018387683618147733,-0.8771844030230592
528930,0.19219283525051678,-1.4720949748043235
528936,-5.576147978651153,0.9912791525698706
528942,3.380711733456544,-2.2535420712428182
528953,4.066830720336252,3.06997474016912
528965,-0.9688931011454599,-0.1151546705745159
528967,-0.9067436912655686,1.4599962018663626
528995,1.7539716671690193,-1.4441316674622604
528999,0.6310977179593188,-1.1453713429350116
529019,2.6490583809622072,0.7955193377448313
529023,-0.31026810667997107,-0.5811515557311248
529048,-1.2716313776226627,-1.3697780927240553
529050,0.4585528442370216,-0.45736732603772057
529082,-1.0090275046631945,0.36066882852356574
529205,4.601799908670916,2.8574200135012706
529214,-0.6643724319895593,-0.9588467896712181
529216,-3.4247788030932154,0.8548183691761159
529224,2.5999403882929495,-2.5619730565688754
529229,0.44315604958157906,0.06069516858105615
529231,-1.9723829086622748,0.06691306929642843
529237,-1.0181942187881112,-2.0833580718075106
529249,-0.08266165043724343,-1.6175083696797805
529284,-5.833133800442288,1.552279407958012
529309,1.9333612179811923,-0.9877572501879862
529332,0.528443661591019,-0.02673452228272918
529338,2.4827968327985017,-1.4018473581466988
529362,3.45435555854008,3.3422254501479434
529406,1.5465003370388561,-1.0035956610868904
529420,-5.922161671168362,0.5065208660609837
529421,2.12451486121723,-1.3045191929687636
529422,-0.5003603786233501,-1.1513109340624545
529424,0.9279036283677949,-1.667099126853144
529428,-0.4753340997241309,-0.8348189161378033
529436,1.9569244176635803,-0.27089876235930305
529488,0.022017194044416186,1.5900825584434026
529501,1.9009067222031117,-1.310034035282788
529502,1.1458888021930023,-0.19442960675348328
529510,-0.7406142465996571,-1.011885057569596
529513,1.3840428342605584,-0.8389694704270892
529520,-1.9150658819830475,0.20651103431430293
529566,0.4762043450983801,0.015594498057721621
529602,5.012461921845202,4.8938589974872855
529677,-3.611661085772245,1.7910360599000565
529678,1.2957698798413093,-0.2618410278026309
529689,0.529389603756177,-1.5737707794172837
529695,1.2301798297693207,-1.0126574371971697
529704,-0.2223514758950464,3.922884593616486
529734,1.8407445301671712,-1.4366502464827573
529737,-5.117901988833547,-0.18937816355782494
529768,0.7428188772795198,-1.6554075602672396
529781,-0.7680104238056753,-0.047510602641453376
529783,-3.563413188258856,0.9606139636415686
529787,1.0646810322699598,-2.360611996877135
529801,2.3235997209661985,-1.5463236275208334
529831,1.6599858621291337,-0.2555361635832439
529840,-3.6076009292669218,0.07263803626502605
529845,-0.23299357392738018,-0.11377287062311972
529857,-3.3502418537581256,-0.20716829143022342
529879,1.3425513280928654,-0.30800198438852117
529887,-1.9080458616058782,-0.36886713615637706
529913,-5.378746636958244,0.9735128899094423
529940,-0.8900094321450095,-1.1325446876830412
529972,0.7377766084357273,-1.1683509643575964
530004,0.25215809766509867,-0.3225629981553306
530039,2.209399156494467,-0.6294902448192347
530090,1.0163108798020366,-1.2411409267193994
530118,1.2168129345879906,-1.4970100674718299
530188,1.7404873848187397,-0.23832947609934083
530196,3.1817082095337152,6.691213591768812
530199,2.0825139872197376,2.8287929017260462
530213,0.636403267876478,-2.017900496748954
530223,-0.3763815625827595,-2.047972140859639
530240,0.6662033431984835,-0.8804244830486722
530277,3.2500158152300718,-1.7676595250986076
530278,0.4837507438561638,-0.9175414035625907
530282,0.9013244691106075,-0.3944637359867202
530298,0.09975496218372291,0.6200021220645195
530315,0.0065342110677799395,-1.3175954297119792
530322,0.1875287113353615,-1.7778770633892926
530329,-3.3427258967834246,0.3499179416462837
530365,0.16314281600195235,-0.5884408999563961
530371,-0.795505135078405,-0.3292934765627585
530374,-0.15828305470601986,0.11814187378967198
530379,-1.7779505455309548,-0.639940501537228
530383,-0.36090587612874414,0.5572172424023507
530385,0.6555150337172713,-1.0148039662115635
530421,1.4769254732197106,-1.5413490409645418
530427,0.27202991795425224,-0.7858396201499628
530453,-5.859829131136161,2.049478535633519
530463,3.744509220701541,0.2961791738471103
530468,1.5205225870324404,-1.23142065943205
530514,2.2863655596097168,0.9957292089818882
530543,1.970848258348147,0.11752161414392752
530563,2.448447718826918,-1.065021633202233
530579,1.3711704229944601,-1.5989508014066234
530581,-3.7935100840188594,0.768347422425942
530585,0.5210271539494951,-1.401207298403952
530592,0.21764926616752528,0.22029259808377527
530599,-3.4685314865091024,0.74290648836713
530607,-0.4457829074752934,-0.30278778183902477
530625,0.7115146389554418,-0.7413317944282974
530627,-0.1890355588921771,-0.797701991164792
530633,-5.694972193660514,0.9972493824892429
530645,2.0174847179967834,-1.0074007052616967
530649,0.7176620985405816,-0.9985449870262803
530656,-0.09586251352082052,-1.3234655055699691
530665,0.4969922966293699,-0.37441846847984583
530666,-1.4636077043970581,0.14314085413790215
530667,3.178341786613827,2.629900504632905
530672,-5.829403101091427,1.1160628030777593
530673,-5.6238102207954235,0.9912328394409224
530687,2.0728723205140396,-1.3590066195535642
530719,1.4334072315799635,-0.8902248128115172
530720,2.4595693418575237,1.834531051023251
530724,2.763680564021255,-1.3662128939657643
530739,-0.6303158476769457,0.47636631713169414
530743,0.19916085545609372,-1.2693233227819063
530754,1.300971767759955,-0.7675577573721245
530773,2.517744498494994,-0.1809034426387437
530775,0.11484366136536468,-1.6174928893877651
530797,-0.5066717970156177,0.7857683390241088
530801,0.5079340992755244,-1.6244542314092765
530810,0.9982680895819678,-1.0774977115296018
530811,-2.3682815434843314,3.2312503535600996
530833,-0.45557097385323614,-1.444637001248861
530869,-3.3910706184514945,0.20639673531945266
530873,-5.865639825460472,1.458850066771982
530881,1.3325085354486927,-1.259018855231279
530906,-0.6044196875923523,-1.103825958255834
530949,3.5483685565813348,0.5809659204534386
530950,0.33830807221848913,-0.6854051984276851
530978,2.8377831624901337,-2.076574310641124
531006,0.6771529072442167,-0.5936343864707717
531009,2.6038006181530724,-1.856627286765285
531016,2.344930938490094,-1.3791508267928465
531020,1.5457497508353262,-0.7157598130685425
531027,0.2145446833749357,-1.5253270544802713
531031,-0.14212889463062653,1.2135785432470043
531054,1.5272074357886682,-0.08776442834409073
531073,-0.07948806552947782,0.4210895421047958
531094,0.6194143619580341,0.7298617956640631
531109,1.4524737821726332,-1.6915360138514035
531143,1.8239879132459058,-1.4710511260854158
531144,1.2358313773358347,-1.1971351854267307
531158,2.5378087010733177,-1.0024740248624198
531198,-1.3767296798455195,0.0433116005343329
531204,0.3420125942223018,-1.1599657351467467
531217,1.0054266910062741,-1.350090328859857
531253,2.3730631243826354,-2.292953684907072
531255,-5.321718301884104,2.3370223815613254
531322,0.948740842203649,-0.1925519558201684
531339,-0.43551726748870817,4.584355831509086
531344,0.496461966676445,-0.9007990327470831
531361,-0.18150215118298071,1.6682776233727556
531373,0.3608740057060428,-2.11700558781147
531386,2.8894129889947555,-2.409203865812832
531427,7.298436425879999,3.7712156617629065
531431,4.170768571566764,-0.7457578240529019
531447,2.1808298341659538,-1.780350193311526
531456,-3.634922003789044,1.1192616384689866
531467,1.7485377131320778,0.37408479096554365
531471,1.061320615288545,-1.5747600213346964
531475,-5.876380039249707,2.6146282158299226
531499,1.7933045326000594,0.4046539289920343
531500,-3.486899028218554,-1.3003983978065647
531511,0.989592710163275,-1.3181701347357926
531512,-0.47910950057371376,-0.3182980312409198
531557,4.520344324207047,-0.6343502918707782
531562,-3.0602242099627417,1.204639316304593
531568,1.5327775426043413,-1.573426132309575
531615,-3.9842415281491164,4.144961711687292
531620,-5.861502031155165,1.171239862217098
531625,-1.1985010675853947,-0.017290385285396705
531650,-1.2397097566244524,-0.5812979494165121
531654,4.521055694012357,4.6103026476840885
531663,-0.12829802294371065,-1.3091677073106476
531670,0.004943503114291775,-1.6397554715365479
531682,-5.86045335780229,2.2407406660980054
531735,-6.079129585383649,1.9966290244347742
531739,1.7613447092556034,-0.5866917729724385
531744,1.7002022949344218,-2.3515885175914044
531745,1.1604061191665038,5.1219768378531105
531771,-0.1308630994858718,-1.7549404732712437
531777,-0.4985613872963472,0.45760757734205443
531789,0.6867691954017,-0.9303691312535525
531795,-0.12604698274444204,-0.36055478393280255
531803,-5.587641471579004,1.8631743590543637
531807,0.3253327624104445,-0.23266149408317252
531824,0.8672859223923524,-0.13521870733988664
531834,-3.1238012040949834,0.457997328867982
531844,0.05696063230761425,1.130850994287725
531847,-0.2203835770055831,-1.2836190691896827
531857,-0.5433773201196824,1.283555041663754
531868,0.4384373804824959,-0.8461119591967432
531884,2.307607365717383,-1.3088185225515354
531921,-0.9172369925078516,-1.3048390490517061
531926,-3.6175066088747494,2.0940359465896616
531931,-0.049906700245279954,-1.1634025248527005
531959,1.7818829218943673,2.570507919749954
531967,-5.960496408633315,1.7180471092768208
531971,-0.6886199069527688,-1.8546417543722318
531987,-1.1136949180500644,-0.3556259813360686
531989,0.6514391449761854,-1.4724389353629252
531994,-0.12852582928145817,-0.6773079309126361
532063,2.2277741920293717,-2.027033697484125
532064,2.963845497076393,5.500916714847321
532073,1.5892797012167432,-0.9917565961757356
532101,-3.6084297047520604,0.5110400071410796
532106,0.6959855487512779,-2.658870608096667
532119,2.9974704964850325,-2.312533077971997
532159,-1.7079316812036265,0.9370701993675025
532215,2.4174598757076606,-1.3996383133138897
532225,0.4429838973728383,-1.7989675611844356
532233,0.15478050137689708,-1.8669874817750607
532258,1.5481130995284584,-0.8049938895055299
532259,2.4843810311580783,-1.455487222204065
532279,-3.892592295007042,1.331462068806123
532312,0.32910488153876777,-0.8905802940494262
532329,1.3017000150399782,4.018968677474265
532347,-0.3874041475272892,-0.8157870689691679
532361,0.14545467357620756,-1.532255845693896
532365,0.49978988557922577,-0.20693204199386211
532381,2.518719509058952,1.2706244827121371
532387,1.637654945365278,-0.34167561443122224
532388,-0.10632552119664813,-0.0516610350520007
532390,1.540462616831218,-2.013218522942082
532410,2.6420246515515142,6.681266743878243
532426,5.062353321743933,4.870966377684181
532432,-3.5585878265756112,-1.1726564274772595
532433,-0.030471014503495715,-0.15295178430597678
532500,2.4214346623198253,-0.011093373312185146
532519,0.2429144441797819,-0.8845387141384515
532535,-0.20944827689058404,-1.669869881471307
532544,4.199579496927989,6.9601817420852505
532568,0.2160761162594589,-0.41793633545744463
532607,0.5521059642161175,0.7304986152978444
532622,0.49360205201041885,-1.5915318498411664
532623,-0.06705718271119362,-1.2512495129143992
532627,-5.86954446381841,1.9357496185782808
532637,-3.5283413434704127,0.5480865057761471
532650,1.9846741160410817,-1.1540294327551306
532651,-0.9784894614778605,-0.18760019928521296
532653,2.6174209371506967,-0.5442899990886452
532656,-0.89689069660157,-0.2008243070542502
532705,-1.859617420544253,-1.1478143561322185
532710,-2.497485274256165,0.6240016236222912
532711,-1.2625539489026665,0.5310134279155067
532721,-0.25833564002679166,-1.748073153506979
532725,1.6350538171335318,2.1667271382613444
532730,-1.0700680577212995,0.7702995675169032
532742,0.8444175003102967,-0.829939934758898
532748,0.7459380101933228,-1.4257508843340023
532750,-0.615875644822486,1.9562280523081894
532774,-4.882738468630215,-0.35159018763410343
532810,2.158230777011015,-1.0643038316120106
532823,-0.4463082622175346,-0.792766940276239
532835,-2.3923939774736844,-0.30150508172684204
532843,-0.2249381701006688,-1.8914666804172
532863,1.1430452695242732,-0.9858169737827102
532866,2.623012071872722,-1.0952996610559278
532901,-1.7550206161649367,-0.42509465866633933
532905,-6.039909592679185,2.238651319158963
532912,1.6937600369935222,-0.7462843146610101
532941,3.3422119037773492,4.876889836688083
532989,2.106313252884536,-2.3816934575769713
533048,-2.758133003856968,-0.6283032699302903
533093,-1.8070735147832435,0.42360777302172054
533117,-0.9800172945213514,-1.4708818680086626
533123,-0.5032328031411775,-1.4520785285738407
533129,1.2314461637182732,-0.9445658718538801
533155,1.6353767277545241,-0.5010467388300566
533187,-3.425212145506648,-0.3285868197918027
533199,0.11899712943555273,-0.058961863889782355
533204,-5.9005246789473595,2.024323325301057
533211,2.4183289853207377,-1.458694232832513
533222,2.079981841877589,0.08214752234127157
533248,0.6960117438394378,-2.024638785659931
533251,0.28848685886081055,-1.8518380593185864
533283,0.8135731258752247,-1.1263532409879187
533291,3.150407006371247,-2.099989942622957
533302,-0.26570450590477257,-1.3259013266528705
533327,-0.38988182348260497,-0.6928032341883196
533357,1.1115231245736497,-1.1878216949497478
533378,0.7771987402064335,-1.2544048301758508
533388,2.0102948653151285,1.8656489192915955
533393,-3.4846981440822433,-0.9767367826398226
533396,2.2378026814792378,-1.6755924552595216
533402,-0.7664155222885163,0.5801786656214952
533404,2.450889239141853,1.4345656884464777
533411,0.5714139885563272,0.4289640645067156
533449,-1.8826390565601205,1.4458597670802458
533464,-0.5422152938771075,-1.5030453240352182
533490,1.1984114588832697,-1.2111640632360048
533492,1.260649642480772,1.473353253634691
533497,0.6332796430010178,-0.4657063835668724
533518,1.7986397722085636,-1.1790486928560964
533527,-0.8688853601880556,1.0655792141308407
533537,-0.4650021782984076,0.4310095857593326
533542,2.646172227121401,-0.5560347286036854
533550,-0.4322096887305362,-0.82727857418674
533573,-2.0229971781115115,-0.7596535417255214
533575,1.1398540489165223,-0.21929665768281764
533598,1.8822180519185179,0.3832077891847053
533613,1.3234513128502947,-0.8726913194878688
533617,1.1387159805209173,-2.2316396548985553
533656,-0.13522602632076305,1.5616427588723607
533716,-0.1584955010934048,-0.34787760726673794
533742,-0.3243710073623621,-0.5810001309198785
533755,3.5604852689156052,7.702814884731833
533759,1.7239533022138716,-1.7529867321508132
533773,0.734419524097087,0.19677124871344923
533782,0.48124341271806337,-1.6392801521536864
533809,-0.5497669713543238,-0.5439025227712936
533827,-2.653771085751368,-0.06176709138873027
533846,-1.1536642054453532,-0.7685903632778566
533859,2.1652813410137464,-1.7597838013230742
533895,-1.2197121856991138,1.1082444234882987
533908,-1.2325740299815384,0.26538579328898704
533932,2.4118586509570807,5.550151922613047
533975,-2.248028329676425,0.03970712213672035
533985,-0.5107829618425639,0.755306102526833
533990,2.997974498391197,-0.8747259383126182
534040,-0.48914926760237043,-1.9767200026415603
534045,-0.8887960894800122,-1.7114397229095022
534066,1.964538996740889,-1.6694518342385567
534082,-5.438605678790655,-0.20696431215840472
534088,-0.31862175833938516,0.2759406708787245
534105,3.321319590514795,-1.285355253201036
534179,1.3278681789496274,-0.1678467669459902
534190,-0.026621273200083378,-0.5054617364888342
534246,-1.3699986470895384,-0.2586028515033801
534254,-1.536851045091856,0.8217889745762901
534295,1.9721475992081694,-0.3448154912090116
534333,0.3170338691076915,-1.1737325126038172
534351,5.892908768704867,-0.9997042195188391
534360,2.346047110933067,-1.4177998814244774
534378,-1.7599859142051535,-1.3226512443526963
534380,1.390748693366585,2.8254904902504188
534391,1.4194727158477911,-0.6877578884993281
534445,2.0000677950891688,1.9599945160294303
534474,3.486646124651345,-0.6057553899894238
534499,-3.2668399458686435,0.40799694625282124
534564,-0.9764140001412271,-1.494209078064456
534586,-5.592715877738156,1.65089683864343
534594,-0.6882817468367782,-1.4012785737300248
534604,-4.098410822454252,2.0566822973467325
534607,0.5879249433842894,-0.32272603760003626
534608,0.7593009477228932,-0.31570586622106794
534661,-3.848808612034471,0.7761685762869123
534688,2.486078840239949,0.17389823243510175
534697,-1.658702261497009,-1.1096072424030783
534703,1.5626921226385377,3.046969958403655
534742,-2.482297525259946,-0.5568448332748599
534747,0.27761887592897716,0.29062015757720683
534782,0.10506851835498283,-0.07889754061822266
534793,-2.0760617686954013,0.022602464734850607
534798,-0.15100274290531443,0.11990233843720402
534825,-4.085463770028805,1.361609261088108
534840,1.4197599160170227,-0.569557239614681
534842,-0.30140219504981514,0.1842268307974449
534858,5.12244737429182,2.4346315402599954
534895,-0.3205758944823558,0.25314618254871585
534903,1.8733222885364968,-1.2869552214149074
534939,0.44995713193083053,-0.36431011550199033
534948,0.1516815192684672,-1.3975412379935304
534957,0.11512575329610093,-2.0560069387827564
534971,-0.723645201434294,0.06665671012240841
534986,1.911793186939089,0.1443851476950077
535003,-4.893377058439119,0.1048152236227887
535007,6.383614931480253,1.6004771077444049
535024,3.2453347622353514,4.097994870684871
535035,3.2050767795776784,-0.4668304563443768
535047,2.3231356249934403,-1.6866596768495945
535051,0.816387550066634,-1.2983467419476586
535060,0.5118776713769342,-0.24113823458610625
535063,0.8541298895132995,0.16780763058367285
535081,0.4034748729461888,-1.3243326771508233
535099,1.808362413156792,-0.8799367434548152
535135,1.8211593281399825,-0.6739934159981806
535136,0.6365082181618963,0.7865576590481066
535149,-0.6109077178205552,-0.8220756912142488
535155,-4.792019087526035,-0.4389568311486223
535177,1.9000022034933346,0.7036400921577057
535189,-0.1445712993574991,-1.795802913658314
535229,1.7237516331644236,0.30209477009176666
535266,-1.8767833558133622,0.811688682215702
535311,0.9514327530299227,-0.710913162052356
535341,1.7870764532016463,-1.269221729137185
535365,-0.3653736859804887,-0.3745859004612805
535398,1.0777890045522889,-0.6915666559749013
535441,2.16821670678562,-1.7383294777846114
535447,3.7823990415357804,-1.0163719298875484
535459,-0.11727060938487734,-0.04274943562194915
535473,-4.034306004138457,1.6944947074029164
535495,0.9150087224328165,-1.579840333996899
535497,-5.321150597639998,1.1087460847485833
535502,0.7962683729725768,-1.5926622592298076
535553,0.4017429887683442,-0.9486586042453885
535595,1.2763142709940203,0.9169730149109458
535600,-1.2196728281176292,-0.5032169063214892
535610,-0.5534984357124745,-0.7581570600843693
535625,2.0679980589105784,-0.1359048151947858
535637,-1.2500971149147218,-0.2557311081935736
535644,1.7951677802575687,-1.7414823060795563
535682,-5.903189495147973,1.6237122623645688
535686,8.855626058177691,4.646213483736666
535701,-0.6229425793848613,-0.45870732496210004
535702,6.025743084756635,-0.6296818061821641
535706,-1.7998310088904808,-0.5793310060222777
535734,-0.3812467609392952,-1.215200793480235
535737,-5.926054044519314,1.6384058239600265
535746,0.18478410874785176,-0.92699955889072
535747,-0.5767598104564533,0.028858927858447164
535791,-0.29751237462651053,-1.8015152454165047
535795,2.9623004611951416,-1.7614102731900356
535878,1.0605836974924192,-1.0865411222320733
535879,2.1422192822396156,-2.2778590566884156
535885,-0.2675871289731321,-0.804023622274972
535896,-0.20405008294673016,-1.0603708132510106
535905,4.270167870570882,5.543147062953841
535906,0.5238400966501473,-0.23522709464845953
535912,1.327223704520477,-1.4834960178608358
535942,0.35893158815930515,-1.3042476593781538
535983,-3.6153306872521114,0.024469988731081187
535994,-3.273186979140772,1.052708332985804
536000,2.926081646989015,4.164644811022887
536016,0.11395629154815835,-0.05276631026738955
536034,-1.6486047490108902,-1.883458778055337
536035,-0.7735903988414747,0.7577832441782772
536039,6.085345355742339,5.596648621302391
536050,0.23511356189478014,-0.39434012499643184
536058,-0.7648323532299559,-0.894895363873401
536066,0.8112991034304983,-0.7777269697127466
536086,1.1310897047975985,-1.8787308275648271
536099,0.4518596103059359,-0.7421165426829599
536135,-5.511714664941701,0.7738735306524633
536170,-5.514446472276241,-0.09416391527582127
536212,4.210638735571439,6.925439592991914
536228,-3.745415266026655,1.2690239944759991
536229,-2.401668064720748,-0.8684560590425725
536241,-0.11255650253768991,-1.3466724591400188
536275,-0.6332684132986233,-1.235262611635345
536278,1.4842218630123658,-1.1267051625144935
536313,-1.4570570139289951,-0.7558608505687336
536343,-0.679072174846019,-1.1448022108193119
536387,1.0982429469419313,1.432436507500248
536431,3.3268973614920174,-0.6413939824552699
536467,-0.10178084994306727,-0.5418100308986618
536469,-0.8808976065325987,-0.2581242607915719
536474,4.667635158241949,7.362319368094562
536488,-5.977542677473264,1.823088806153534
536489,3.7327613954775214,0.7635200356684595
536490,0.9962617158682305,0.9309983512014176
536532,0.4671725700571712,-2.330073064854957
536566,-0.16336028310138584,-1.353161814333444
536574,2.5550552508597812,-0.9708607652334573
536594,-2.883899558528489,-0.3274151876179855
536604,-0.8902020251074967,-0.5958659913966314
536622,0.801978169479918,-1.9740058810858474
536641,1.9497331872281976,-1.8312934912503478
536651,-0.05043906319862308,0.34155356770751377
536652,0.6903636097577248,-0.5325357048065695
536656,1.004355777976579,-0.595677221909384
536658,-0.581762006719523,-1.3566376915515184
536659,4.57156767814711,-1.0421073938125474
536672,1.85937723860557,0.10192805456334092
536675,-0.8144317253525589,-0.28071166331464015
536691,1.5612634453234018,-0.4071634434668494
536695,2.8907898801716825,-1.894090414371641
536763,-0.7973504088723158,-1.408431456415824
536764,2.25525925898412,-1.8663931279909511
536782,1.781528982255172,-2.103961466860181
536791,0.6450356371864647,-0.6588455659091205
536810,2.2628510023928907,-0.7388266416193267
536843,0.9994052256519353,-1.6870184556296577
536876,-1.629890194627123,-0.43852039962859185
536893,-1.3392899170724046,-0.9219753297875878
536951,2.086996660247772,-1.5805079080587099
536964,-1.5138936724663101,-0.45693969123049705
536995,1.0743042870570436,1.9106983174917798
537038,-1.0688258503981223,-1.727332464927595
537066,1.4766321785134726,-1.3760656689702502
537098,-0.8776879715548725,-0.6058819923900203
537121,-3.7050994078862094,-0.5317876941330554
537123,6.110650379351114,1.9393496747746448
537177,0.5093919587870538,-0.20919191265666084
537181,2.3514827183060762,-1.3622371514450735
537212,-2.6580193090393927,0.7648048548955817
537227,-1.572597850334627,0.21829685391821255
537289,1.0073145458015036,-2.2868169987129088
537317,0.9255916228686312,-0.6869459856478343
537373,2.5038518756239667,-0.8748480860742013
537393,1.208315603053759,-0.7052165988232403
537400,-3.327549541140121,0.5441554262438942
537412,1.6362327461212025,-1.3085531242682689
537413,2.0719944305529565,0.7800965963628975
537414,1.18114616998208,-1.723301509380102
537470,-2.6174276744792166,1.2291371668933015
537481,-3.4838800576356896,-0.043312341528186964
537507,2.128862167108032,1.6918342828305204
537560,1.8169759974928836,-1.954698009947476
537580,-0.4823444164618682,0.3806558575181766
537586,0.950787684436272,-1.0714761699357631
537595,1.0242266834015938,-0.7959881306074468
537659,-3.441078329729621,0.26549501418098587
537671,1.0369232638952788,-0.9349088648177369
537676,3.336526196607222,2.435791281748022
537688,-1.6978990598851988,-0.8919029925097538
537723,-1.9758520703467188,0.618946524015778
537725,-0.6086120900792666,0.10543560496686294
537748,3.3142085158438825,0.4820268127589006
537770,0.6737481529030526,-1.8674624226316545
537776,-2.581950341085617,1.2919483686515054
537795,-2.865644935843509,1.2663114865757712
537804,-1.4773677657015702,0.9779707543210189
537818,-0.3335193627978749,-0.39638319121741294
537819,1.4882216478572428,-0.6817591804889128
537834,-0.49719898266464524,1.1926374968414732
537860,-0.9835243254547015,0.7031188438612788
537861,0.123152201954342,-1.764348609237363
537904,1.2546254778933301,-0.9413138780329373
537922,0.6866810580937089,-1.0999178798797717
537926,-2.926667454290469,-0.8319554584697584
537975,-3.5204728477731275,1.1681270938625932
538069,7.294658080767772,4.976132947460757
538074,3.9220525322059077,-0.8429251873804318
538084,1.4343722786305493,-2.2721660326548925
538108,-3.5054944366896925,1.466204918407923
538112,0.2982399639879722,-1.0686046408356187
538131,0.05709715275019439,-1.1229721108991852
538134,1.0559674879308987,-0.20852392783963716
538139,-1.7559701220163015,1.172559707490105
538147,5.49301511148218,2.894971260367041
538167,1.053324872971781,-1.7909025675266572
538188,1.8138885897387877,-0.5076250774908723
538197,1.3679139344630602,0.08365238668573738
538214,0.272514994519224,-1.9068172366158544
538216,-0.7650989936049817,-0.8196754850542164
538260,1.7362012364958082,-0.2526514991495047
538270,-0.819222109686909,-0.3977479837112286
538274,-1.2247549686213364,-0.8887743619888117
538279,1.3592049469280276,-1.4219197727080828
538306,0.05820179569351958,-1.9716892655331066
538319,0.8797752809191902,0.15430530959911726
538321,-2.8126523482721706,1.0248816094129691
538331,3.103288226989123,-1.3135947973421678
538349,1.6410954877252717,-1.902807390613672
538350,2.311226089751567,4.123899158116666
538388,2.0549502898423375,-1.957839223417752
538413,0.5900297662717116,1.7507030447912784
538426,-1.8730114763659294,-1.31202061392404
538432,1.4901476074510103,-1.3753386449768643
538438,0.7746951839524061,-0.9547667876713797
538441,2.1841303978934357,1.922431774930479
538454,-1.4427910343995582,-1.0149050014944383
538457,0.6523871099109125,1.4402169851973075
538458,1.3345069094595128,-2.1106954104567217
538463,-6.200227520285759,2.7107712158669357
538489,0.15769419465070336,0.0045248951731330705
538511,-6.09945964624769,1.8921806678239879
538522,1.7975495360576372,1.0387690424750229
538529,0.9074596008841663,-0.5523941876863243
538538,0.16817440009614984,-1.6745527886168048
538608,1.6654041720342727,-1.274953568208572
538638,0.28979182539261983,-0.6603094755192597
538641,4.172779279366984,4.678463795442133
538666,2.168156502765714,3.6023756383793653
538677,-1.9861590590213376,-1.0180467693638606
538680,-0.11012309641542195,-1.154600863953955
538681,-2.499687040755593,0.22053913917452359
538691,1.5247457261203623,-1.2220139914949306
538696,-2.8709852617649774,1.2218768612760749
538703,0.1560077530916077,-1.7269399175140474
538714,0.8994381552892743,-1.0883645232239547
538780,1.8581608371574243,-1.2452402751828433
538788,-0.6436048930030271,-0.04282028743114334
538814,-2.1805615593874768,-0.21657887996094616
538883,-0.3093619425688175,-0.457315938163094
538915,0.46491767102405673,-1.9104675687002382
538919,-1.939028519850763,3.8832506312265203
538944,2.331759159762151,-1.577652203931742
538976,1.5307364387248712,-1.2605719966380309
539008,0.38657351239262633,-1.8318831131886644
539010,0.5743389199778933,-1.3541704644094397
539012,1.7478471346244882,-1.629995411047372
539093,1.1322007784536778,-1.4517993608211728
539105,-1.052297300002523,-1.6267505457695997
539135,1.6683301832091137,-1.6473266127050934
539140,0.3019054806634026,-0.2598241451464676
539146,-1.2398789276328819,-0.23845293223631478
539209,1.2162726387185487,-1.1777066050019502
539221,1.7506700012232443,-2.931219796969828
539243,2.2232280818238044,4.377455749575413
539267,-0.5451246259700282,-2.1265135766940975
539283,-0.6674850444027641,-1.4059316204614916
539300,-0.7296846066747931,-0.4773676194524898
539304,-3.4409571242249917,1.0581763377675264
539307,-5.691839254094913,1.8164584732759848
539315,1.1428883155425946,-1.6015739470653432
539317,3.128070200667374,-1.022860513601592
539320,0.7317618077740107,-1.3410375654599147
539337,0.3168586642030045,0.7854730724444661
539338,-0.28681602395506983,-0.12404987667164745
539384,-0.6483295135087198,0.40263436856098095
539414,0.0938137867293818,0.21019413631378814
539426,0.5452831123347789,-1.1449413039814638
539453,-3.8396246107818404,1.1249853269926517
539460,0.23856695223293842,-1.9309236523721034
539493,-6.3706477502376915,2.621750201448727
539510,1.0470904850421852,-2.1633827767322265
539519,-0.05766513328197847,-1.9524788441332688
539528,3.0010428160511644,2.254631323183561
539542,-2.627439546857602,0.7645557050913375
539558,2.430398332234692,-1.3182912110776621
539566,0.5021461570298557,2.19612001970424
539611,0.5355549767663832,-2.079649253859251
539625,-0.14519980275632866,-0.9936726737974467
539627,-0.2023967651003911,-1.1445998148168293
539637,0.8403042537161272,0.5729855746593631
539648,0.8406257844397421,-1.6976221035378378
539656,-3.4384834548109033,-0.25575747847824937
539669,-1.9257528025572614,0.635862199826005
539671,-0.8417181983511739,-1.6133039748394247
539710,9.68679448185965,2.2609760549153934
539729,-0.015137528532381428,0.6188237877155214
539782,-4.1262459740029165,0.9312928403839106
539794,2.501211061394321,-1.4793157798929533
539855,0.17397775868070536,-1.0503318151681327
539864,0.7383420846912673,-1.2280050506678437
539866,-5.76924216453898,1.9861488334512374
539868,-1.277184228195895,0.38399727881841295
539883,0.9641847499731454,-1.7352956513760238
539888,-3.543692863458518,0.20004759415305454
539899,-4.506590159850173,2.8135335618437924
539912,2.2916320303200055,-1.9230900243258429
539916,-0.2734387468006307,-0.7648007737834699
539917,0.6621152887680913,-2.01282041003056
539919,0.1783398168414978,2.7568503401949784
539936,0.1584118868920204,-1.4506763816455674
539953,-0.095412447151108,0.3963604354714312
539962,1.6567963976641447,5.4843389086227665
540014,0.27335093784130715,-1.7897171552039162
540029,1.4934991140372842,1.3647210035871953
540043,-5.463186457495875,2.231431189427662
540094,0.026572383063234024,-2.105248871099667
540138,-2.6569564454824914,-0.8798576009050438
540147,3.0669130211794697,-1.2325591978601176
540150,-0.07675364055643605,1.2746644581838666
540180,3.4506064838704527,-0.5828193398453643
540199,0.7108142796587512,-1.145848171673834
540226,-5.430525457150538,0.19256856791022256
540244,0.763662377625075,0.3105783303446501
540252,-0.7311973635050256,-0.410979603869891
540253,-0.4204396431468558,-1.2833052814443593
540260,0.6792380385549794,-1.7327020818002465
540302,1.4527725073998328,-1.2000277522885077
540306,0.11055124961799319,0.22712946050413757
540308,-1.9905491227159118,-0.8222041567426247
540319,-0.5120181599412246,-2.3668576925949543
540347,2.12490040834879,-0.20196066804281057
540348,-0.46060694365020266,0.35546273706951426
540413,-0.6538447254075512,0.1822401123246551
540415,0.2844390927601648,-1.3877033172689093
540444,0.2158122360919442,-1.5370059928959876
540455,0.12133521357590121,0.38682381711425057
540475,-1.1386270339539704,-0.33267438135563865
540502,1.4210921082058965,-1.4972175911209888
540527,1.2969006557156422,-0.6499558739560306
540557,1.4962184761182487,-1.221478923312395
540572,6.403702617519233,-0.00200796431234188
540580,0.6758192949680198,-2.449409774205404
540597,-0.6193978441212444,-1.144981809207688
540605,-0.9225236554965527,1.136584963545306
540614,3.1540121075468117,3.331846640008968
540622,1.7286363919449836,-0.7616064766021642
540642,-3.615324627102323,-1.1718505922183802
540652,-4.8674324853026025,-0.15653349849488699
540653,-2.699067705958057,-0.10644482406179834
540654,2.285321641162647,-1.3169305685796142
540656,3.0702077800444485,-1.506734597828387
540664,-0.8859911885123931,-0.38377607867901936
540666,-0.7241824530215373,-0.3588216253573305
540698,0.7826992390801818,-1.4325043158205608
540708,0.00938640560107373,-1.0010942050769756
540718,-0.3619578001849254,-0.8073216521221437
540733,0.09997818131649137,-0.21932924963038908
540777,-3.4821930860592603,-0.9000752831103754
540819,3.174909947106292,3.1021838861650695
540837,-0.9575967088356522,-1.7085801282950606
540857,-5.257249018201639,1.3303155630800387
540863,-1.5812221647344138,0.762544643979176
540924,-1.9803843454573333,-0.3407361126312883
540941,-2.749550962646671,3.932496390697315
540966,-4.998789754375018,-0.3002013995985213
540973,-0.2188225154995404,0.09516228076217152
540974,-1.2456276459138302,-0.10298897178899452
541001,-0.7127237807188399,-1.5749502879365305
541034,-3.9815362592913908,1.6455983101300977
541040,1.6630734484387886,3.306132251130442
541041,-1.1025636680639697,0.6662997762071087
541047,3.4824866194943707,5.0432177915216885
541061,-2.3250022119589926,-0.43870208091913204
541083,-1.5271889028059151,-1.1802378332855874
541084,0.9656792656787202,-1.1046591393322274
541112,1.3347040590892785,-0.5754617584259186
541132,-5.298202119359497,0.5926517924472852
541150,-0.3061679571380131,-0.3480873149010896
541162,4.42601671199143,1.5831036558228302
541168,1.7811451331308479,-1.6580229935378414
541176,0.8826437978633357,-1.2409146794765487
541193,-5.532897984396991,1.401906454114979
541216,-1.5215197372029103,0.10190437898762043
541224,0.06899842957431304,-0.8771187205406485
541235,2.5047211273831413,-1.4680303114354665
541236,-4.871805001424305,0.864889029575712
541240,-1.5708476484895506,-0.10072167291133013
541249,1.038524274008225,-1.1665177173261525
541259,0.9845720039654113,-1.1374525059471448
541262,2.6699098972976474,1.5074377456036239
541282,1.2977143773837698,1.770561448958923
541289,2.30051636824403,-1.2859399553685267
541326,-0.22732063748997205,-0.7495616069883032
541352,1.0424041462393747,-0.8409920894156763
541357,1.2550181403378842,0.12860318378882496
541382,2.8830644492305826,-1.1297714437147317
541389,0.8334255258627753,-0.55465643130194
541438,-0.23945952258917197,0.06193597246256219
541454,3.4202399612617334,-0.8652279256933613
541497,-5.489482629010369,2.18914030129507
541505,0.848013759981343,-0.5327432166678998
541516,0.5121305888819712,-0.882623692273448
541539,-2.3767471860568876,5.194543853703297
541540,2.376940096932835,-1.1120565365474708
541612,1.270261652126638,-1.5619006528879478
541649,2.729600188357204,-0.13224695208619627
541672,1.841325079487804,-1.3904435575867216
541699,2.2703321261087845,-1.7938650408534513
541700,0.17831954308628228,-0.4732585965603821
541734,0.7453447235229249,-0.34396012901070766
541735,-2.959349434145128,-0.7331170832166533
541752,2.229422733641417,-1.0273394039026567
541764,-0.0026611082869857296,-1.226771160187489
541812,2.1044008350342156,-2.312424747721973
541878,-0.8868326881433651,-0.1139418775889973
541901,2.5900293981094626,-1.2637557400444273
541906,3.696083684108605,2.0378298638524934
541921,-1.937519651148196,-1.409087433396475
541923,0.9744250104663108,-0.6499409425642154
541931,1.7272777771453467,-1.0361775203618158
541939,0.49789579438641507,-1.7747232742778585
541967,0.7039219816620895,-1.6076737303304267
541972,2.343317513822844,-0.703062452581744
541980,-1.0072816414847428,-0.5577647495121164
541988,-5.831824102697703,3.3322381192090704
541998,0.5773027651829639,-1.8565140755369187
541999,-2.855168706104405,-0.2326472133882401
542012,0.996644372155686,-1.3354025421907305
542015,2.2365263851330424,-2.1065526198426263
542027,0.7726425110774703,-0.2930652951767265
542036,0.11612546004135207,-1.2142329643757541
542056,-0.3557559514410061,3.2007167764987186
542059,0.15487549536293854,-1.1006675642002515
542065,4.675437191378941,5.0243770113885535
542080,1.7849420585680484,-0.503417973003199
542095,2.7670104684892727,1.5991813877286478
542142,7.923953579885846,3.365727539210936
542153,0.09937213667760823,-1.2411749031277923
542189,-1.4683669530033028,0.0865919839832522
542194,-0.9279567145655813,-1.1143470527417458
542196,-3.2033078999878435,-0.25561349383580323
542208,3.1750793833685322,-1.9699846741883233
542230,1.1010516185440378,-0.08529685152117031
542254,-0.06238319375800619,-1.0018705019476226
542267,-5.445599378712812,1.323666124952878
542270,0.7454336446859795,-0.1677113473377966
542277,-0.02322583799588925,0.21249367692834828
542282,1.2146035069524483,-1.0257419357572353
542303,-0.7168935918637436,-1.4708725809330292
542316,-3.453800593353917,1.2508145137991222
542326,0.29640520130057946,-1.0370324684578096
542334,-0.5643819648760763,-1.6095197968671666
542358,0.8274872862814477,0.6932356562643918
542366,0.9136961876332377,-1.1199402937822227
542383,0.40918934077661223,-1.213857068733836
542418,4.294898536932477,2.9473870879453026
542451,-0.7619571674781034,-0.8908567885027767
542471,2.6592349569308493,-0.9684640654590635
542482,-3.482248604210857,0.3118226819908213
542570,-0.9455214515056777,-0.45251576474253435
542585,-0.2233708836985595,-1.7321552739389845
542605,-0.4751793176357108,-0.33157762884561276
542638,-5.953290405401148,1.1625665885879306
542657,0.7251813930263264,-0.2646421602664729
542658,-1.949714673826398,0.3065781408105429
542663,2.4741533215519924,-0.4733289514830698
542670,1.4387605732655593,0.7236348496798848
542706,-3.9967370624568432,0.6073121856591125
542752,0.6026589698042835,-1.5652211215559835
542760,3.481013195115099,0.3726344355568368
542767,1.4655287019357004,1.0572995361286313
542795,1.6023914627006868,-2.1903298918150726
542796,0.014633409048228966,-1.684998358232305
542805,1.3093625026485745,0.02989893207714909
542812,-3.0252602914892126,1.992364655690493
542815,-5.96910879353049,2.5222025211041808
542825,0.9419267182793647,-0.33225055124848596
542843,2.454329393819806,-0.9718967516829347
542850,1.1055916271305875,0.43345853387890987
542857,-6.136104974787181,3.0298507997019
542874,3.9386019823264995,4.378502121821083
542914,0.702195440906929,0.929495150170941
542918,1.8986419376803279,0.7777705413987274
542937,2.4938614885202175,0.2472755787331882
542965,-3.513619491463352,0.8279276486024089
542976,0.43276856346031983,-1.5211299949925328
543008,1.8899972708043913,2.251746566626735
543038,0.7074832403229461,-1.187619517008962
543052,1.1894838928433078,-1.4467763773414075
543074,-0.7054226919121106,-1.3204303313366252
543075,-0.40348550134118905,-1.2572877446506001
543081,3.482306513237943,-1.153760938578097
543114,1.812883455400298,-1.7868156889545246
543126,-1.2449536231535594,0.5526404667700808
543165,0.03052237279649606,-1.4712987852738775
543222,2.1375152112277145,2.1783125266632033
543237,-0.052032284832932485,-0.6904852490933139
543240,-1.1715229680941786,-1.3630581635340193
543271,-0.17095633792072892,-1.241007163188577
543273,1.737483070036941,-2.3680937044472365
543304,1.4564211082274632,-1.6325833251804842
543306,-0.5370134419954561,-0.4043851567821533
543327,1.2999279565559212,-1.5036335926939546
543339,1.3527007051225104,0.17103864244549563
543352,0.1993041610690603,-1.2188241674750853
543375,1.5128364288158136,-1.0534828319275558
543385,3.1394444673753634,-0.8241567620651399
543428,-2.653072739201924,1.0948947499424042
543437,-1.3895273989504553,-0.18356712873001066
543476,-3.138883746402795,0.7711944680298909
543497,1.9447654477556526,-1.0611355354640448
543557,-0.6497016029477101,-0.13242073660914283
543559,0.1584844602957795,-1.8058503047125714
543618,-2.2454173226941987,0.4526622679110489
543620,-5.816845607754433,2.3786904739361034
543659,1.1631486512528748,0.017688562648422997
543660,-2.8472846407431143,3.9265006769982307
543666,1.065711740815034,-1.1912319473131112
543668,1.7043233830403135,-0.7081251568677238
543671,-1.5627034318276967,-0.5430509401620056
543694,-1.1062164575818052,-1.498868346464425
543696,-5.844982001618006,2.2779021981301826
543713,-0.1396325367898613,-0.8508768926990781
543716,1.8639174221186705,-2.0543228775975284
543723,-5.0345021388110975,0.3651884934741547
543728,2.283675680836293,-1.6978209105040032
543778,0.635090178573606,-0.2201130593677404
543810,0.8987761866618011,-0.5162159878095038
543816,-5.346757538298782,1.2900031956281988
543817,-6.173447008514636,3.3011796306588246
543826,-0.005493876967236706,-0.1931967159470571
543885,-2.8619223439536086,-1.2525613127928736
543900,1.0888741584687585,-0.9039691920523393
543927,0.603806090887444,0.6040507584514275
543928,-0.8542360462928853,0.7800946377655077
543937,-0.20967197363216,-1.209354261090393
543952,2.5518594909073316,0.7821252325234123
543968,3.453160880188887,0.3521586443179019
543976,1.9412352334207656,2.4347544146362963
544002,0.45311819048940055,-1.7705555797732566
544008,-0.11574603698080042,-0.24559099245225513
544012,1.8285128470856866,-0.8013234134772491
544015,-1.1346335929174634,0.7295677409635397
544043,0.8559243574996861,-2.030288378388227
544163,0.5406244828703904,-1.5899671963097852
544207,0.8079916547910193,-2.4672993567081205
544254,1.0116111024052108,-1.6316061894801233
544256,-0.7152745043469034,-1.1232439809300359
544271,-1.8358277646165793,-1.9909283848151371
544333,-5.9557901826691495,1.0333515325978073
544364,-5.395394937106111,2.565760736992536
544367,0.11202392875158297,-1.284272546859927
544391,0.32905282205885295,-0.9790901745297298
544406,3.5899075661585247,2.161459387655738
544414,1.8170444891182422,-1.7677353987272395
544425,-5.3732430424658615,1.908086361722207
544444,0.3356757145373706,-1.1106307107388576
544447,-2.3940803528650245,-0.368383687064313
544449,0.42640409622423087,-1.4213061965497475
544469,0.9361898548699643,-0.6058626835662283
544472,-5.959094247309109,2.199213645644544
544476,-0.731134118031222,-1.3309397873245044
544480,-0.017364493721618496,-0.13572550310185819
544495,0.9484196263108979,3.5715084791077207
544497,-3.8837335010697456,1.4036693519616317
544507,-6.002987742739379,2.1589925864507227
544513,1.1010271454817473,-0.9616790696746554
544536,-3.53418313173414,0.5200903463268652
544549,2.094842830272866,-0.7836957445705934
544595,1.2129930519031982,0.7726258897646436
544604,-0.4475323063068866,-0.3759243969078235
544627,1.1534574391323709,-1.8021913967218421
544640,2.9419952278843247,-0.8298073684646318
544647,-3.5508399128327124,0.37024692638015516
544680,2.7648762772943942,-0.8271695340669423
544683,2.0481061063222312,-1.3364934853618835
544685,2.6653210890827594,5.992925119336529
544694,-0.11409273865417914,-1.9554169474997194
544698,-3.282474752275286,0.15653907356612837
544747,0.2206073861741398,1.1003449269525285
544749,-0.6876861173060671,-0.8088862596689117
544818,-0.7443894593429996,0.23965697672871833
544839,-0.3757634994070323,-1.533912807052185
544868,-0.8167217367781621,-1.2575962509561585
544926,0.2130562606410866,-0.386409208586672
545010,0.10077195170230484,-1.1534845366255835
545011,2.226359813392264,-1.772435446854758
545012,0.4355593959662605,-0.39040474525319036
545063,-5.384579917259584,0.3183396076183877
545070,0.1696996902032211,0.2310239318750882
545089,1.2599514903257134,5.164009822322651
545109,-0.20712874332492515,-0.13051797429645767
545115,-0.3975275290310082,-1.288209445775838
545132,-1.509415431561077,-0.5436606659411869
545208,-0.8651865097574669,-1.598865605503882
545209,3.495864208462856,4.83211480546415
545226,0.052669602491796974,-2.1420240105776243
545247,-3.7921837565406027,0.5828678321519601
545249,1.8819108345950069,-1.4324015358436084
545264,-5.659663181244675,2.5478979501904453
545272,0.5846917821193863,-0.2195535506307623
545281,-6.243994656790189,2.1708690721092583
545290,1.3485561640964527,-1.1792896295776716
545300,3.1165420853667403,-0.05897193995909519
545317,3.489867865527626,-1.6966404430251742
545318,1.6926829744469991,-1.6251477455424632
545327,0.5490723939763331,-0.6554883404817525
545344,3.640519485804259,6.683509632318117
545345,-1.2627864713617372,-0.11325942172042344
545360,-2.8810678926688733,-0.030432110839341553
545375,-1.0272918539355502,-0.21282245695452875
545399,0.47681172190529,-0.7231249803103619
545404,4.3540445812609425,1.04788501574808
545446,-1.3238286909700083,-1.926499927533881
545465,-0.7105906958566989,-0.7393065373985214
545510,-0.47411098829077836,-0.8297778396719875
545518,5.325247885647717,4.5036089107657755
545551,2.846926658837127,-1.0408363337235829
545577,2.0856115378212405,-1.6226595552085659
545629,2.150926773850014,-1.5493575888760514
545633,0.5492874246082627,0.8482742467327579
545634,1.486868808811493,-0.19650739775298548
545652,0.6136140713880036,-1.6353361757891336
545684,4.812801876096877,3.870621374144692
545736,0.9567823487262117,8.155443217866267
545745,-2.01188978156879,-1.4442517367491785
545748,0.22213878045769614,-1.309547258029556
545754,-6.006683188132412,3.0145847122313505
545755,2.18841524477928,-0.6593451260303098
545758,-0.2538234305980697,0.05496868815912773
545763,-0.7961504147316775,2.9443271067646606
545770,2.209766250746126,-1.7520957236137864
545771,-0.032838446210466214,-0.8884664806222912
545803,1.2836986714023362,-1.4596205640912443
545805,3.7030220608325655,-0.24726558872419718
545810,-3.7053717406806053,1.6275286571782328
545848,-2.827117541836136,-0.9222003464656701
545865,1.4668296633604916,-0.9785987427534691
545879,5.386565428043486,6.193547926637295
545936,0.3417027135137034,-0.744508352225863
545939,0.9063591233044653,-1.3676188305521255
545958,-3.5217377052424395,0.21374177354735485
545981,1.4956950478875748,0.2616437176575416
546008,2.3618359829334907,0.9044953165865937
546050,-0.3224323199596163,-1.9204444790036772
546061,1.050270124864506,-1.184045179830739
546064,3.865080304292708,-1.77888883086011
546065,1.0447324652951189,-2.238117380121249
546072,0.9566158700817893,-1.4714143587521793
546121,-2.8247600031177873,1.3644166971834968
546127,1.7113849009981073,-2.1743378327217644
546130,-0.042660984011333766,-1.2367245380759535
546131,3.00277278919012,2.861026515568021
546161,1.6826790727152794,-0.46601153110408394
546164,3.94898384121625,6.793319711168555
546190,2.1231451605624714,-1.2287489586345488
546224,0.010878033904717015,-0.52873116099512
546256,2.482018326209242,-1.8933981962465056
546280,3.0375951711928297,2.8478616045799074
546282,0.19120313038051298,-0.9561975474277559
546307,4.308041953877117,2.9631684489440047
546334,-1.2511240847995224,-0.20522747571760822
546395,3.734142480145777,1.0315381855136623
546399,-4.276202328536052,0.953438194971133
546419,3.1247688712392976,3.7569938471464996
546437,2.7852360267634615,-0.809804692493604
546462,-3.206087244578613,-0.7046935172678754
546470,-3.4913163613118647,0.9577905863618542
546485,1.7177493263554522,-2.284617209249117
546509,0.7748315977436806,-0.5621159293153407
546529,3.2930236143373324,2.5504147976388847
546587,0.04261704972934001,-0.9502449970901448
546612,-1.0763027874129658,0.9748108876947342
546648,0.9183209767493113,-1.2264335681172354
546664,-0.43881230314932257,1.1262575718595214
546671,-0.6421973057958175,-0.5726868490076763
546679,0.1224075710316698,0.00396825185293524
546688,2.9867475506542935,2.741173189034888
546702,1.3369096777340823,-1.2131918311803114
546728,1.8723027511073358,1.7856057325523575
546740,-0.3184083003679645,-1.3935576705349382
546756,0.15067651590560655,-0.5184652832968248
546774,0.028117656633188406,-1.545776666347763
546842,-3.001481350912122,-1.1315737625657867
546844,2.4053326116340514,-1.9248686164415523
546847,4.573570439823951,1.255874073067643
546857,-3.2912194295846264,-0.4033449000704245
546864,3.2569360203881317,3.097731348547715
546867,1.9266173935211066,-0.06165036790541163
546881,0.13350413156121013,-1.1617668035149835
546882,3.9702215718320852,4.029876678807314
546884,-4.014684963111237,0.7211768943392732
546888,4.0643443692642345,5.912124757152121
546900,1.5285746739383284,-0.6816446587520991
546937,-5.511019649186081,1.0685282711322297
546964,2.439487397209986,-1.6055313588788385
546972,0.15220683557243578,-1.7806123353582897
547006,4.580696353658022,5.11486442845332
547007,2.8836895238732487,-0.1801318489332722
547037,-0.1346052647432239,0.18738335619037869
547070,2.777117554413046,-1.3588191499313214
547100,3.4543115402891407,3.4341537092516026
547130,-1.5264585274693458,4.338404090202098
547150,2.453368922850163,0.8464146998211721
547164,5.42348266812411,6.043640097635833
547175,-1.5892568879191995,0.8100856650212298
547180,-0.37594896680959405,-0.7457922963930952
547181,-2.232873187256894,-1.0171438519710836
547201,-3.5075320336901457,0.5678827168710027
547266,0.277475500866621,-1.59313191358367
547301,-2.8117326777019653,1.0759668415207513
547320,-3.5556940960020738,0.20885188955579256
547325,-0.020072751952470057,-1.875890306028754
547336,-1.041241485709817,-1.444800260162978
547342,-1.1597479670960666,0.18117019896083683
547412,1.534387402132209,-0.4378925701401602
547453,-0.5852391364225242,-0.5904115087896946
547458,1.1158946824909382,-1.178526357807228
547459,1.979137276801822,1.2716481369466026
547483,0.3040378617258181,-0.1101967253993422
547512,3.262092246170698,-0.44120157998719534
547555,3.4111016375297845,1.422966953322501
547559,3.832829068947795,2.23446460425804
547568,-0.5953991278694986,1.355230370409848
547594,0.32593234747820626,4.353205091734153
547606,0.9659460493534038,-1.8999458503725992
547613,0.007140722958879898,-1.705960243300021
547617,-1.767342559542264,-0.4706837770744191
547663,0.3872799596982341,-1.0175430457943524
547664,-0.10685885457788351,-1.7946787213483928
547693,5.163776441585799,5.2285916292558765
547761,0.26498461216219293,-0.26278828855704667
547776,1.1718257456672638,-0.5423604007257645
547779,1.6424355725169457,-1.2880081972310562
547792,1.3253529131205084,-1.3161736286282422
547817,-3.0281194392137265,0.6333513048485552
547823,2.045441497921876,-2.017040791663071
547825,-1.9511291820929961,0.27721043236829185
547834,-5.4924434433622435,2.6289784360347337
547836,-0.4866129681747034,-1.254703144156873
547857,-1.2990879465145069,-1.3720704530696886
547862,1.9337077496868307,-1.2456389904520018
547878,1.9560770117152628,5.268132977688925
547911,-0.23692549630443788,-1.3661851818817752
547938,-3.8091487171093616,2.812701795774889
547951,1.4405027172781217,-1.0873002859837329
547966,1.9265845374309012,0.07530987540210385
547997,-3.64005905135018,-0.6517662740213793
548006,-0.7997500542977772,-0.059343117545686115
548022,2.838060042570723,-0.57752212088197
548032,0.08721102711193408,-1.4309969331968442
548037,-0.2524657492113857,-2.039390628304966
548040,0.12089628125909202,-1.0177903095512681
548093,-3.8032055131320384,1.3594689542352998
548109,1.5204144726814313,-1.6810023685455935
548113,1.0330375423186906,-0.758596137664269
548120,-0.23032535126145678,-0.7643486051466208
548123,-4.877417787317703,-0.27215963115163133
548185,-3.063472042159295,0.14608832280332326
548189,2.414453390216982,6.125712227042274
548190,-0.27448506163755815,-0.2746141382312944
548193,-1.170608349531737,7.123965061586613
548222,2.400821587448259,1.1862466066433406
548228,-3.4704667096849384,-0.17736542883752898
548230,-1.311826861640523,-1.0464610615790533
548256,0.8002670722884037,-2.332664129866124
548258,2.989395539564533,-1.4328108260238628
548272,3.3837485770405396,-0.35190366889244973
548307,0.4076975021767992,-1.8014708177777043
548310,-1.249763099924641,0.015636576696990805
548391,-0.5235428464120252,-1.0569233573104038
548408,2.884659764793831,0.302702434084963
548422,3.964140632681679,0.5389254996403404
548434,0.9575288448184679,-0.7346480328319747
548448,-2.4058399026706967,-0.9852760285724184
548474,-2.186902992650249,0.09899940742477566
548488,0.15253554859550247,-0.34080670758194503
548490,0.49131430711533697,-1.6264985518993937
548504,2.786598267234848,-0.28174917248349524
548560,-0.42991939737980506,-1.0402487048169902
548568,2.6570921863050128,-1.7823354831343823
548587,0.33628747554462884,0.09701511650417607
548635,1.825051910716783,-2.0507937120902864
548651,2.3735134018876236,-1.0097701427120083
548653,3.5807991580543908,-1.3102583762206639
548672,1.5253382433777742,-0.7036482846313642
548708,0.8110805901415752,-0.5460593329704779
548743,-1.2403946790447906,0.3585192046520219
548853,-0.39012674791115765,-1.5236344999255513
548859,1.8581601341478002,-0.44536417085535496
548872,-3.440903379307802,2.3421368720829814
548961,1.7707307788741498,3.1242890289263117
548967,4.661397523902609,-1.2356141461139525
548978,-0.07289504544986233,0.16186046435439633
548988,0.8857362204035191,-1.126390618529877
548990,-1.1334056476435768,0.45322761655009197
549058,2.327208234267881,4.307583426448938
549115,1.9039332619029772,2.4287757372130936
549116,3.6366760131748244,-0.4614742877406373
549121,0.9650204052745867,2.336778161891895
549141,-2.7644557850633213,0.524313425486923
549152,1.8926688014827064,2.8303468563517833
549154,1.5422910093562268,-1.2590813969245216
549190,-1.417177445275775,4.334974957975518
549202,1.0654537119526892,-1.9596043796560605
549235,-2.2937983051501556,-0.970371439699038
549251,-0.1979122659467744,1.869108771697151
549274,-5.1499897491103725,1.372333145786842
549281,3.607312016722103,0.522241696926979
549290,-4.063961657623728,0.8111721617825192
549292,1.8947136332463839,-0.34681639475409387
549293,-4.8388947153420245,0.18316414562630712
549303,0.5743212340009136,0.5457503639857864
549313,-0.1725117514920648,-1.7851073368679893
549320,-3.171632751389272,1.6023183781073342
549357,-0.38256401723795486,-0.14894488182751067
549359,1.1932009235140948,-0.045741559582994015
549361,2.344109316986432,-1.377414587166586
549366,-4.733433539536426,0.16575348751017585
549367,1.8313612932188061,-1.8591938578393055
549377,0.28097817576613543,0.9605573622383025
549389,-3.1014228219711586,1.7199798751030535
549390,-2.3279612853828007,0.5972428015711603
549450,-0.48188400905872925,4.39686446261265
549466,-0.8686283112523348,-1.1262295390637262
549472,-2.593535479418452,1.2309135387164845
549482,2.928616228502308,-1.2527662016306942
549515,2.1181789062415284,-0.6226571623427949
549569,0.6553921338376634,0.2269414198000039
549572,2.012895907469026,-2.0035546842911
549579,-0.9759728454914186,-0.7864922941014991
549580,3.270716029128949,-1.7945699253199707
549584,0.6943577883117364,-0.7963836543699996
549608,-5.886197166449518,0.7550533643324948
549611,2.7092864356276953,-1.8472506267486428
549623,1.5840452985000095,-1.200720533271349
549631,2.6824412856437525,-1.219113062491548
549710,1.9688750074551482,-0.5806370980471393
549714,0.35886631730684565,-0.9420080908990139
549733,0.16646215090208225,2.322245155367775
549746,2.4432181315725394,-1.4413104671764487
549759,-5.515409656327588,-0.03889261047064379
549764,-1.6294055768762516,-0.4280576653242618
549777,-1.3682535877020274,-0.6841462863185008
549797,1.533728065711952,-0.28343017601067944
549800,-0.6869871313275876,-1.6189905202885249
549850,2.231464991976138,0.03431350010595257
549894,-3.6785040393996615,-0.4697348618571044
549938,1.1261906712077387,2.868603321488129
549988,-3.7064481290544666,-0.4293438716970976
549992,-2.3451167516778515,0.26816709831722707
550017,1.0217126154166671,-1.0616875559062415
550019,1.9437264742262788,0.5307400773599953
550022,-5.768671651967704,1.973983226932376
550028,-4.489017428233357,-0.1642969050979141
550068,0.7453202971308218,-1.1981031976477763
550071,1.6936215016507645,-0.4901366147803082
550077,-0.08177579785951095,-1.0424786649392737
550105,-0.888374548335753,0.17696599755592904
550110,3.1060188983256576,1.6875621213361576
550134,-0.11610808086298917,-1.0627222460790626
550193,-3.044830608302343,0.1099520523862082
550200,2.2500146007856188,-0.6444445325417216
550202,2.0271231317844056,0.9625655265328518
550221,0.602623206016964,-1.5367377834664036
550222,0.9725214071681982,0.3859210525122051
550229,-0.6829904541288965,-0.4385163556801582
550233,2.789419976831331,-0.4615897959821656
550298,-3.36877688870303,0.34501233172394147
550300,1.1691414743517536,-1.9925214142486396
550317,0.48373752536456055,-0.49615595571250465
550400,2.85941293239642,5.7551684838886725
550421,-1.0298807611816747,-1.4998509051716726
550426,2.255886623822615,-0.9236201162923411
550442,-1.1383361039584683,-0.030467726718909977
550455,-0.7806818568677177,-1.0647926921879631
550459,1.2504416172059534,-1.7083261011840285
550460,0.9816712418697108,-0.7919406384870078
550482,-5.7652683001862535,2.56700019087209
550506,1.3627482935399582,0.6558585630035456
550514,-0.7999057041422925,3.381907574418398
550572,0.01755247681212692,-2.2959562125306276
550579,3.299711348173557,0.8369130034337194
550599,-2.9921000920180743,-0.7018236227075635
550627,-4.02016972149632,1.3779611735986337
550703,-3.2493611993527334,-1.4841818110359353
550711,-1.7575020351408186,0.40313457268092734
550752,-0.5139478082259291,-1.5947427713819196
550754,2.2499901994519473,-1.7867717614171963
550796,-1.5004061424722492,1.937287912037987
550804,-1.9092573932619636,-1.5502381331196224
550805,1.45520122498078,-1.1719717033227681
550830,-0.4110605875766795,2.6843057385706897
550868,-1.1448175321522382,-2.1594690677096464
550871,0.9104321201072042,-1.1312925649645256
550887,-3.3203229495528594,0.5036670338364683
550904,2.0694603971895082,-1.844679837064345
550973,0.9157899055256848,-1.7567811331615644
550985,-0.005362414603895249,-0.844422753441498
551023,3.540117592801518,4.1512110772795054
551032,1.0832701111317402,0.5471698594849216
551042,1.2628188003851182,-0.8549133807318249
551051,-2.8234107702158453,-0.6907267195761436
551088,1.992974924264986,-1.3289936345281301
551116,0.87320381393388,-1.015045091456853
551166,-0.9320353714628661,0.5570746698548944
551210,-6.054180701389561,3.0325595586284786
551211,-5.461627029165973,1.4651330813146468
551217,2.3862602931566412,1.1092711693052248
551237,-1.142017878338301,-1.1629893055915161
551241,-1.2530541024270696,-0.36621013515759004
551245,3.868985555591878,4.373597979180982
551278,-0.9550437240752315,-1.148072023628346
551282,1.2677601859716794,-1.6684408455696396
551331,1.3083003586610502,-1.3800240141381594
551340,-2.6023410803831695,1.7086122231883711
551359,0.9645573007893293,-1.5442735684797424
551430,0.2080826699135644,-1.4819043456160113
551431,-6.203150503083281,2.3478916786981343
551448,0.09537662011764328,-0.6985436201030485
551468,2.5457825724523113,-1.4726521432138828
551473,-3.3501226652286764,-0.8027368679225767
551486,-2.908761974842326,0.9092044997539439
551488,-2.89580441114073,0.6815079789245732
551501,-5.315333753171947,1.4011912729931386
551549,-0.6679100072832801,-1.3064122618749126
551560,-1.3282068755160745,0.5553944160199695
551567,3.5493395650381223,-1.8561599430913038
551576,-1.7167886557437015,0.8414552345871923
551600,1.505912541407741,3.4202482529870215
551615,-2.5727439728306103,1.5672238661715372
551620,-0.9092967289939244,1.4231844047968558
551622,6.923607296597829,6.471873123344547
551627,-1.2160110965514264,-0.5354046483229298
551662,-0.820468659553728,-1.110952754115829
551665,1.144254479966131,-1.9211066372992918
551671,-5.555067317645758,1.362993590111264
551681,-0.64981767391329,0.24387259672575265
551685,-1.0099685823045317,-0.15847072963616932
551718,2.30839788934302,0.4976553848279162
551729,-2.11453749029308,0.23114208183223903
551804,2.6417359279721553,-0.2153953634605972
551834,-1.4455942621064348,-1.5480424901299839
551847,0.7029206857193324,0.3093439626244973
551890,0.13866779997693937,0.21608278705162462
551908,-6.064647585995727,2.949547007359051
551914,-0.5699709360775543,-2.0342427897878737
551935,-3.539821986383409,-0.6591486913019631
551963,0.12958815156606013,0.29265702598075555
551967,0.37156264396960775,-1.2725417845250664
551978,-1.7856117832859573,-0.2450131463577203
551990,-1.093696116276295,0.09791851315878063
552036,1.0276861292797799,0.25338644607094035
552088,-1.3688782725422535,0.2788746602381143
552165,-4.901650503428977,-0.7445245797755967
552172,7.83831988883673,5.903656030960232
552192,0.8030902470476653,-1.210155315764329
552209,-3.800840518773224,0.18561299701551723
552302,-5.745113465765097,1.7545882236741481
552303,1.7348108282323311,-1.7438098037809624
552313,4.16290411684177,-0.7765345576934521
552314,0.05044993606021834,-1.86731895534828
552345,0.7157336743960122,-1.9071078253132627
552348,1.7382255502623927,-1.6242730904084253
552363,0.20272558807199034,-0.5388658962974385
552364,-3.273177265002604,0.09335670900615267
552366,1.5536264531404032,-0.5987354188584566
552372,-0.5450842659008271,-2.194529016246823
552384,0.2072948151817209,-0.28376686705411214
552414,1.446524559160744,0.3801016897014579
552432,2.2801253332887423,0.37152345282597954
552440,-0.27632829032343703,-2.2246840916839608
552473,-1.5719181397874804,-1.1051562859769997
552487,-0.8711750234385174,-1.3922567464495879
552506,-3.773919443761241,-0.0407897622743432
552532,0.49048501136919875,-1.5012989837315038
552535,1.527993576722174,-1.9436955582775928
552558,0.6083911195545025,-2.1265267742825684
552573,-0.7848285988761243,1.2051674103869088
552597,0.8052531382371338,0.47757955502933935
552598,0.12113704104789265,-1.8259052913037976
552613,1.9359346261158832,-1.3642618466802774
552623,-0.5679043941097132,2.840136759294695
552642,0.9301554850941216,-0.6580188054846411
552643,0.8985279303956092,-1.6576146700185923
552649,-0.9426816424604137,-0.3368616422288828
552653,1.553895420892085,2.6018907401322218
552661,0.558162816564292,0.7741488978693359
552726,-3.4651245153759054,-0.043455973370181575
552732,1.2867873198993995,0.09796836728595482
552734,1.2842855735718448,-1.6311237115706376
552760,-0.4768786118128507,-1.347538031667998
552763,-0.06766224149666308,-0.7188481565767318
552775,-1.9983788814346133,0.7635875310955448
552809,0.1675596130169538,0.3406097970363627
552861,2.318881189884407,4.5827746517845664
552904,2.1541282855608364,-0.6058812307506359
552929,0.16777646303907268,-0.4471950159172417
552944,1.9905162332143387,-0.9405641399721807
552945,1.307005442280395,-1.4415113300231759
553017,2.5966285442174346,-1.0790551827908845
553054,2.5760966805702816,5.575270665279611
553139,2.329294647815181,-0.3926463913531149
553151,0.6056635645023503,-2.1173369758828753
553208,-3.3256022346738674,0.5742861030472026
553219,2.615161579014576,-0.7950563577899769
553220,3.393905473614778,1.73878997455655
553231,1.0190892008352403,-2.13654037507081
553245,0.7791249434391773,1.3212984421762561
553339,2.504366210601275,-1.029148332982304
553361,1.2011897655913644,-0.49277751021880223
553456,0.24916237383146828,-0.7692170709985995
553533,-1.1329997240037908,-1.6757725807147743
553559,-1.8314818996268505,0.4455955549543311
553568,1.989369436158604,-1.2949836018707688
553607,2.149506482044995,-1.5611595634259117
553631,-5.41268939252376,1.0763330789764605
553633,-5.483151734364527,0.9015065144096129
553645,-0.3718748070598439,-1.0687117523190817
553664,0.7254738096818361,-0.23555115190203593
553690,-5.787344401118664,0.17494794844731384
553704,-2.118691530382432,0.9738127896981402
553743,-4.684831604104779,1.7492408027867838
553751,1.1309659588870986,-1.2895417056561636
553754,1.202592574737318,-1.0484430845297352
553773,4.512235371039147,1.6096731428129805
553783,-1.5498196774845547,-0.40670289703228607
553791,1.2250058127807537,0.20840743617197496
553805,-0.3033317025904358,-2.1341995237187126
553876,0.619184913043486,1.3732456785385538
553901,2.7714264043380923,2.3303038988900675
553904,1.1156384793804315,3.4118004095878383
553938,2.9351275989286743,3.2152238672899904
553943,1.0786612876045658,-1.6573638456301467
553955,2.634137664444707,-2.5228411993270856
553967,2.86283220001605,3.054278266157605
553984,-0.6262301024844853,-1.027665417113898
553985,2.733346400093981,4.755660729276087
554026,2.1806893352043497,-1.9115150420803455
554079,0.18234272135383447,0.3196914023069364
554141,0.8416533376908312,-1.3593829437195721
554155,-0.8109245525339724,-1.1804494298786246
554163,3.0124225886666465,-2.222258500137361
554175,0.9502912639731024,-1.4209794859234295
554202,-1.8228734726152331,0.9455017116730539
554213,1.1785418716493004,2.793611686203233
554217,-1.0270275936708502,0.3209211022983507
554269,0.7666176827535852,-2.193188449675937
554284,-0.5931565699152146,-0.36682669377045735
554289,-3.9279043196675607,1.050683674041564
554299,-5.408610162713304,0.661148573496629
554357,-5.487976465126133,0.3467275030073779
554413,2.2150115218534654,-0.9463145010855074
554444,0.21106070501477878,-0.5461180626128611
554450,-5.574385391540712,1.8419697015650576
554507,-1.8332713495793083,0.21706694429633291
554532,1.1041772610144647,-1.0459559611645568
554560,-1.2782053086517002,1.8716889553227583
554609,0.28511493098024027,-0.7014709237130985
554632,-3.8721677915661696,1.9627395466916666
554670,-0.8972804320459713,-1.0119376874076764
554681,-3.3254295162577034,0.30061596878309166
554724,-3.779774023216261,1.0722276651243112
554753,1.9040373350911481,-0.2772863472657559
554801,2.11522519850622,0.8285786478998591
554853,0.714781355645147,-0.2275315964694171
554866,-5.881438900910907,1.9391099739738509
554885,2.354799156918361,-0.07584612664382043
554922,-0.8703688500007507,-1.7176025741316134
554939,-5.219033031654935,1.9614858121815435
554949,-5.41664472338981,2.316810190241871
554956,0.3071342364111084,-0.9071032622513111
554961,0.11034749467499,-1.6924885814545716
555030,-1.904942627566645,4.346497292020994
555058,-0.7886646087088404,2.6143838258460232
555075,-5.84541192328625,2.3386897468022574
555083,1.0021671012649496,-0.8459923639184163
555108,0.23111482445561393,-1.1915651597836738
555135,2.039155014801603,-0.9502533190748147
555147,-1.5722671809303972,1.5464230922724074
555151,1.2137423206969467,1.3884664787341228
555180,0.007785982890709642,-0.8636844200541505
555186,1.8860699747713552,-1.5512091969190005
555187,-5.729488288448944,0.7040939566196018
555191,0.6042211040665928,-1.3593856693887452
555193,0.09758344283875103,-0.37346796559422146
555203,-3.1062101553665786,-0.9075967939710949
555206,0.8346537013832043,-2.0851342672386326
555250,-2.56948075012315,0.4788943646619369
555257,3.4631693963093717,2.6435315303644935
555275,-1.0424089204075295,-1.5267393108560474
555277,-1.2742654853588768,-0.8773859423145934
555299,-0.6963284568521566,-1.744871202511056
555301,1.3288108275222512,-2.2174877676872686
555310,4.53996979928056,0.7525936090918176
555326,0.10150345880117835,-1.6387713511010737
555334,-4.076520122362581,1.6591877354277518
555418,-5.523980718211408,0.30575185556621864
555428,0.542376042024818,-1.6286526003657242
555478,2.4173474464780624,3.5871691510084176
555484,2.7627762921780565,-1.034907088088998
555492,-1.8567840935608364,-0.7999424737480362
555499,1.863894771495701,-1.8504959696529129
555521,4.149043577840829,0.2625763065730054
555563,2.085839192573321,-1.1425115803959325
555587,-0.041903799327268426,-0.15494760592205686
555600,2.2811801104493017,0.28506971513567114
555648,2.7359302183367014,-0.6391777880417141
555656,-5.504315588051939,0.8849283627390429
555698,3.2151416682037914,1.8144386837031548
555710,0.7932290410698347,-1.6259158448340154
555712,-5.517819721937265,0.3452992495489386
555751,-0.7537270101601553,-0.8486530723592729
555770,1.5739161308665868,-0.6369438753913493
555773,-1.4460596420267957,7.09824089793353
555782,-0.24701678229742488,-1.4106008598161006
555784,1.1283300577413482,-0.3251066441395359
555796,1.0902912508404314,-2.0818125364095064
555818,-5.59640492057286,1.4371991584364658
555850,0.7092552995944367,-0.7124782310597619
555852,3.533779658077997,-0.8252915685176403
555894,0.7535900744190643,-0.8219322898523153
555934,0.07781679497927595,-0.7923025273131921
555960,-5.594154235878247,-0.21154715405214675
555990,-3.5362897651874463,-1.2971433803440913
555997,4.054259655020769,-1.5205604301985365
556015,1.2279693947961008,-0.3830632086094637
556019,0.8955766843819013,-1.714883648218921
556043,-4.863497762304379,1.574169267361607
556052,0.07916806283829278,-0.46646357446643927
556067,4.0659738851233005,-0.411030673762929
556111,4.118074384595323,0.3118813504840079
556119,-0.06268183671308918,-0.38846771217748516
556127,0.5275489069253595,-0.34432066118730176
556138,1.0344232126811181,-0.27661697156517906
556199,-6.298418313985558,2.3645992259285764
556214,0.10077056128094401,-0.748842305171776
556215,0.21736398586315298,-1.0372746297134587
556268,-1.17157946901877,-1.592779334678756
556274,-3.2125888449340407,2.924810338750603
556314,1.9760360992972168,1.5208715815259755
556347,0.760347777553079,-0.3996700346546067
556391,-0.6419349760613748,-1.054520914895213
556395,-5.812680825652976,2.2437479760800256
556417,-5.190076437014075,1.11786047881011
556533,0.7246190701019973,-1.1488775312341375
556579,0.854860916612173,2.972992236648385
556621,-2.9502123649325096,-0.9451005957602818
556622,1.149198712843003,-1.7921676499770456
556623,2.323459041338395,3.093783740436281
556647,0.923452180729541,0.13821966852768908
556673,-0.6279458103889063,-0.8383611436831828
556714,-0.7643248135935922,0.0564850000142018
556744,1.3999786636583336,-0.6346235444465133
556824,1.484193695789816,-1.287854788613989
556827,-2.6895403510307485,-0.7401238682808846
556830,-2.084054214449707,-1.6008287502047696
556841,-0.7938944304578995,-0.6152957955346833
556887,4.73349163230284,1.9427571521302283
556900,-3.9325032836025478,1.2541991134509107
556904,0.7241389625994615,-1.0938491199603257
556906,-0.000628875231407136,-1.2917733226942885
557005,3.614582044411735,1.0175169678737073
557010,-5.953161289194418,1.7151482539877048
557033,1.3249809903138525,-1.0328079975969506
557036,-0.1079196828267504,0.884497133150985
557055,0.4586455246703915,-1.2599655676195782
557107,2.6635332324696614,-0.5782588482412212
557108,-1.5390916319014798,0.38814688049329304
557118,2.13365082205303,-1.3251247802140946
557134,0.8942901553522139,-2.2267702540738545
557236,1.5448093487358128,-1.8310811812130083
557248,-5.743965519991514,1.461426447198735
557262,9.663146600191522,7.430991484510931
557282,1.0287643707450347,-0.14136701644928412
557298,0.1744763625173852,-0.6411229571737924
557307,-0.9666477439633784,-1.7425913886880213
557314,2.6243203065562923,-0.9759682415148284
557343,-0.8641759048565206,-0.20563297158924276
557402,-0.5361002175854548,-1.5370239968361894
557449,-1.476279089490364,0.019494637938768176
557476,1.6610908013791932,-0.3891918892622685
557492,-1.1599432489265868,0.4402429034314059
557496,-0.7687392392338637,-1.436225444699336
557508,1.1829893691402078,0.19290884136772357
557525,0.5097190306401159,-1.7602006095835838
557562,1.4404409706049583,-1.3307915209749062
557569,0.6150554679349034,4.187646835681925
557643,0.8640986427726535,-0.5546733610556339
557672,-0.29732724771584146,0.14381254318149697
557692,1.065203269630442,-1.0650560143691263
557726,0.0065254069283764765,6.04095451639834
557762,2.634412275989446,8.421830959195468
557794,1.7015595567716453,-1.4507218522753473
557799,-3.466092880583048,-0.1640749374292648
557815,3.8776108308399158,2.913209932091831
557834,0.872856802942095,5.4271609121499305
557851,2.9150409026573496,-0.7995697939323712
557875,0.668208234879658,-1.881006771719618
557876,0.1628784317059016,-0.8748248360197013
557879,0.9057440367409031,4.7062827792214215
557887,-0.9489020716090834,-0.15027452082527712
557921,1.5836509710802311,-0.82132676637396
557932,1.0414635000932615,-0.28346911255365825
557956,-0.9668685889223643,-1.0127400042395973
557957,0.13980379190205966,-1.3979770011869002
557963,6.931128322917477,5.404128084976477
557986,-0.8151547852520682,0.35388310055665123
557992,-5.566858387042451,0.3281878306101952
558018,0.005812632549761202,-0.6322612691581879
558019,-0.002134984615772664,-1.4731188100891301
558081,1.04527971570677,-2.0431724648172356
558114,7.368833210300297,4.090094522486883
558138,1.2026842177631247,-0.1333449014758463
558147,-3.433148449373904,-0.9585071554214493
558202,-1.6318922346132476,0.5788148431420936
558204,0.01055778877386024,-0.3260535039684992
558251,1.203458146854096,-1.3542882140756718
558270,1.8669993749038993,-0.564337737173703
558277,4.908762714795757,-0.9662545087503707
558294,1.2247393578948047,0.7129148367277005
558300,0.5342677194004142,-1.6169125696993953
558362,2.2525028578399473,-1.8980017104264504
558388,1.3772087584384145,-1.0000621253248774
558394,1.1476011399368276,-1.2264783858385233
558395,-3.1479045678287916,0.44587799853527277
558437,-0.2223921288471239,-0.9765387685958155
558466,-0.27200512917132635,-0.7906984784525162
558489,-0.8113514842972361,-0.4807469016322748
558506,-0.200380287514412,-2.356635329767768
558513,3.1136941141545527,-1.0671585017064955
558651,-1.8043760882667053,-1.290301766572915
558659,-1.0655002048016091,-1.3352810824491073
558682,0.38094060480428804,-1.0428555839575628
558774,-1.9407014065351218,-1.0669121521860976
558786,0.6649222586408532,-1.3868071353666
558838,2.8116165044287094,-0.35534611119198506
558851,3.3689034907133073,5.144899388441377
558852,-6.075882083812508,0.7148902926491533
558919,-6.02006013178968,2.466687627101962
558920,1.9402248809822966,-1.1200939985037843
558966,0.6784353794652281,-1.8227617305600763
558987,0.6613731276491053,-0.6653661080587331
558988,2.5433650696515415,0.41883676847882667
559068,1.7799283018655063,1.3989389043860307
559071,-1.9649120920887682,-0.4925981670457178
559093,0.7924258729668682,-2.199340328307716
559094,-2.9289820339841226,-1.7611088435884574
559107,0.73327236588342,-1.2180011293394462
559112,0.3896165775593985,-1.9929299348882672
559146,-0.22676230495564478,-0.8491807472115551
559148,0.09312411801418827,-1.1386203288766863
559164,-2.097560803661765,-1.0705094226369738
559176,-2.078621193812101,-0.14828187038283344
559194,0.7444135955951793,1.7248013011986205
559211,2.040724060934095,-1.5136168486433486
559226,-1.7160819411855208,-0.502228641336099
559228,-0.528048352493985,-0.6131900559108358
559266,-0.7726454205763552,-1.3453983255950333
559277,-1.451654132242417,0.809245027364173
559324,-0.14417037302402028,-1.2716688313750302
559345,-3.0362998274375332,0.5681459266721147
559368,1.1130964633156717,-1.4177249266452079
559407,2.363594049311051,-0.5921507342299469
559432,0.04856145047528648,2.5754809295418024
559441,-3.012397404737748,-0.4246058864465565
559461,-5.538897907251586,2.233317212004336
559464,0.1911955973961259,0.9973558396066031
559465,-6.070723496224636,3.4364757054586366
559468,-0.867292210354086,0.09016945946319069
559469,1.0269177218920993,-1.8859054349177493
559473,0.7272475684468683,0.08306489691152195
559520,-0.3093911133123609,0.9447016045402568
559537,0.9640169899987614,-1.2098093786308066
559547,-3.380119300060862,0.740013241484607
559661,0.047011098345010174,4.205163580572122
559695,3.360197570795442,1.264594882093512
559712,1.2094983313287002,-0.8736874720338507
559758,-2.8697905306023275,-1.4097933474888105
559772,3.7186438662002748,-1.5321877974537843
559775,1.5940192814447394,-0.7688037991276899
559782,1.8688832277206997,-0.24726311614882174
559787,1.6345683748758442,0.25150136990299193
559794,1.6049578395421071,-0.38437800114281484
559832,-5.55175484765531,2.569302495739869
559834,-0.11358537434264311,-2.1883980455543885
559846,0.40588223358064074,-0.8928958668864803
559863,0.6611566876276206,-0.1594664216900398
559901,0.5355635866275281,-0.6245863253377629
559918,-0.7289785713873549,-1.52489895140215
559936,2.7442402648893824,1.9949255662888992
559981,3.5737242591379967,-0.8072265781400522
559995,0.6370415754599862,-0.601431907847979
560015,-1.7834296734606552,0.6094768320074152
560035,0.8834754217279541,-0.6816468344505486
560065,0.5479260188498447,-0.8493677163493175
560078,0.04904092651244221,-0.7026487317228259
560085,4.938533021134891,0.31296386260329845
560090,-0.31642495301787205,0.36359881505718933
560125,1.2175911434207207,-0.32837255276732763
560175,-1.2793098749891374,0.49866543380618517
560195,2.5875751255310324,-1.2437605604022788
560213,-0.08177025139129025,-1.6656594227614174
560245,1.4745950388664526,-1.1642019155026169
560257,-2.810393858850334,-1.8340694930172
560273,-0.01651413425607369,-2.1593605860507847
560279,-5.586521062386919,0.31984884926565815
560291,0.7104313586341665,-0.49988511861091417
560341,-0.04873218622061229,-1.5914712148201706
560362,1.1967670334252845,-1.678098526342703
560367,3.2582165029297547,-0.8791217072305213
560374,2.2736877550030132,-0.9603409942350013
560433,-5.956824976664876,2.8657428810527685
560468,1.792762543635237,-1.365544723948564
560478,-0.8988075670053617,-0.8236265784758342
560495,-5.4648005467920235,1.084642320251592
560497,-1.9567984248438133,-0.9337677120865168
560508,-3.696179502911386,-0.04477297656649461
560511,2.4798479985021293,-1.3974521516456297
560519,-0.05484507046696306,-0.7065539086309407
560529,-3.851709298634093,1.5989941974363786
560627,5.86240413319717,5.12636304714571
560672,1.1643560123456769,0.7823927093152333
560680,1.179847366739966,2.3095787538272297
560723,-4.823282574522641,-0.1721210893922855
560733,1.086363904982551,-1.4514141880885147
560739,3.53322995557425,3.9747505614998557
560747,1.2654106749629714,-1.383827815952972
560796,0.5461599670700041,0.33548163741828296
560803,3.2554879843108733,-0.2972895300434503
560854,2.5428388012444234,0.2712355345358591
560870,-0.30871079757899356,-0.9562313015403678
560888,1.1216027133160056,-0.8872159926434856
560897,0.1948898812980341,-2.100775729775648
560915,-1.5672731588737916,1.375177305700212
560929,-1.2477310852255754,-0.7465980011019858
560948,-5.420264248645957,1.4304572851597697
560949,-0.02339616098732623,-0.6695857449183744
560978,1.9095175022823772,2.2549466116132018
560991,3.45966391197399,-0.9513200490300978
561013,1.212292243815264,-0.11313627066319532
561031,5.09276023080737,3.413045241188391
561033,2.0400231690096238,-2.0637571710369946
561037,-1.533974084347717,0.20925205910216588
561044,-5.515389895849382,0.5406843154953065
561054,1.1760754758165464,1.3728627914115619
561156,-5.538442250282392,-0.07305984564234243
561201,-0.012584018271885055,1.1435527516789834
561243,1.3880069588390442,-0.8570704103496452
561288,-5.24932131178662,1.1510280910395643
561326,-0.7693789440258791,0.4712279969446213
561331,0.5493618596719542,-1.2553910366780776
561333,-5.831898339636401,1.8678020719297024
561339,-0.11802520662433304,-1.7294292399938807
561353,0.6799338442938467,-2.0081512591283377
561367,-0.8220654697802388,-0.985405680373911
561386,1.6650487228914563,-1.8908636870471742
561503,0.6710216144303314,-0.8276426885761292
561519,-3.2855849771232277,-0.3305191175245991
561642,1.123689985535448,-1.9128299977103447
561652,-0.039570899056527276,-1.0035112300699598
561653,-0.22579214551201485,-0.8249826575636824
561665,-1.6835692549772963,0.1487237592415065
561687,0.800648910809202,2.003215435208819
561699,-1.498882634005198,0.32677004056491293
561707,-3.165414485425846,-0.7367753207459524
561710,0.4501045492126679,-1.281784208618706
561798,0.8838709093708992,-1.959171690683464
561837,-0.7739072857474109,-1.9640858169812003
561846,3.0021897702939815,3.3943610031192137
561864,0.39698219291033987,-1.5259814049821805
561896,-0.21121688825808446,-0.8658391909486792
561908,5.242991356886275,6.736926282689852
561945,-1.2632689005926059,0.8051414615330447
561950,6.616165271819648,1.5425655444070554
561992,0.38147244344809766,-2.0311183740360574
561994,0.891614732949517,-1.0540870497290429
562010,1.0300489799087555,-2.3019608113095558
562032,-3.318434967255517,1.396113513782136
562042,-0.04937402767622384,-0.5194997365265029
562108,2.9723127286331548,-1.4594232604749133
562148,1.9255528421329526,-0.466893529916044
562161,0.06572122006151383,0.34553712730437985
562192,0.36244925536663347,-1.3114263931438115
562209,-0.4418480519985707,0.4136958853468063
562238,-1.1780933493079255,-1.8824301717598928
562275,4.846528430234441,2.4483094269159835
562283,-3.1394292639523513,1.0334964239055697
562315,-0.11318160016745824,-1.0843600770994515
562334,0.9257034438264677,-1.734276499486604
562338,-0.40506283660476444,-1.468802978834768
562362,-0.6446085808603961,0.0866956415674807
562398,1.6167543009148782,-0.1477532036044226
562416,-0.31231558237142054,0.11247326507056205
562417,1.4430872038110933,-1.7716234739327128
562428,1.7114047226173343,-1.0882161504130836
562490,0.3160506466445734,0.8175363063658021
562516,-5.820395529043813,1.1548293665451637
562529,1.652199225753679,-1.6371364050867105
562576,-1.6769583639932901,0.678995322726245
562585,-0.9412043087081394,-0.8113272926267934
562587,-3.414604367963789,0.3671256006524171
562612,1.8853447381249517,1.8621059690862638
562641,-0.5803349244758547,-0.8497330726975582
562648,1.642250967420263,-0.35515886031012783
562708,2.338042131523594,-1.7601335981222506
562814,-3.9856404202139957,1.194257176162874
562832,2.3650439129597705,0.16488746811947955
562843,1.9670556352618664,-1.3551183869818655
562869,0.7921131815096637,-1.2997016162196722
562886,0.42772831571102143,-1.8555858476265672
562888,-5.566042731191491,2.2216184382513373
562894,-0.9336791722850181,-1.6573605686771429
563012,-3.4428716258657612,0.941169666539974
563021,-0.8822719190486882,-1.8068889739590859
563052,-3.4367455162733354,0.924344063141194
563059,6.5277356399488,3.9821136598963536
563100,0.35952467327971,1.0529384781868771
563148,2.717520958493016,2.558721995716787
563162,0.2784962164555606,-0.3797667087973735
563165,0.7116940620027857,-0.5854627847384819
563201,0.6751133784116958,0.5669422046995698
563221,2.3451742498951766,-1.5266419469550374
563253,0.1196883963216132,0.971672456779045
563254,-0.5111470652765508,0.5586772069532888
563266,-0.7371371747540366,0.6671681416279148
563315,-0.3750975442806056,-0.563382854794461
563335,-1.7347060314715548,-1.1918585685865752
563340,-1.8852329075762517,-0.3889415626324734
563342,-1.409353573365329,-0.22899032930937524
563343,-1.401406743699424,-0.1904413815140426
563375,-0.6919153551938773,-0.6844495040120971
563410,-0.5725940341761656,-1.3972844441397765
563425,-0.1866580493914845,-0.2714930643131919
563482,0.21654254534099207,-1.5778252762510412
563483,1.83126594264106,-0.8369049414672894
563489,1.2727682402760134,-0.2705009401268828
563507,0.3418595058371105,-0.90506511221179
563544,1.6796557334461808,-1.2458841563162106
563588,1.2028941813781342,0.19372119039462357
563592,0.7559032156330303,0.8751095942925117
563598,-1.7711251307571056,0.8040667398826196
563679,-5.989269594505519,2.4244438265636465
563691,-3.9910587544477445,0.6830997769430709
563711,3.167171000494127,1.531199882911162
563731,2.423951230817736,-0.8339149698083945
563735,2.63335748765942,-0.16516802904874267
563736,1.613210563578984,-1.325218866434185
563740,-0.3205750797744312,0.6522580924751795
563773,0.21353963845703536,0.6397495805851043
563787,0.7089696431916203,-0.7730425449362333
563831,-0.8705963235244152,5.321556024063304
563853,1.923898941370181,3.8628871254884767
563882,1.7072899213289683,0.29788234577701894
563896,3.464770931433885,2.1765705464215896
563956,0.1981273128036142,-1.2346839047528124
563974,-2.7758245519086326,-1.4298652319794676
563995,0.5459491033183004,0.26532107077939904
564052,0.903608108322875,-1.9067192490065648
564100,2.285890102705501,-1.1645202690442813
564101,-1.4296766046906701,7.252771583395674
564112,0.8373560438322604,0.5771094600421841
564182,0.3471709483072618,-1.1750605881722198
564204,1.9293358962330767,-2.2211799113071375
564219,1.1623060674241124,-0.9500250575488607
564234,-0.7247972218604414,-1.1675010176569636
564252,0.804859906073946,-0.6195759055869101
564258,0.6966737609988691,1.6740304313318843
564306,0.9828054939175969,-0.6439782019911542
564312,1.2760883240406788,-1.1576616495908587
564364,1.8390096884192308,0.8075664915633293
564369,-4.89968122195699,-0.0334499992771074
564377,-0.7804401842140671,0.9724510532955011
564430,2.71846061586596,-2.0420077075246232
564434,-5.313615699505359,1.062676022302789
564495,3.8435798556116576,3.1189800060386355
564498,-5.821778370863914,2.960438806127972
564517,2.2477756770496846,-0.8850380006550016
564534,1.9425923476891898,-0.8198575115316658
564588,-3.2897432011989602,1.1486322193143883
564593,-1.363933734396722,0.5113792889208353
564596,1.860363906622221,-0.9336843231654768
564604,-0.5069073610057295,-0.3479541102523117
564606,1.1812253119611915,1.1897274368159154
564616,-0.18317734772752234,-0.8514504334297284
564620,3.8336663612752107,3.791889649445753
564699,1.1932374729589061,-0.8659550686624233
564713,1.1634973059209248,1.1581423588682394
564736,3.6952194439458306,-0.8657480252415178
564737,-0.8606263344212213,0.1414177948127131
564792,-0.5410051821736205,-0.7954544948474924
564822,-5.525773326865686,1.6563101746240338
564842,-1.2352860774036118,-0.26282858501063616
564854,-1.0644266160084344,-1.1931969378937826
564962,1.447044084337907,-2.081772406719153
565056,-5.861668684095827,2.361426218766906
565070,-0.6305795867757915,-0.24815910487823178
565076,-5.62040511859967,1.9399651518737087
565109,0.5969953824114281,0.7831400698678112
565114,-0.07344240568365779,0.6072781889718598
565131,0.5207557009772037,-0.5815010224496491
565212,1.2248545210276733,-1.1714980544862348
565240,-4.991853032699235,0.5599700471494389
565251,-0.23070022815167784,0.6855395963970058
565265,4.032680246431422,3.4749519256398167
565275,-2.379089349003234,-1.7521606112230697
565280,-0.9272537285022373,3.195685658652193
565294,2.863086738569779,-1.119616241080188
565301,2.933532411344616,-1.5733462738023656
565348,-2.89890098185977,-1.5811660090132187
565365,0.9966188679372274,0.3436045453208415
565377,0.8004380726534149,-1.7457755457381212
565387,-1.336358425009049,2.439044136561712
565419,-0.4657730996378706,-0.29405247701746423
565459,0.18238941795433497,0.7564392545075111
565460,0.1914845741648463,0.8313454946764747
565464,-0.07354924706867569,-1.139113402357009
565467,0.3380334790526674,0.6975457154820115
565487,-5.850450521025078,1.8245774746049912
565508,-5.120648879998745,0.6450010369763001
565510,0.2842924191867899,-0.8654543661558387
565511,-1.2868889578373461,7.585720791238108
565514,0.8482227182534627,-1.0874485289327689
565565,2.585924736253658,3.5396689153282606
565573,3.6549045889809633,-1.434213983013617
565582,0.10068953136856355,-0.22395407123972594
565601,-4.772565387101389,0.9093724794619956
565718,1.0743579677361328,-1.3989632930233022
565755,-2.4327193999189713,0.5831589941391617
565764,-0.4921339651796918,0.41221678352019203
565768,0.6079491608247147,-0.713956730299158
565791,2.3174254520099873,0.09814742500712442
565826,-3.483247518196899,0.04621911997562252
565827,-1.1461202043035597,5.649170654376312
565841,0.2908570731984248,-1.643364384993907
565902,-0.48729393160752627,0.6896223560717198
565910,-1.5602621994163024,-0.10911817711919336
565912,-2.4066988726582816,-0.40869350104268704
565915,-1.5176359940904562,1.4267981767012732
565935,1.0276443307853087,-1.1161598975176596
565949,1.1875838230861226,-0.4088827345464534
566002,-5.49758017411662,-0.08592459658696243
566008,2.924514787624678,-0.016480811896580624
566032,1.2327246761215214,-1.6054485160751593
566044,-0.9230183316760373,4.877974185302197
566059,5.344063937873602,4.081301201252078
566061,0.6629005430188055,-2.081749089740585
566096,0.5642644573704826,-0.898774540214632
566097,-5.6144300383349375,0.5278156396642254
566152,0.8327847779499754,-0.7893924794479489
566173,-0.48941387869846903,-1.1450536505425841
566174,1.1666006721389701,-2.2660863779402627
566196,0.021338212452038516,-1.803950694829618
566275,-1.1599829432969726,0.3254891128403802
566279,-0.6632667928064326,-1.1144502559068616
566312,-1.8893795916710543,1.5998134628876497
566336,2.803874667158669,-2.266462426406638
566338,-2.1063942478145785,-1.4349714676755827
566366,-0.5104296464182364,-0.5450435707627902
566424,-0.7103348801345163,-0.2860017675128696
566432,0.43663737924682217,-1.6565988748440053
566455,2.762923502584475,-1.032549703611508
566456,-5.562830005885954,1.2619665435313059
566489,1.3811143642324237,-0.7814096586625748
566533,3.1476131683672004,6.428120874687075
566547,0.28311381507930544,-0.4434187598829688
566592,-5.5728202753057845,0.4329440580918241
566614,-1.162285128090723,0.5485087254184711
566625,1.155474260060678,-1.5227209737852136
566626,-0.7895773844005931,-0.7720861907604293
566650,-0.5110221909939952,-1.4167148844731285
566682,-0.872525103978231,-1.6427380181886715
566702,-0.25236688834118814,-0.9219141886631868
566726,0.06753646685618737,-2.3952602369460014
566735,1.5330262820042975,-1.6711414863724052
566749,-5.64547726272811,3.1592561818728933
566762,1.5414909042602174,-1.3315002501411326
566770,-2.883858686456115,-0.19044904143258637
566787,0.11112723701771787,-1.1148062198772435
566815,2.4735980667965127,-1.162186998750095
566861,2.036569566982671,-2.4203281630936178
566875,1.308284225215891,-1.7278627045478208
566881,1.8033631498192753,-1.6669672144507146
566953,1.9979410036192171,4.630478189413253
566964,-0.45287521865368524,0.831329005197504
566992,2.6837331511138434,0.4835525610041761
566996,-4.053233564976144,0.7910653407084021
566998,-1.0537431381297886,-1.0337034534844718
566999,2.1126463966726057,2.850381596170685
567052,-3.8155616577922054,1.528141099540211
567061,-0.8153563108343979,0.06555025348824925
567114,-4.8536177367098565,-0.060650905196553515
567172,-0.02065187837783233,-1.8306099592691354
567195,-0.7958827311134633,-0.585499911444042
567211,-0.2650240380794235,-1.1333757206570103
567219,0.3417269592405853,-0.04266021501174927
567243,0.5717384055254784,1.6008229226348063
567245,-5.6943164986825,0.7582582269186322
567256,2.9278318134298305,-1.3921961532049005
567342,-3.4237207755094756,0.19110462235961292
567390,-5.472673379311501,1.8452334882654153
567431,-0.9349956153708366,-1.222697589601815
567432,7.790238621553825,0.5504093950479129
567448,-0.5748434735733184,-1.1345661192061585
567458,-2.121938796855491,0.29380565756651283
567478,2.6394736921832145,1.9738319748818565
567518,0.7806425444777221,-0.3858372669364745
567547,-0.7218183609272515,1.026642738730882
567548,-0.7202293316030631,-1.7593178015053879
567558,-1.3448566819827246,-0.6760598448354875
567563,-1.3894896177379905,0.05984573911174441
567589,-3.334123564234247,0.5239271275937015
567643,-0.038570985275634566,-1.2322267506345306
567651,2.105534740502584,1.1241944233755043
567682,-0.3503777521046982,-0.29859335900119416
567778,0.9898543329064958,-2.0002215425604883
567824,-5.533712350948808,1.2518096218516974
567849,1.7343176107534042,-1.3885031073973926
567885,0.0812424317817614,-1.6503281962380374
567906,0.6102898144888911,-0.27989888444600025
567943,-5.391884122561933,0.806299157318023
567950,2.919597133883784,3.894186137943413
567961,-0.18370318229802865,0.006294914866446811
568004,0.7495035255883753,-2.2637591493852436
568013,0.5670408573824567,-1.0315854653279832
568060,0.42521351905878163,-1.0827925010311106
568064,1.6511299674572504,-0.17697990880629846
568078,-0.05394149136780176,-0.07546789399811286
568086,-2.454017403126326,0.4262470232913838
568093,0.7264338423478789,-1.3753910400471436
568101,1.013145994191463,-2.732922627776589
568105,1.5949169877511726,-0.6287764152493883
568121,-0.30922791100683716,-1.6559239794122385
568155,-3.821823637619098,0.9118523410913082
568167,1.3013443337615123,0.09953664649793074
568182,-1.4560712734165682,-0.876338351507832
568258,-3.1114534600750994,0.44209989681586037
568325,-2.5971536533890704,-0.5560238874162899
568371,-1.4003650877251963,-0.2827744777654916
568385,1.598167957788034,-1.7371835352883869
568416,-0.2852454030969076,-0.15178851942273394
568463,0.48490066536083704,-1.2813609365741419
568486,1.6546945813366427,-0.5182811421187099
568513,-2.8620687001349725,0.11809246610135042
568536,-5.611478293027095,-0.22929297564818824
568602,0.6238881130005713,1.9386874789304338
568605,2.4336496189114007,5.3934645060616555
568641,-0.6440521935140574,-0.9244583558537693
568696,0.9712894391538996,-2.056192679007419
568713,1.1754156065573977,-1.4934509487470868
568716,2.4035395605438734,-0.1742446599552828
568773,4.336537934850364,0.7001116210490891
568790,0.9965897914768478,-0.8874725378515846
568917,-6.286259539171233,2.330908644129917
568931,4.478315578185058,2.745072717147072
568970,-3.1342386741058137,0.3231281953060152
568984,-3.5415116942069997,-0.6222747908454821
569031,3.193807350889484,3.5987595726371975
569082,0.9998084343531924,-1.4231011115534482
569107,-6.055192119087398,2.423293237901746
569150,1.4724295452858494,-1.822377252906369
569170,0.9743255443309999,-1.7930092659348942
569180,-0.322978302002884,-1.4089897448106283
569203,-0.9409799176439548,-1.1032457325952687
569236,0.9460176550137266,-1.9245012694997508
569239,1.9458963538498135,0.15308921051225802
569243,0.8844731642932586,0.44735411674406833
569300,0.8313422919527408,-0.6437822957742095
569335,-3.3695724899395647,-0.11035592952714532
569342,-0.6997851802721108,-0.09029371506830666
569364,0.17080475319107039,-1.2507829206387644
569458,-0.11827437287679579,0.6971210442652312
569466,1.011138089268389,-0.7396050091479729
569472,-0.5862909286547471,-1.9113085978507054
569530,2.7357949918841813,0.2704689624107612
569534,0.38490701218649137,-1.8000984133372155
569572,0.8584262690385591,-1.4696672696139963
569643,-5.479761610537178,1.0855351676312734
569733,1.3691988241590667,-1.4292723722737566
569754,1.2785448747393717,-1.6425524220256884
569779,2.340444506836903,-0.7384128636725644
569788,-1.2407210629607606,0.29381079789203857
569792,1.8677124694485625,0.018241192229332872
569817,-0.539372786107648,0.36389264045836084
569829,2.526091961961883,-1.0178320196231003
569832,-0.5654271515791556,0.05750608628699424
569863,2.4669825619664123,-1.3398545434891809
569883,1.0378360809856588,-1.7187131223874292
569920,-2.268568376051226,0.35956139030648593
569923,-4.067221937478261,1.8553196002659351
570021,0.4010491470263242,-0.7630790110565021
570076,4.0873830051447495,6.907124124459239
570144,0.9212638871463995,-1.8351927819560725
570162,0.9059721778695509,0.3283054290431047
570215,0.10022750445112398,-0.645164462814357
570219,0.4899338659540543,0.22098539607928466
570224,0.03050366146270424,0.2397696320618052
570226,1.4713275903277172,-0.17648780894972405
570242,-5.821759503631912,2.1965694013060784
570279,-0.9047263755260592,1.633598636258542
570291,0.678254984469083,-0.8564431245013308
570329,-5.489241991033718,0.8128546678619725
570330,-1.90675666374181,-1.0543845424772287
570346,4.456729076102454,0.4792025007875244
570369,-0.20760164771486428,-0.678066236106177
570418,1.9512603409214824,0.5407627936965383
570436,0.01611517509783832,-0.7230659685181418
570439,0.33836953010863874,0.19257843603403113
570600,1.1674528479571902,1.1434619138705138
570601,0.08711965507517756,0.3853956220574041
570625,-1.7466484882846598,0.8787271814856539
570626,1.1478922790309014,-1.81109848084513
570631,-1.4972848534033854,0.10014511293950745
570639,0.11378039353485518,1.2140211569760346
570654,-1.5643959895251829,0.1980155094574432
570666,0.011503183330599518,-0.07593327535357504
570683,2.2986985978002648,-0.9387688613880837
570692,-0.8247227786173303,-0.8529964515865986
570693,-0.46051434886337905,-1.3521621601034153
570697,-1.7058208745182393,0.7111252533784906
570713,-0.8607524744102115,-1.4416017051552485
570746,-0.4443460380824114,0.06233448554997425
570750,-0.2653813462804623,6.3444169747118595
570782,1.5783696906748892,-2.060813654782164
570821,0.7889581860200056,-2.131744615894942
570829,3.558815759492837,1.1524126668142638
570837,2.1221418065996334,-1.2471041388234507
570862,-3.3794892211086025,-0.8239753546414293
570928,0.36504194242112087,-0.020915911827457653
570930,-3.6754059976246882,1.617073514504635
570945,0.11495146115495865,-2.004835501588038
570961,0.9358001653213572,0.11802069549001933
570988,-1.101988574379858,-0.04936739426624473
571001,-3.781305903728222,2.139956029958169
571015,3.096561780563325,0.2157047729732051
571084,-0.055003781735592415,-1.3145217053504819
571200,1.703338509347842,-1.206774776808227
571208,7.852664867977227,8.717664911275016
571233,0.471540555446017,0.2563972428678389
571243,1.790037838085706,2.339498864663662
571251,-2.5941912231555992,-0.31995187038039
571300,3.798868736014204,3.0479226420042442
571348,-0.7176539734081822,-1.9526722330909718
571363,-0.17530661771057432,-1.406506933070508
571429,0.04084958620462415,-1.7265984353499624
571454,1.5399597640038765,-0.3419050297901858
571523,0.25230427541158523,-0.8356108052056658
571525,0.7724106507105898,0.2659235010647028
571553,3.608716840054243,-1.444243715409757
571560,1.0929891035814874,-0.11014041054504183
571561,-3.5261354105116105,0.18090765034561723
571566,3.3140494770019386,-1.6229166916409252
571580,0.82284454675418,2.9504639772469488
571610,-1.4596579811176258,1.108115027603446
571637,-0.3110582962457266,-1.6115472180370463
571639,-0.7864380511535679,-1.4621195881421523
571643,-0.18051928113682825,0.26558152259897105
571757,-5.459333719381949,1.1204306816809684
571819,0.5519604499369625,-0.9120177791914612
571864,0.21437480494523317,0.0352567370557149
571876,0.3968475602926977,-0.9186198571379101
571888,7.146433320981078,6.793889808422406
571913,-1.4564777176776151,1.1281102741290023
571940,-2.843569196118303,0.6933498555701088
572106,-2.863992231556372,-0.9610905518368585
572133,-3.6501117219266153,-1.20165357728841
572154,-2.8944119952350498,-1.1633357611220796
572176,-1.6049581733359228,-1.0869205052760262
572214,-5.541037595922697,-0.003160094748243295
572290,3.506642650052063,-1.0905361871081682
572396,0.6426814367717314,-0.8573875813606672
572397,-4.698791745815646,-0.03212979515650392
572428,0.40384866760253235,-0.8534742892032278
572479,1.2468450872993027,-1.9615159482628102
572489,1.0687346846315124,4.62114847798556
572502,0.5068643262009447,-1.1774487404780642
572529,-0.6245430093393333,-0.5496698511802486
572538,1.678349786291026,-1.21686708941842
572554,3.0425602180228872,-2.090916990661886
572578,0.7185255159623142,-0.38230281856729437
572591,2.4195919504663608,-0.14531821170754466
572609,0.14343755459339005,-0.642735528778418
572632,1.146184125811683,-1.8060392711558906
572669,-0.847847931281433,-0.9770313900204161
572728,2.11151176142862,-0.633876417060035
572744,1.6183262660400073,0.5588332532996314
572826,-1.5063628276034629,-0.4384989654789592
572870,-5.9867879919672475,2.3807349999993237
572898,-0.9416577964890063,-2.253545397283537
572908,2.552660465009502,-2.3655819834242853
572932,-5.79576181462348,1.2631214532410202
572992,2.351396109943061,-0.9636630175226394
573010,5.00422307571845,5.382103197260144
573011,0.26895631411258086,-1.7394142617717814
573040,0.38336870374104187,-1.6312194685234436
573086,3.6293219723573475,2.5235006766747623
573122,1.2046464552091212,-2.4769880945774676
573147,1.2540687038617482,-1.5382171054849805
573153,3.110573273195492,2.1993408631153226
573189,1.9313999846292689,-1.8712530411894968
573191,5.954073149944476,6.792705301238149
573237,-1.2712379451949058,0.14807273780587812
573244,0.49067275590035225,-0.5193645246027035
573249,2.9368312823817457,-0.2008110901728486
573291,1.955144154405982,-0.6878606530526553
573365,-4.403815492409738,3.541234346549376
573373,-0.8565860345282647,-0.9658008927661098
573378,2.590946141731838,-2.384040474195174
573379,2.0199483865564045,-1.4214399457330749
573420,1.9836796731506174,0.7923412404659641
573423,-5.9278945579669715,2.4964377450499273
573427,0.43107981354213315,-1.333338570195383
573493,1.0109156446194252,-1.1747696666497545
573518,-1.134743184272278,-1.9859997922226849
573564,0.709902474250585,-0.46206064062836816
573584,-0.8447095267134421,0.27906402314538165
573588,1.2379177436997335,-1.5845003769187174
573621,2.044758472677029,-1.480337754622188
573648,3.382905707390825,3.29013464858477
573670,4.049446587869808,3.3608591531372487
573698,3.027781011967555,6.985881458691704
573704,2.310478932607905,-1.7847541960035587
573719,-3.6996264472907385,-0.028485638393284694
573720,0.6729419328540059,-1.5352873527761841
573792,-1.1633261019641186,-1.517970243727835
573807,-0.206291456739892,-0.4150703272332307
573841,-0.9978092584926217,-2.236606629286938
573922,0.7940243560061324,-0.9378476054132383
573926,-5.568172580184994,0.97434575560452
573931,0.037909496902704426,0.9065609736325588
573939,0.8316108522558452,-1.613226739919628
573946,0.015389320795115536,-0.7109264666836446
573988,1.5116303089062932,-1.8936437810941387
574003,3.0328206892993306,4.187455004919541
574071,1.6411826509585912,-2.0917812392737924
574104,1.340252754620409,-1.6342368628504982
574116,-2.8872988063234253,-0.9659424399405172
574134,-0.8302167133092577,-1.4554842834956438
574150,0.19511036054589662,-1.1339472889486024
574206,-1.0209707388622977,-1.0774964648108123
574279,0.1540205822658347,-0.5305752892451322
574362,-5.978895831901767,2.461850132924446
574409,1.354814953354295,1.453169719102604
574419,-0.9888585426747785,-0.5234814376929855
574440,0.5734748631169121,-1.5566046445367705
574465,-0.3830664951468318,-1.157153732513317
574467,1.7830998846458224,-1.6097283120478705
574489,0.23986659896363396,-1.9095490506971353
574493,0.711206667772154,0.09818326577447481
574513,1.00707291845085,-1.0904250510102038
574603,1.3914295045599774,-1.2308568296410567
574625,2.0666183185306193,-1.6309349278197822
574680,0.310263351812149,0.6865403560769868
574794,-1.8364976561636153,-0.5079305802867571
574840,1.4366832756510344,0.12321885186585975
574885,-1.1826044776924556,-0.1045164314277096
574909,0.537149744423426,-2.235037360374622
574987,-0.011138168035161409,-1.2170944147709497
575051,2.8813997755184886,0.268258949871082
575055,2.7161505451043544,-1.1719001287354445
575092,-3.390381195725874,0.950058111667066
575131,0.22775104859202697,-0.5502187764258397
575208,-0.977369996669785,-1.3356991730827736
575233,-0.325937785995522,-1.4336356538210375
575253,0.1949447016614566,-1.567294704156846
575299,0.5868700573005612,-1.6445990100056043
575419,1.5357536406170385,-0.891369455301205
575433,0.3949641207471435,-1.8992802120717653
575459,3.0438401892689764,-0.3738822007230985
575500,-0.267891841735416,-1.436471176226372
575528,1.4715955396332678,-1.180949775980253
575554,-0.2478042343162343,3.917055178805838
575561,0.6947792105179963,-1.143117045104179
575576,1.3605306737693983,-0.5093641830398145
575677,2.4619981621365192,-1.5629772089530034
575692,-5.262297324557303,1.8421035264175185
575711,1.92223582718675,-1.1176785776599574
575733,-5.402436056031129,1.6399568511127065
575756,1.4575645544620162,4.619955427402015
575774,1.2643314001550587,-1.2702909208504924
575809,0.6703212600110161,-0.7632462998469357
575823,-1.5984375510086584,0.08509168523218816
575868,-1.524497449259844,-0.08204787209532852
575908,1.5073183824857395,1.8122984357326506
575923,-0.647483129896743,-1.5940153031349074
575964,-5.76105898833176,1.2010618127910715
575971,3.4172368620672846,-0.8985036169258992
576040,-0.6223400533310985,0.18260188647035586
576103,2.4334195486313055,3.3022136572397374
576136,0.40317807576315323,-0.26905075505080334
576159,-2.258869823085085,-0.44436536660347203
576169,1.8769868757884722,-0.4332272383018111
576231,-1.11164916730656,-0.34936118769312613
576272,1.2457009295239954,-1.728904427563959
576357,-1.5072103301185142,-0.5795681123101325
576366,0.4469582392279231,-0.6770276452416037
576369,-0.7721817273344005,-0.9908413185236303
576370,5.490069479497835,5.212394228155262
576373,0.5782090900834342,-0.4683417793384163
576541,0.6541716696194105,0.30720228001635813
576612,2.4773627298351406,-0.4526855391546448
576663,-1.6101006611215118,-0.14757857635160312
576668,-6.642185265562353,3.7200415034653718
576677,3.7777288285662154,2.028544735852614
576691,1.4506821887907009,-1.939441780386416
576712,-3.5485033070698955,-0.23308929837799824
576765,-1.2779155235798054,8.109615241610525
576785,-5.311689833991484,1.1786954052859655
576833,0.7613823971675181,-1.8689260684850673
576846,-3.9189593458591716,0.4072558375742287
576849,4.723864535587339,5.060947269495426
576879,-2.4814656098672145,-0.9467356113340236
576922,-6.271513604387247,2.645481773315305
576945,-1.0662701275536346,-2.060205782170867
576962,-1.3720467737790794,2.7124638085293813
576966,0.4871244737188401,-0.5497228407846158
576985,4.229656575793379,-0.3451156053333558
577007,-0.5424595014157579,-0.8375959731672231
577044,-0.5811743333854948,-1.3845039795504788
577046,-0.7486733718589094,-0.9743149626039542
577074,0.7625231790904924,-2.3155983206060182
577089,-0.49307701620533945,-2.1605147298293916
577115,1.5837086685378934,1.067761119485808
577145,1.9856397043944511,-1.3264719210856408
577180,2.337451298497678,-1.8114950038096178
577208,-1.4068186787075632,-0.4510897287682162
577215,-1.1259272992390985,0.7756641714932401
577216,1.2529471098984606,-0.9360251505985137
577225,0.2761134190948169,-1.6241786305504422
577255,0.15510396359277964,-0.7859126750504744
577287,4.133943524410756,1.8045227263234023
577356,-0.9143759291063193,-1.0427600659181582
577381,-4.980537796601621,0.1349573306646013
577386,-0.3090789044964756,-0.5439295637109021
577410,0.9238281647091311,-1.3006530411823032
577534,-5.226149133992736,2.0782036971807165
577539,-0.17206013396259243,0.36068301059987506
577541,2.472783576734271,4.529172505983403
577598,3.017498849616158,2.2566535912447607
577617,0.9149705256043766,-0.3928452369614815
577625,-1.7882420227831404,-0.9330936054645951
577626,2.203035531415235,-1.2290186455378198
577638,2.624223132116709,0.0954204898733734
577643,-6.115236797529341,2.6618081889379797
577667,-4.2976735656898715,1.2259867385937462
577682,-3.064051790640889,0.46212483569119794
577851,3.8446200418726035,4.837188702831035
577901,11.382499538954228,9.504926696478341
577915,3.1921570148215053,-0.5219942013160069
577921,-2.51761377932732,0.9725686130496162
577930,1.0284024312863627,-1.16580504582238
577944,-3.529607010991055,-0.78039510014186
577984,1.1822897887329082,-1.1474962130089812
578058,-1.668123134963242,-0.6404451324710703
578088,0.1805782750472783,-1.4052514455150804
578120,-0.6926118196980738,-1.4867507423839144
578164,-0.3257253236426275,-1.530101953952219
578396,-0.30072990188706206,-1.4346534904078663
578459,-0.7909902396995508,-1.5259077730242425
578488,-0.2048248065608959,-0.642534686622454
578503,0.22247132787581797,-1.2762159737561238
578511,-0.7974035974051359,-2.0479180172297133
578549,2.6883885046931026,-0.8514613333243591
578607,1.3989224964210312,-1.461096195948736
578824,1.0009378644536788,-1.3843053562094847
578866,-4.987364587504473,0.2507042170153166
578872,-0.3225878965531057,0.7276620144887682
578886,-2.0814180817058863,2.6628734207302363
578892,1.1545311046143982,-0.09664128585686696
578929,-0.3704329166503284,-0.4999628278852692
578938,1.624195454888224,-1.9510596213223623
578947,1.2972503935996464,-1.5560886475419486
578993,-1.0022879650825507,-0.7738929093830071
579021,-1.524252498224378,-0.05629212710166556
579040,-5.169411959155896,0.5130773433535044
579065,2.8534164565155975,-1.2869084352088935
579230,-3.8722523378220726,0.09382400396318256
579275,6.208836683228458,2.074405874160752
579307,2.682153222504199,-1.115177852263091
579323,0.3745703978706778,-0.5682258898824456
579404,0.9419903038562238,-0.9456468262704643
579503,-5.60659497748185,-0.21225090496134508
579547,0.7529326298390744,-1.677794503353204
579589,3.579820490565349,-1.1381727639137373
579707,-0.04178816610478321,-1.208669277122377
579714,-3.0338437389121298,-1.627207923566825
579783,-5.568160655192781,0.9619619267675231
579792,3.3332266587300543,0.15350990296882805
579804,-0.08538919938639906,-1.1979539076957264
579829,-0.2502775377558148,-0.6560817331170213
579846,-3.3414197299288313,1.1347098599679655
579950,1.7643106383659564,-0.46841261186005373
579971,-5.624774014955608,-0.21098249018558246
579999,-3.9796765648214243,1.4945294164448457
580026,-5.63124824517356,1.5213532331219881
580077,-1.105872084478407,0.3067706890249306
580211,3.9667820155108773,-0.9719233531020881
580212,1.3700112001427929,-0.36992210669281445
580402,1.4012739820919542,-1.5026727529787365
580460,0.4244859544884016,-1.3998795965391804
580515,1.5863600662116475,2.3125282894087665e-05
580578,1.7862586607328812,-1.9294707590651983
580611,0.5138298930612057,-0.6075127985551505
580622,-5.465879114545654,0.5714099252215569
580626,1.4064962197364237,1.2188653006360537
580658,0.6029031141613375,-1.286618191053718
580895,-3.127350976218995,-0.5386462518390955
580902,0.33445496705392763,-1.5940957284634762
580944,-0.29429502917133527,-1.142127637083752
580971,0.9351167874655345,-0.2970538609514259
581005,2.411738542095978,-1.4521440808860098
581085,3.3665064417704147,2.409382726183513
581086,-0.4415353242023695,0.028801348351188798
581091,1.1895860197868084,-0.4949295194845595
581110,-4.9218634618480275,-0.2941915935242063
581111,1.5934538598526116,-1.3861411309130776
581120,2.831644791350689,2.811379532021742
581239,-0.9537537723413333,-0.5189870563633758
581269,1.5638169589740818,-2.042730854873068
581307,-0.6154020626527696,-0.5258139716940513
581343,5.708439693498621,7.423588935869517
581365,-1.3745621529964103,-0.15826741693411042
581385,-2.8175562966991867,-0.9595735029609156
581388,-0.8973550347897804,0.4737333459111578
581409,0.607495580788109,-0.5118231786891878
581412,0.3594307533240014,-1.1359500792505517
581438,1.6143110993742888,-1.046844516714585
581461,-3.9496857071925286,1.5731508605280042
581491,1.6164495335131854,6.097049609364615
581527,0.9854314793495774,-0.02597171363947966
581577,-1.6321560128064434,-0.16639422368862647
581595,-6.01895321870438,2.738704909840281
581666,3.0817630427079536,-0.3268761737111331
581679,-1.7458406925909848,6.309921458529143
581685,-0.8111357796479906,-1.5775817588396104
581721,2.990769406008246,-1.5969992532676458
581729,-1.4578173908687206,4.512976192230519
581770,-0.4409904247989553,-1.7767383428422794
581835,3.3968138640697534,0.047471361027604735
581858,-0.8467342870628705,-0.8788022062682818
581901,1.004906627632204,-1.7370565325196312
582002,-6.101005914925733,2.855051634680156
582011,2.0832657794554246,-0.6505501139490465
582038,0.47734172647216716,1.0103445001275628
582190,-5.470100414977432,-0.04485719234775359
582227,1.0557440502502122,0.4720541927764633
582241,-4.920893312961842,0.8811896219959415
582254,2.415069894738215,-0.5109527213899576
582319,3.2519454533987027,0.8214846060629379
582320,-0.49647978463994963,-1.6235588791893534
582326,1.3720434129076713,-1.9356647846275359
582333,0.8142246403183717,-1.0215712837272783
582343,-0.5636737662605646,0.5191245180357011
582446,0.7883948316320043,3.1263934487537264
582482,-0.7491619606576884,-1.0052820011231165
582484,0.7890856853260895,-2.080449399306323
582577,0.7719734600296139,-1.8645724727915063
582586,-5.1667259130547825,0.1875182886260876
582636,-0.34319447369425277,-1.61487211444803
582664,-0.10052235386825897,-1.1461636980579677
582723,3.8086740462355,-0.4052755666004004
582729,-5.415819828162782,0.9460180879399134
582768,5.302886955133577,0.7213277680606277
582785,3.19403889265668,-2.6850106958968674
582796,-3.1769318779627223,0.8268821445781475
582801,5.423880421144204,3.883236453035277
582828,-0.42429930712394487,0.42589762281221416
582833,-0.5896820314520573,-0.7135824958211421
582903,-0.27402187953452456,3.8484933243661823
582979,2.7327758727853078,-1.5135074544120273
582995,0.13929730913433988,-1.4478341757991486
583016,-0.8204328775545613,-1.0326733135753725
583023,0.19292703096411204,-1.6276657821923766
583038,0.4369892046364244,-0.5225277566159328
583052,1.9589336569664555,-0.16539325677739242
583070,-0.47903435656480675,-0.08216280615568394
583087,1.5385784379474021,-1.460158285751167
583120,2.720763244582587,4.111928970236196
583134,-2.299130298776139,0.5844860177648963
583166,-2.04952892668669,5.488589500418585
583190,-6.109345043579532,2.882069784453808
583200,-0.3374252722725579,-0.2662110542248103
583297,2.2837644076490307,-1.9584739829777142
583335,-1.6775434338458746,0.6758371071077826
583336,-1.166971285926198,-0.4625581694912169
583342,-3.170620195783505,-0.7005618717473802
583446,1.333514614894196,0.27593230473579156
583454,-1.8171482643238743,0.6126543795001886
583483,-1.139075657510586,0.3815951188584833
583486,1.8997884792633195,-1.9751058043902474
583490,-3.6179279637549016,0.5423544711010175
583499,1.0251535717336206,-0.798024701291347
583526,-0.27560157820870423,0.28952847742114307
583612,3.3507893840846767,0.6378666248329129
583623,-0.5483481006659774,-1.5097337876321577
583664,-0.3950533257432414,-1.5967259037521544
583759,-1.1735295231343925,-0.6261087352687448
583764,1.499782157267357,-1.1353959589079963
583931,0.323604994977244,-0.9067685369876881
583955,-5.713240394126365,2.3154172388570893
583976,0.45105895973846916,-0.23142662402185327
584001,-3.0451342031854,0.35181064405041784
584012,0.19968676529746307,-1.3146479538769935
584030,1.7077474870590845,-1.660205255905046
584034,0.7531291490444164,-0.6986181105460937
584115,0.2580536206845301,5.4584907786317265
584134,0.11468577221264835,-1.1407930544605804
584185,-1.83284637173798,-1.245773067515068
584217,-4.795479121767333,0.7885153752343154
584241,-2.421318565697843,-1.2030322929682669
584247,0.19222247007565593,-1.6389605850438356
584288,2.1452808042047646,0.08852133054127174
584423,-0.7377043312124004,-0.6073537796654273
584459,0.8200335489369702,-0.0073327046040124085
584525,3.7734196032295944,0.015757594181102803
584530,4.147503796268241,0.063318789828789
584531,1.2285990828480697,-0.7613406316972031
584537,0.9037025909777736,-1.842839789537168
584549,2.3874436659420315,2.2689650248761613
584591,0.19938454720874169,-1.228543461161334
584666,1.6033126098538044,-1.5932594026650133
584787,-0.13584919516526509,3.1396894232077717
584843,2.010602932086375,1.1511289107247227
584844,0.7709995496757683,-0.5571158730734462
584875,2.3079954120001616,-0.7739744736956734
584912,0.46747931524934183,-0.4958611909625776
584977,2.449001065576225,0.8138983211231184
584998,1.2385829627109435,-1.2421069988190112
585138,-5.315927972282934,0.6796047238696832
585169,-5.558449888962708,0.7203922068474872
585187,0.5071049948888903,-1.673300763163484
585231,-5.134882307164349,0.29996742439400587
585248,-1.06428269185315,-2.1919015652653555
585250,-4.9275424713580644,0.6922971724440741
585310,0.4756391739745088,-0.6961216939689465
585361,-6.33612798535796,3.076079009657164
585492,-0.9016542840441681,-0.7015110281244584
585522,-5.676085982696143,0.2676031884539807
585583,-0.6475587873285293,-0.4479382991699084
585585,8.25382900689035,0.3484066511464962
585595,0.39985729916788376,2.714179999403385
585650,1.7765690869315094,4.537706688321361
585717,-1.5695122627446418,0.8723984554774873
585722,-0.17595433906420435,-0.18359816428952094
585745,1.4362461123898245,-0.7362164041040572
585768,-0.33213731333421803,-0.8620714822094775
585832,-0.24007116243895368,-1.6391038801443503
585882,0.6430592298882899,-1.625841236166142
585915,0.1395238846804805,-1.346005435484756
585946,-0.3659076076348719,-0.46480081430600995
585965,0.773617778810867,-1.664568137876695
585986,-1.8055013118271173,-0.46301438383215027
586006,1.1990129239762835,-1.2507470164402874
586038,0.9523388872804344,-0.4183729848677674
586063,3.6876518330536427,4.485249883861022
586077,1.243709638896843,-1.0278470638527368
586096,0.19056452743247573,-1.145973724536389
586122,-0.21814154825745383,-1.6428376306480612
586124,0.44505353142898385,-0.07895496997073452
586192,2.3023748571233122,3.868807711181417
586251,3.5484426517091165,5.839010285188826
586257,-6.100325716539205,2.7117030776091244
586270,-1.1389091142039192,-0.04477942743899546
586272,1.1477692929737062,6.073849551194835
586312,0.45565335669863993,-1.3849331044249147
586344,-3.9798293159308695,0.8007831549731621
586357,-6.048775141068051,2.287060206288444
586384,1.448551936722852,0.33868451914551606
586458,-5.450587934728469,0.221505394435627
586471,-1.889261670904598,-0.7063478540196098
586631,-1.3752592762595293,-0.06637319121158843
586637,2.527096026768443,-0.8925595502267993
586644,0.041879456899797704,-1.1584337678412109
586656,-0.005938206907472381,-1.0537515092204022
586672,0.41490192535879955,0.38401986624342366
586701,1.4592024768714702,-0.12316310596598418
586721,-0.6344215161206506,4.9032932173329495
586732,1.2835304045714704,-0.2111415439426832
586762,2.6235421942197483,0.9154450943997152
586774,0.286618782931141,-2.1932528611106683
586803,-3.317583646157255,0.9324836913906386
586811,1.1868211329130214,0.7927769992196767
586820,5.02493107555633,1.4443918822681174
586829,-5.997635362727292,2.7251297863171677
586850,1.144820398486402,-1.6149892416151879
586876,1.6186711274669017,0.02313865999338962
586887,2.4236110212706135,-1.816743141479827
586936,0.01652917545708886,-0.483150482501346
586953,0.7604041812003844,-0.49971550417230165
587134,-1.9032757769269533,0.0537338095633854
587195,-1.494334344885411,-1.0163232864647276
587233,-4.815442074329827,0.0949601489457362
587234,5.283465034251766,4.2272359655085605
587304,0.5824266332636957,-0.5506262783123327
587313,-1.1395730897928162,-0.39627083829835036
587373,2.5948410894094938,-1.4415717074222805
587459,0.1501552931247122,-1.8856760723239183
587470,-0.02736463934529146,-0.7501279079727678
587483,0.79691245688914,-0.8817057344917973
587538,-0.23069398570773195,-1.2504222057569807
587577,-0.0693788420530912,-0.709422540621053
587601,-5.513269821523571,1.3653864291662081
587642,-5.519605484831683,2.2069904181685516
587675,3.2505808552658726,4.300162748068459
587698,-1.9526338953914832,0.3041248266757567
587753,-3.5290854603402675,-0.6560250786395897
587754,1.3542437466906914,2.2210423725010777
587802,1.293703283810168,-0.789458648631051
587810,1.2150834517133007,-1.2142754195196002
587899,-0.8202675547660125,-0.5066442639348616
588013,0.3703874894359844,1.4499107880971376
588048,-0.43755569902525343,-1.122390603875987
588103,2.192261840850728,-2.3207808773461465
588313,-1.6984468628119715,0.6782325545583902
588355,0.8291429404237578,-1.284662701853994
588370,1.5185966900042396,-0.5403646386497327
588386,0.9169146073042427,2.10715935254524
588391,0.6688045071203,-1.4254982746262201
588414,5.822123964294226,1.411748873897765
588497,-1.1701013249958734,0.3388320329224363
588507,1.558501119328679,0.5307852984579169
588526,-6.01903087749741,1.7938507650153115
588560,-5.733981478382087,2.248182629830281
588582,0.11629339551748646,-0.9834323329697002
588677,0.02825167931649345,-0.6342537806078049
588732,-0.3294170205380671,-0.0942371896065663
588797,8.388060950866842,7.018547295096075
588820,2.0624688940282994,-1.0474164203711374
588893,0.31140262877815483,-0.2422803878216796
588919,-0.48089253615326516,-1.3647827987999632
588970,-2.35682419799132,0.6326731781518979
589008,-6.082558477655711,2.1184029786310483
589121,-2.155860155283195,0.3065114705926102
589140,-1.4528063364270356,-0.5205774913545399
589154,1.5060454902989397,-0.5341468787006554
589162,1.5750387644372492,-1.1227879696659984
589164,2.7193728954026533,-1.9532753623094314
589171,-0.8045056831602617,-0.5001911749577521
589228,3.377238110282605,1.6858596427743913
589259,-0.6935454408864544,-0.23989800019612195
589306,1.9946264117178008,-1.467384721164577
589311,0.3849829715142628,-1.9938823634127838
589404,4.201946965111298,2.770008946561509
589405,-0.8182842717514212,-1.5024947754526579
589414,-1.7654285025493819,0.1113490227483677
589489,3.8701051979290715,0.1648365490815516
589539,-3.551673571045996,0.5904341194784722
589630,1.4685867924949512,-0.721533588583208
589650,0.5454193191756289,0.04208991720292639
589758,1.7621581319407529,-1.5073454213889315
589775,-0.27192826017527,-0.7075319013273899
589812,-0.6770922764370819,-1.2517574948875625
589822,-5.895769613597191,1.2779155628656087
589868,-1.061158856752463,-1.3524905884212548
589884,-1.0671396096084798,-0.22477588966919618
589977,2.014035278245077,-0.1896364007365911
589995,0.035592332692617266,-0.1008323544380035
590014,-3.0079666874242195,0.9107991298966222
590040,3.5505663843109936,0.07286257713593124
590077,3.004521985087802,1.951346132593103
590095,1.6475989320310247,1.7878236256419207
590103,0.9192836252203804,-1.3273216268162815
590123,0.20908936425840857,0.6780421726760241
590130,-0.9547000521656352,-0.30037340074415964
590163,1.5567173855751943,-1.155829644736751
590202,1.9516044249205489,-0.9036250081459191
590227,0.7476792280406169,-0.8866225274587091
590230,2.06245396865817,2.6943574179383125
590379,1.9064689001731854,-2.11545293303997
590394,-1.6474794925231002,-0.6145683941712208
590397,-3.42003870883818,1.7716436320336877
590400,1.6437093444622934,-0.8099739845442305
590404,2.2631754898432304,-1.4864087365793561
590412,-0.6405810400043983,0.03895212695034181
590420,5.305205713982996,5.684029125571031
590429,-0.4998842415307188,-1.3185588940855004
590434,0.8312847166425378,-1.1651211495980975
590442,1.3267309409339894,-2.2529678294618893
590468,-3.1117454013224495,2.0813346261341614
590471,0.44247031683232263,-0.26328875112638894
590473,-3.288400721167502,0.7780686998865851
590558,-0.9274495567343675,-0.21134289009372484
590659,-3.4799033155482166,0.6070050690102904
590697,0.159699769641738,-0.2010666346648775
590744,-1.3892213990495605,1.3726640733023134
590829,0.20081572739239598,-1.514054284667008
590843,-2.9936289669698533,-0.9476124995769196
590905,1.1994505230868477,-0.6513451643708362
590922,0.7992542060267739,-0.3569089219904425
590954,0.5930411688724674,-1.5265707326288125
590967,2.920813012515169,-1.5259430018044637
590981,-0.028085219604767057,-1.38443435790132
591003,1.767459173718015,-1.6720332852926516
591063,0.01751577817896744,4.9596354774670415
591097,1.046026110016699,-1.897189583922923
591155,-0.7221306515981059,-0.766251046134375
591255,-1.4202943922336555,0.04838192848896641
591271,-4.97550635439855,0.6690047921871166
591328,-5.2908326231654845,1.3162860443182913
591381,-1.8409959181457416,0.06380975015883379
591433,1.862790833515895,-0.5234663212754277
591478,-3.5450774639324507,1.197495521057542
591582,2.7623886951289016,1.8328931753405453
591593,0.2543986968457217,3.0165437549419174
591599,0.0744477204893071,-1.5064533034950143
591714,1.7776686234037646,-2.226966571565543
591746,0.5145151096268777,-0.9348065713345465
591835,-3.5415756003863494,-0.6098437456023478
591888,2.523156276679384,-1.3592646906459924
592035,2.6610491472374016,2.0242633073109637
592079,-6.442761118588894,3.7450640258201893
592082,-0.5408813027840157,-0.8444912865092389
592118,-5.928879630367733,2.455478564456197
592132,-1.440913407895989,-0.1481770405346111
592158,-0.24111869830806076,-1.3593355331434367
592221,0.19478600548471345,-0.5367857570651148
592366,0.005257722205111166,0.11627235148719042
592371,0.8197489732917472,-1.2322942590515567
592372,-0.8832232969101873,3.5400737827476374
592378,-2.562060819015547,5.17789415895018
592399,0.677041536665503,-0.7273968742916893
592403,3.583731185924644,6.606231529984902
592445,-0.06339874530467492,-0.5535651238865804
592491,1.5384278129595579,-1.485464012280497
592598,2.858472071224997,-1.358758444021011
592707,-1.1328853038853153,0.7962070817112373
592792,-0.26329680373814335,-1.7848063800152336
592833,1.3642558764744106,-0.5570518521589356
592886,1.035438522992719,-1.5175790639083613
592929,1.1175575556096666,-0.3190551896239612
592958,-4.0145314393810745,0.9900608691851426
593020,-0.012836488900578386,-0.20264616074952282
593047,-5.316250105271991,0.9376539990218371
593244,0.1980833404411523,0.5546128877833878
593350,3.0131150416999426,-1.1243091787079358
593385,2.8918833340267818,-1.2415419922124569
593386,-0.14088739452168486,-0.49740234506109654
593398,-5.959606755931766,1.3871818024868585
593401,-0.8192633400968615,-0.7382291956006178
593494,0.7005371447888895,-1.9103028194641343
593536,1.673226285137033,-2.6783888830418325
593632,1.1829751775069128,-1.0786830085823245
593672,-0.8805326394303857,0.44261895979088545
593719,-0.8708829858381661,0.25080253710165623
593786,2.963854722629045,2.1239053691673906
593804,-3.9997427936206185,2.231492331867677
593833,-0.5362230421496375,4.703703758733128
593910,0.8919194455690801,-1.0683681774987568
594000,-3.512622055652926,-0.49083801768110075
594027,0.9965770443447106,1.4783051057302772
594042,2.9126796739955747,-0.8289487881340472
594103,-0.6861380595280067,-1.3430458163706662
594123,-0.7652441542323019,-1.4188377770465324
594146,-3.5296417930410464,-0.20639651967711495
594188,0.1438679822508568,-1.8115106361805409
594238,0.2855365050755191,-1.491456730031944
594240,-1.862182041691453,-0.271008535833871
594406,0.9225609022588126,-0.4500415980264804
594410,-2.0195163446816204,2.0506626425451504
594446,0.3826131449338569,3.010545378369939
594449,-0.8707995672013894,-1.4016823941134784
594503,-3.8980419534484687,1.1642471922635091
594516,-5.583855492705163,1.9672287786314142
594601,-2.0772579443514263,0.35477840295213015
594644,1.4204759224842531,-0.5978806218445565
594695,0.9040203541545985,-1.1986930667758737
594737,-0.4511925593665592,-0.5219075671214362
594824,1.5956624838560025,1.8175596971543029
594875,-3.7855713301531124,1.0895366425519655
594892,0.17244607789768798,-1.1732162079210435
594914,1.142090918816464,-0.7552282278770663
594948,-1.2852882714569551,-0.27166124406227316
594985,0.8618532552434974,-0.8953846920441695
595026,-0.5019102126183913,-1.4367452586898835
595087,2.322388314656873,-1.261271899747892
595122,1.839286975181633,1.4651768912644578
595123,2.8291125867374363,5.021139403051403
595126,0.38784652164391603,2.574918940825193
595171,-0.01589139238307511,-0.31183640563873777
595183,-0.12379570346796226,3.290694870897494
595184,1.1015886970119952,-1.0840987934425501
595257,2.047502568236011,-0.47805834483317255
595283,-3.5052601056567227,0.14928932706858145
595284,2.683468791906348,-0.8572058593936829
595386,3.0084420051267076,-0.3266539595077337
595414,2.104202910516056,-1.3770536947371177
595431,1.0156911568992748,-0.31699318937248383
595442,0.21645334585637171,-1.354257193841641
595506,-5.617528560383355,1.1413235253829705
595527,1.220192461581883,2.066945552780276
595587,1.5928481026252215,-0.24273175592846613
595624,-0.6439747436724031,0.4743358200112238
595626,1.2503295385085254,-0.8626885487648789
595690,-5.7580422301723475,0.8016642465662293
595740,0.1448873631975105,-1.612530110741445
595852,0.6316258200849384,-1.053359698118415
595861,-0.9184680135124068,-0.7868854346512469
595897,-3.626109809942541,0.0767246815294943
595958,4.563708192578737,3.4990117581804774
596103,-1.4791111698818038,0.14408206752080752
596153,1.9243658806734794,-0.9928432674940484
596186,-1.7493976826061584,1.1377000471741694
596220,-0.8957417807301308,-1.4469113274831213
596222,-0.6059612895841417,-0.6702942079190064
596320,-3.8360768168893045,1.0949334484316637
596329,-5.784157601007123,2.438549522476001
596335,0.8445313933123637,-0.3639791178924962
596349,-3.531931050002868,-0.3571653268280197
596361,0.41401664554410633,1.141857983925556
596409,0.026001779310116893,0.23644965119233483
596442,-3.451758727789249,1.8147482165141395
596505,4.016829930856781,0.14498520309391608
596559,-2.2995010626472334,5.246688341832876
596611,-5.993712837428879,1.8200197574031556
596732,0.7201164671665262,-2.1414130080260767
596820,-1.1516806625356708,0.5782895525256981
596856,-1.7885452060930225,0.280763498166819
596863,14.735196210480703,7.99912887407372
597003,-0.4607958224124526,-1.9055745458056175
597010,1.139107015891142,-1.2460174280661944
597029,0.7405594601226019,-1.6592775229670846
597300,1.7196082499334926,1.327211308880483
597410,1.4017526840192185,-0.7401699212770881
597434,3.0996997009551097,3.663943894973223
597498,0.9007604969978957,-1.7213688913424956
597510,1.4670380347782719,-1.6626107955664013
597662,-6.138943964777857,2.378564152539614
597734,-0.5844277251641941,-1.697334853621372
597836,0.5730618848120141,-0.5977363259170275
597878,-0.01731702165852887,-1.6737516497517504
597946,-0.8559639369907759,-1.65981608343199
597948,-5.961962603062246,1.7067695467180264
597954,2.1637424169929136,0.25528224304244296
597955,-5.57394500840271,1.5737398746846347
598069,-0.8385437181069333,0.0719071526719086
598075,-0.43807618188602887,-0.8427297006901268
598185,2.5161341774937216,2.766305731000768
598233,1.940912295122525,-1.6082590336202556
598265,1.0162918341711924,-2.01946890622018
598276,0.13614983209473394,-1.5073438190344661
598306,1.57544063051958,-0.06917632769607483
598526,-3.5137855222521095,-0.6762975134388993
598533,4.371320934884036,4.935496641308416
598590,2.053697112980189,-2.147699725859234
598687,1.0001890851539956,-1.4625085816227112
598691,0.28904464084820725,0.845911392607537
598692,-1.6050986628265742,0.8968366703305367
598715,-1.2845796169055061,-0.06285590591962927
598832,-2.8570169189957033,-1.6659297149526868
598881,3.1752218742294978,-1.311075081759097
598911,3.038100013998026,0.35568105605728084
598945,-1.3111306671430993,0.9130520284775593
599065,3.2477863977697456,2.268221735187991
599239,-1.8420156515736523,-1.0862292264290203
599244,-4.46767044968511,1.0304139050344492
599311,-0.3050972725672918,-0.3774353002336713
599335,1.7190541075983166,0.21005960259220305
599348,1.139583329708053,-1.8767322387368548
599437,1.0508600677199476,-0.5755821401441404
599454,3.3726916487376273,2.4812309016905894
599649,6.711925129671729,3.0286112636320333
599651,-4.792219718061,0.4728723504598256
599657,-1.7196533756660202,-0.26689361208165235
599765,0.17593603496452223,-0.6791989924166097
599790,-4.847825632524377,0.12168391271910271
599833,2.576282637252268,-1.6302732383237277
599909,-5.467094319956149,1.234191680999874
599927,1.9476735164055834,-0.8833844029337085
599999,-5.690187492315061,1.0343387241629045
600011,0.20876056647980928,-1.3740064289620548
600018,0.8805025716965242,-0.9026399166795555
600057,-0.4121274542181739,0.658809913991231
600078,0.17769057917235231,-1.3589323756612914
600163,-2.6931616977178026,-1.0180360374061432
600265,1.313688083616067,2.190783365670334
600287,-1.208052334774342,-0.8531556898803545
600304,-0.3063024693957509,-2.2681382551869254
600351,-0.24133186939811094,-1.2689943923777538
600395,0.9287137208373138,-2.06933196998813
600444,1.8303399502760045,-2.1320098007689
600515,3.527191503581079,3.194054987761548
600561,-0.5002158864894194,0.39374431040034663
600605,0.030758118848854002,-1.1073495469162404
600648,1.2783491239847347,-1.5788712230243511
600690,1.3996475876408152,-1.093618345084892
600750,-0.029485855415463634,-1.9719763030663584
600796,-3.549887982496378,-0.6983581082455241
600833,-3.552788100923635,-0.8503270832462502
600842,-0.07988948888507788,5.402254325166219
600886,2.1542537479797397,-0.43183932188027685
600926,0.4266364400237261,-0.7747167012062635
600930,-0.7612975814625403,-1.8715621991937241
601094,-6.217403188013284,1.9203829163931883
601104,-1.7241849681546897,-1.132595018658205
601116,-1.3441517969819825,-0.07901714188356262
601158,-0.8954972110984221,0.5928864623728428
601282,0.4273717258668125,-1.1954859664120079
601582,0.6336813327538905,-0.7423809975494049
601673,1.9638343247210632,-2.2319458516394697
601882,0.20405673363652357,-1.4132125808227805
601894,-2.2484858625550768,0.43026639538566863
601917,0.4497641075633569,0.23882010856365715
602120,1.6858714835769433,-0.4081584955365166
602190,-0.5798141050309937,-1.5882671473135361
602323,-2.6699178243200974,1.0740592024048483
602433,0.5460840133145372,-1.257277101148837
602476,0.8398485727642966,0.33315070154905624
602478,-2.9325718640441774,-0.19887875708759922
602598,-0.9660708193948806,-0.07788900353659883
602656,1.063514684047903,-1.2302798473426666
602734,0.5007832332348924,2.9779752091769445
602748,1.5735119788772653,0.3979856426983371
602769,3.246117095651171,0.4543647875968438
602793,-1.4449426372108378,-0.8178037858927448
602827,2.7170628616244286,-2.4601371491202455
602918,-2.0540129130482785,-0.9342688198733791
602921,-1.6650998245838058,-1.7089756947545307
602925,2.202169816195095,-1.6761444056568557
602946,1.052493569712036,-1.677168021414803
602953,4.309972121331306,2.1933436538989812
602962,1.4224439334363181,-1.2454386192980438
603033,-0.8883632274667668,6.631979415058275
603053,0.6299057587379487,-0.945981509853787
603100,-3.5635575073809385,-0.07251762218884487
603160,2.171769640815952,-0.35470528820290365
603221,-6.081161151734427,1.9397584811890138
603278,0.22697466560409255,0.4882756060621499
603296,-1.7119222570766914,-0.6609701207839267
603341,-5.963705078026533,0.6268417382967798
603345,-0.140520240289674,-1.9269022790996233
603440,10.107949734437879,6.684786731777051
603515,-0.34408610490028063,-0.19963087547003786
603592,4.665221631245769,4.61538578728617
603635,4.829650099806621,5.309299974324037
603715,-0.18901518825387623,-1.615500438932727
603809,-0.7471843748761856,-1.4440090484670847
603875,0.7244019848726327,-0.3669052207314839
603883,-0.9817768885127419,-1.697358093770252
604136,-1.9871595138838265,-0.9666093515420703
604355,-0.4054369223361774,0.19023324817378862
604388,-2.360158565128887,0.21085421060389617
604592,-4.623192792891338,2.437074221839415
604617,-2.4582626447576597,-1.4157353639247823
604664,-5.6380841554110495,1.6220906723755784
604688,4.456418308870555,2.732539052538257
604804,-1.7818777211877732,-1.4604738114497802
604840,0.4564261824984851,-0.5797647125064902
604916,-5.50762699861049,2.416918382784842
604982,1.263057892538032,-1.3844610581215673
605004,0.6651845793133768,-1.4386713154131965
605096,1.0656132909594902,-2.1449749835051306
605136,-3.953374296292975,1.0601973588728277
605308,-5.459590730977972,0.2500551205160563
605311,1.2918971173322835,-1.9171255297127967
605439,0.9179955071183554,-0.49036608151315514
605494,0.8570761486301829,-1.7702262048167103
605558,0.40673480694355013,-1.1184947026963603
605578,-3.392261208816822,0.887737834453848
605607,-0.7184784700832254,-1.2734907194405105
605615,2.6059323893881547,5.5300894101328195
605619,0.20902959563245757,-1.5084435775177316
605776,0.07777916220706711,2.293339139880386
605780,-0.9963962390236027,-1.8596169046676365
605878,0.37521925658022687,-0.6874178893053859
605943,-4.2568746927398164,4.111077396978432
605945,0.9745275291895298,-1.7025638825712266
606041,-0.2045760404386846,-1.4265119738127356
606060,0.8156445990174231,-0.9298523161076833
606094,1.3989020553133344,-0.9373961117334573
606161,2.002551815505764,-0.2780809259052898
606283,-1.755473112804949,0.14251431438753423
606290,0.2484877670066919,-1.0378057853822769
606333,1.0105296706831361,-0.6316571224305022
606362,1.3847420032479476,-0.04409313648954689
606456,-5.382492083736711,1.7137793108044963
606568,-0.9300608477839984,-1.2175339210480405
606635,1.2842440700311548,-0.2667502571468995
606648,0.057869421827145745,-0.472468511699708
606762,0.5569639306081021,-0.9962737037768294
606862,0.10267801668343998,-0.880551290872329
606930,4.195676243946084,2.480626930123528
607017,1.488947601333502,0.39881549174548553
607028,2.478583285046245,-1.3106256590732699
607152,3.335797067911262,3.381550059590034
607197,-1.5015783193761134,6.82196963791696
607270,0.06063967697901684,-1.1084138626531215
607280,-0.1915826512853638,0.5611201310927079
607350,0.03357881270750983,-0.17276696349709555
607524,-3.474301999801304,0.0474192014807467
607626,-4.032879292611064,1.086829887567544
607706,-2.9432318826799446,0.5249503494946623
607799,-1.4734842253335318,-0.4770459247255602
607931,-0.11420357511683103,0.5361388964533221
607949,-3.533906272395656,1.226336811473191
607998,0.024108322264561576,-1.2922043356524422
608039,-1.3314582076347492,-0.5123136489788068
608086,3.9105618315936477,5.601954924569696
608287,1.0130124037864092,-1.906043608356897
608296,0.8158549629371514,-1.0721032907848251
608343,1.659354990597618,1.522866229020696
608478,-1.849887944997619,-1.1226554346556221
608520,0.6752406354965447,-1.0950699842736682
608521,-0.49407199383961126,-0.8244285256197685
608629,2.110670731958447,0.49738707517103786
608725,-0.8266965249849147,-2.199619524023891
608727,0.9197879892491883,-1.1389543591149764
608764,0.10225403721551178,-1.328028518285301
608786,-5.518085434617718,-0.06464859565991195
608820,3.636296416188866,1.5259684409017664
608823,-0.8485165276475896,2.0030640159249518
608860,1.8018198579131988,-0.4149587290544834
608866,-0.8871225308222779,-0.012923030170982092
608970,-4.387565816877713,0.6408735574529082
609051,-0.4665591307135083,-1.2247981843630846
609102,-0.5179351582961345,-1.380632544402326
609167,1.7311402813404644,-0.9897257347333318
609221,-4.236170938964299,1.4937757955338087
609228,1.5214940408613726,-1.0036505546508818
609230,-1.451007216547027,0.6281276969584004
609236,-0.39821672282304854,-0.5237294203612533
609240,0.8703329700209509,-1.5200594711473634
609243,0.18750430746971006,-0.05638554519093976
609262,2.8690610602383706,0.5303753130184896
609393,3.250581051226424,1.362531440707786
609413,1.03118314739849,-0.9183527835343481
609673,0.8637192693656603,-0.8129275493099329
609683,-1.42224785694498,6.827203423898414
609720,1.139246409997513,1.8030844098325387
609763,-3.9637774575020277,0.9933328126175436
609800,-0.08522757865259854,-1.8725916941473952
609817,0.8945056657382683,-1.3895501095962912
609838,-1.1296508088932837,5.698153722165985
609868,1.4786396763499303,-2.197532258355242
610144,3.259748260979642,-1.8439525786751174
610226,0.5692517847022376,-0.6664605090395642
610280,-1.9873278543858062,-0.2175360969533798
610294,-0.18652856214138136,-1.0923045374951081
610306,1.538495287076549,-1.6607856611639398
610338,2.675161261501151,5.070862590245489
610395,0.1619566940582933,-1.8532893531536243
610474,1.798436664212919,-1.1715065664274913
610482,0.49937948081493666,-0.13453674566231574
610492,-0.47720149508565196,5.79490923997825
610530,-5.431608588987437,2.273694135873139
610670,0.162724378642258,-1.072585127611895
610763,0.6452985956618903,1.9771081795046235
610793,-0.32827137677346657,-0.6448604730132398
610806,2.0047833762731595,-1.1880491050694397
610905,-5.5670581276262,0.3043805598946966
610909,0.06454183853776856,-0.5619496823462055
611031,-6.162499226913615,2.2790128250313035
611065,1.4745949308127027,-1.7440477677506383
611087,-0.5907995541562003,-0.7648360003176878
611126,0.4096045414328681,-2.010723775558236
611177,0.006659886076188769,-1.6957565770718204
611251,0.6574971485639861,-1.2719519176876768
611350,-2.5137690801603254,-0.21094765729844758
611371,1.1166337217139415,-0.2080069359968579
611583,-0.25828659718598496,-0.42817806780541684
611839,1.57278491553803,-0.2607923503554572
611852,-0.36742009657676816,-0.7898739531202487
611887,-0.5661026446763369,0.5891662497363727
611954,1.6075928523602867,-0.6998003085497208
612002,4.220530611584531,3.1046605352323056
612128,-0.5442812996648393,-1.4012707116285625
612175,-1.4295646624104494,-0.9733484056244224
612220,-1.2866224136510453,7.394219300493406
612226,-5.499462225199642,1.811193818262113
612236,1.3343436149703563,-1.6902063646868222
612562,-0.4380502326036567,7.444569328382481
612685,-0.1474518534853385,-1.3929506813995718
612797,-0.5519272332687742,-1.0912472278394774
612812,-3.27476134965858,0.05422244363557019
612976,-5.561543889494072,1.0227697558834072
613164,-1.2885006181051124,-0.3843714926788034
613252,-5.97989426198754,2.1154447133364656
613275,0.38555902208727155,-0.20849203597571758
613383,-1.1789685558814451,-0.948074432316247
613386,-5.918442518394357,2.240971720016528
613442,0.5086206529576232,0.25349879811003684
613655,-0.9010909411731688,-0.4444896785595316
613874,1.6244688592094565,-1.0553862083159369
613921,-1.273177303371479,0.5572747537250297
613941,0.9833426610096123,1.7230939118382107
614033,0.3597389819418605,0.24221986659619005
614092,-3.224106768046507,-0.24028519344964933
614111,0.5940184154528355,0.3169092271739404
614165,2.2149495594609805,0.3918129838030251
614311,1.4137809492104072,2.6057537701332536
614412,-0.2944909547930542,-2.350996391306621
614549,-0.45790556307285707,-0.2842170224919772
614595,-0.48903642615177106,4.471769485571121
614632,-2.339745323909727,-1.2545347297532845
614668,-0.05063107021912247,-1.7144433406609896
614748,4.623064728896781,2.550254698335855
614793,-4.188065122807351,0.7501641777988362
614814,-3.5867653297082227,-0.8353316247887979
614828,-0.7724843711862449,-0.8326166777310063
614846,-5.375527148771866,0.46513782974804263
614918,1.712653301181762,-1.3317328622946452
614933,0.6683888393891343,-1.3208596396145085
615006,-0.3904885818032579,-0.7635505062988507
615266,2.699527982827709,-2.17496532011044
615307,0.26110109227343237,-1.093917138053002
615489,1.3741436984863735,4.374891605721126
615544,-4.128120459572245,0.9402289230709948
615674,-4.205360748804561,0.29594848202947494
615749,1.42636742284434,-0.9580787709377312
615783,-1.6953880362713871,0.7272717857488349
615881,-5.589838530208187,2.3347628040585686
615922,-3.071382353061004,-0.1567087210971001
616086,-5.5314219400914055,0.8652753199541282
616125,-1.645937584503846,-0.49368331895668277
616222,0.37878752838156715,-1.3952001223393173
616461,-0.8393584604071127,-0.3984020671293809
616470,-0.5520001820451303,0.0004528242995421992
616491,1.813780387495336,-1.63734507258986
616518,-0.21665326920391953,-0.838083391155362
616692,-3.431568507826832,0.408368755028594
616715,-0.1536842012454549,-0.23480356942066288
616718,4.286209977681658,2.098483130973318
616734,-5.769113139254629,1.8894891605707347
616752,-0.7607916056269147,1.9431476011496793
616789,-2.9159840691873655,3.1945962966376884
616795,1.1923842600117893,-0.9327125452963788
616802,3.2295784189645462,3.8321002256757595
616950,-2.9103525867518307,0.5826675238646777
616992,3.3949852044743807,4.9605916919818975
617052,1.01300002157072,-1.7699685450083353
617125,-0.3841575161776474,-1.4137689725928702
617199,4.895940639278276,-0.5051094984417385
617402,3.7006150395883677,5.131323487661609
617407,0.6452195716205654,-0.556905589106214
617458,-0.07633682898167449,-0.3773611116435534
617506,0.939588445228293,-0.5853258704056958
617606,-5.605441491038193,0.47286251223464115
617743,-0.6843703053657273,-0.9764878210883075
617878,2.9621026223695677,-0.7270055713073413
617964,-3.304104160716603,0.5266718182183684
617990,-5.562738639348744,0.0928642133138039
617994,1.1944914900909853,-0.6958177108809452
618063,4.283088752627866,1.6079218778539348
618088,6.810949853635379,0.9361713173465808
618157,8.879897925134056,7.746286963796021
618181,0.0018742490389314,-1.8667117950968999
618201,-0.6045587158379456,-1.3827835637814048
618230,-5.7833950140135775,1.2720700942834677
618266,2.570289321970854,4.43450599207137
618308,-0.5658451511227882,-0.8178616083447401
618343,-2.8669889354859746,-1.3739679736093648
618392,-2.288435217432853,-1.2403978203074266
618418,2.923432477732959,-0.38978619292919214
618429,1.3597689411179343,-1.1515432904630165
618535,5.642408219853199,2.2028316766686284
618642,-3.4258382700949754,-0.7978901258689822
618664,-3.516770011336981,-0.04041758714252146
618759,-2.92827621647315,0.15118552429546692
618780,0.6252953451577116,-0.5798846634765541
618815,-3.35952357768952,0.2724438160111036
618881,-0.5172315216268024,-1.3451436649380635
619079,5.164800320026135,3.5900888481319724
619109,-0.5983767953168204,-0.9536651640936266
619218,-0.41694249793675253,-0.4853044837028044
619321,3.9057311406232493,-2.2760322615283566
619362,1.7439827698530148,-1.312131524274145
619432,0.2296688356917241,1.4085786151360888
619520,-0.9767671679241974,-1.3446630353795364
619615,1.489336503056314,-0.2928780679261262
619918,-0.7548629093360064,-0.3812052884872556
619938,-5.632719333177926,1.3882458675745557
619971,-2.9992673151704103,-0.7639627430679724
619983,-3.3435523633876567,-0.8440790584150305
619988,-5.977752422803133,2.304407401337252
620033,4.586445339295985,6.264869377173718
620274,0.31801414817556967,-0.7943995429890792
620300,0.26103588507204145,-1.8911109530502508
620382,-1.8107975684686868,0.5870307469960485
620394,-0.9281015875795574,-0.31097283622470095
620453,-0.7852295081974577,-1.1474926024936876
620690,-3.067505823930665,-0.12501352874707108
620719,-3.5984729647189666,0.16306428481984983
620884,2.9233767637413273,3.95131593381059
620972,0.6790958630367452,-1.276588944006886
620991,-1.969823107367168,0.6643639917428583
621072,-0.5808952669255806,-1.6488073967661505
621081,-0.013098993828832579,-0.9292742368997237
621085,-3.0244130080818654,-0.6969747678399555
621113,-5.951121648181821,2.5984083516038425
621150,-6.021547077294029,1.7718954050654423
621291,1.7789317968975704,-1.6447389930133691
621552,-5.503731485288982,1.2176857024573946
621607,-0.2228962199428122,-0.20340388057042685
621665,4.325822019299467,1.7496923735981489
621811,-0.29635403336022664,-0.5795584835136921
621849,1.2138156681528551,-1.695089827944915
621922,-1.6406031216562589,0.39676092787237527
622149,-0.9660795907787622,-1.1544673238403076
622248,0.2825064850596642,-0.43044933384194717
622293,0.1211596603607847,2.2493160368462113
622343,1.6011993382964977,2.1731788901287237
622418,2.172839791880695,2.692410605337151
622464,-1.3335655783249092,-1.8244410715976491
622708,0.2897749190348097,-0.6114863555554468
622813,0.7077587357490203,-1.3809911749410637
623043,0.6373932456549041,-2.22711177923072
623077,0.009205618239288626,-0.4382633486157496
623087,1.5082585333813217,-1.1412112813211344
623142,0.2541060485912349,0.9327376130140203
623417,-4.811183205038514,0.530647258885199
623691,0.08805889323676207,2.7200506739783643
623750,1.1233692018887336,-0.02337607403779718
623815,-0.031733089754106054,-0.2287130135786851
623850,3.4552352120960372,-0.6893830682162156
623935,-2.2372508174478245,1.5854470960089047
623941,0.5747965148540128,-1.065649211878116
623949,1.31821678453148,-1.1161410884981404
623972,1.008363570058378,-1.694623691947594
624198,0.6678326703118225,-1.0521114444889132
624215,0.8906454747237498,-1.286886272255269
624258,-0.3122647351615282,-0.4554693453405728
624497,4.7979965189526395,7.190094828760366
624593,0.49709543109993354,-1.0863615645874531
624636,0.5993043538033408,-1.8016986207853827
624762,1.1790563708909094,-0.10857052518789563
624913,0.7438542461981416,-1.176545655971251
625030,1.8994527863981039,-1.2198564848101956
625089,1.339573777431703,-0.7397385312719975
625398,0.8450239815767255,2.600268351060807
625400,3.785565968816061,-0.012996099966735761
625555,-0.5981072488073355,5.470626502379993
625597,-3.06376483163205,0.48303038154715644
625700,-5.325729700499686,1.8593532014005034
625703,-0.5401923472675763,0.21025470025311818
625984,0.764468679253548,-1.5262556393590467
626037,-5.538947730780408,1.3461523571207368
626067,-5.840477611341531,2.2306881603081266
626114,-5.97396047786015,2.792961608698766
626249,-5.507768175003518,1.5673011643182866
626318,-0.45894825129395583,-1.0169444860016967
626329,-0.6732156873025315,-0.4403080536504016
626519,0.2439116089602364,-1.1628627992730798
626520,-0.05564800511169116,-1.1325750289908045
626558,-5.433302707194468,1.5304008767751638
626587,-3.69750972981933,1.6689878124145565
626645,3.032103320991814,0.47327130401115297
626986,4.252628068052066,-2.154048879434653
627041,-0.8454275486372977,-0.25412914093895195
627158,-0.5526088471932427,-1.879096051028472
627176,1.9835314895834308,2.1912042827534877
627436,0.9448560401183175,-0.4216943330631356
627451,-0.5375201738700667,-1.4140288507917322
627475,-6.056741714353658,1.9225126058739304
627518,-1.6216952550408965,0.3240912879695683
627617,-2.8213452433445605,0.33812513969319236
627729,-5.633681457026945,1.9937594782676251
627889,-0.6013158692753175,-1.54067573883847
627893,-0.2410653859626107,0.07526955761264395
627972,-0.2478302353266675,-1.0104900520504778
628023,0.15911269050624471,-1.6556414875515675
628033,-0.26331701442189526,-0.9811713826778029
628570,2.93233017361344,-0.967298424143514
628653,0.9549018665401476,-1.1983198425958663
628671,-0.569170704054288,-0.3037357323262195
628694,-0.6809642206956541,-1.5438831454663484
628752,-0.5902192701242476,-1.2222731960779716
628762,-4.01012919463873,0.334773606496989
629345,-3.6055053169156532,1.5345296110787032
629647,-0.49982465958432204,0.16740563436193773
629701,0.6750776317998008,0.6835652559534315
629725,-0.6958329395996284,-0.7560810272077985
629747,-5.9274036831072925,3.3476910039773893
629803,0.5892903405363117,-0.8725446238746423
629812,3.549314234452871,6.129926004444707
629877,2.137901732338579,-0.47950618443670423
629952,1.1840627909358223,-0.9652302126622688
630039,-0.40445371302703503,-0.943456394341362
630097,0.20374789266656426,-0.7194409592750411
630176,-1.4754609207402067,-0.7916769245821894
630178,-0.33265151319657854,-0.5141710763951943
630267,0.061026665153076365,1.6319016673669013
630607,-5.273933074186572,1.54844632410943
630609,2.368416350486835,-0.00910296274811096
630694,-0.4353781055843752,-0.9086794617799083
630738,0.4915513308354572,-0.49327754598159806
630992,-3.453928044146895,-0.6151478747397869
631174,-1.1713173443570835,0.5836960459232319
631201,-0.8663160316612336,1.0970433129612915
631319,0.4146981946067304,-1.4250571317656235
631384,-4.657661403549954,0.00691280494598175
631388,-2.4577784975653345,-0.6486925432616286
631448,-2.2757195679956417,-0.7457717552129672
631477,-1.5361105891362858,-1.140379086384086
631787,3.1607899538657116,3.0102010908734447
631872,-5.645561427145235,0.5617753930935657
631970,0.35600886558746875,-1.8230842120203983
631975,-3.9168651596068056,0.037570142925567894
631993,0.0644759960545436,-1.6426438296676147
632136,3.6641442996173543,1.403673876442609
632239,-0.7626872518259363,-0.6588348423694054
632316,0.9469551469451845,-1.3706777206906344
632425,-0.7765201700983344,-1.4013489963043109
632461,-1.8038009068051442,-0.9372770555541684
632475,4.213079287426942,5.526426018503823
632631,0.40565263272530516,-0.25653220376652097
632665,-0.6477450447949274,0.41489104713154457
632749,0.08624859293336153,0.4485601207244203
632866,-5.151927319734525,0.38136872518095927
632965,4.341494463347729,-0.10049879796330843
632988,1.5743008353721315,-1.4912974931010965
633183,0.5413347340058337,0.4714620158704059
633195,-2.3404783520716355,0.3759914694944622
633235,-3.659926150365699,-0.4046435174030845
633314,-0.19983368545647942,-0.5152489829301585
633406,-3.420929685111844,2.1765721425472964
633725,6.155589883079775,2.2101697208112445
633972,-5.360266654544377,0.4732152425656048
634130,0.0004234421407376184,-2.2274211718987496
634601,-6.048155892819659,2.1885076492288027
634739,-6.2359737778822355,3.6486340209567065
634795,-0.3495080615791305,-0.18023963225513054
634824,-0.5889493268023522,0.37897323289451257
635249,-0.1538057826258556,-1.9494115329599844
635300,2.297257902922539,-0.2972850720034935
635303,2.781814508886635,-1.11234096400436
635375,-3.8332480786927787,1.663307080730031
635442,1.7489677604073863,-1.607341184560057
635576,0.718889678329928,-1.5671271985186586
635587,-0.07988995235168661,-1.2415967242738604
635666,5.695344254301165,8.559200572939025
635790,0.24780688716162677,-1.4344903423911592
635861,-1.985191784270231,0.25836982070151193
635949,0.4551065285294339,-0.9559970424155478
636078,0.4630691767574745,-1.170810587917007
636102,1.4336765462710694,-1.131368220562848
636251,-3.5148045714764597,-0.7393263671318483
636520,1.713877204350393,-0.11443497249687683
636524,0.6596677895100986,-1.4772134916847048
636526,-0.8328864885690827,-0.9189174021085046
636739,-1.4674964326497966,-0.21493505776179264
636873,2.764381764756066,-0.6254322716399757
636874,0.9414751563811614,-1.386569831110499
636966,-0.7615318842705121,-0.7205922698582697
637075,-1.2558078837659057,-1.1820143822558955
637086,1.3620120978885009,-0.927078032196878
637421,-0.15191195064131663,-0.7209232978386604
637457,-0.3110605534909712,-1.5029546156225353
637555,-4.763342847175861,-0.33171932784845504
637633,-1.000336222315107,0.1162356144834533
637687,1.1643026104374021,-1.754863872935144
638140,0.051628700051081756,-1.1235821954950485
638162,0.4943790436308199,-0.16559474203830232
638237,-5.976888310829144,1.2744154266253254
638565,0.827714623453047,-0.23303916794506185
638576,0.4713350600859962,0.7579449905729954
638580,-2.6467814461042773,-1.1619806553531633
638598,-1.9933819187346782,0.019456052269603077
638600,-6.025594252785494,1.3844929139390605
638874,-0.5539882576727003,-2.1561184502970256
639009,-0.03439183902548653,0.11769386106858674
639168,1.8431081868034485,0.009078890511629798
639458,0.3513815605564172,-1.417814813532752
639510,0.18663030146099496,-1.3242746166770873
639554,-0.8586252102918631,0.4306877619126314
639571,0.8694674661459849,-0.0697482066050861
639894,-0.6492905835255117,-1.3623297508263397
640451,-5.592787773449781,-0.20375456960303384
640580,1.4887746423727786,-1.5464545164819345
640649,1.1140105912689007,-0.638153236391024
640689,3.557058259286831,1.4048833704936432
640715,1.944232485822918,0.2644521613836876
640849,1.1101662569035797,-0.35564157208760877
640867,4.549892738937795,2.1485904781413465
640968,-0.43201689967978063,-1.1498203695403293
641012,-0.7847985366341439,-0.0677301193634095
641102,-0.5428424271340195,-1.2520558354499944
641106,0.11246884294445919,-1.0931822541024363
641310,0.3789019410866464,-0.027276322217148017
641364,1.1169513414742955,-0.20863735922249096
641529,-2.841568712876612,-0.7572911676179112
641537,-0.4852182037146114,-1.6985612130726118
642215,-5.374294609610414,1.0351079237434055
642344,2.396484373770196,-0.413132666520408
642364,-3.780641576088433,-1.206188890728739
642553,2.803971379736766,4.615589396352714
642578,-1.081870100219875,-0.8696077627897237
642679,2.9146728871465237,-1.3236234048747098
642786,0.6265277756376386,-0.8565793858167469
642820,0.4144686205733426,-1.6382303233635245
643324,-6.018139976986556,1.048721815875143
643344,-2.347109588865079,-1.5403799947572272
643359,-1.2358982008793573,1.1993428867346432
643469,-1.3102851642628428,-0.7690219158838127
643645,0.7850801346395146,-0.09259976633094691
643714,2.030027389141973,3.973243663835819
643929,0.11738820346019092,-0.7874345287239172
644438,-4.996039570840839,0.09491884445838075
644467,0.32586917157771783,-0.4314977597515164
644639,-5.724513972599677,1.0374378330420515
644784,-0.5769189208171516,-0.2363030126218533
644870,1.1639723524544214,-1.35068950439895
645022,-3.9643818005633973,1.0967901912912217
645047,3.821642566703062,2.5224235526154817
645168,0.21221927997478962,1.4640703381520437
645415,-1.7832439318100544,-0.5966657845591454
645488,-5.324177489081652,1.32569124608655
645664,-3.9169483522533257,0.9213749516718579
645685,1.2363112797352105,-1.734017123370193
645933,-0.04293572955943582,-0.4573523638489745
645939,-0.47848330179702675,4.736272699462666
646127,-5.892362434066267,1.649334238724967
646197,-5.923415067488497,1.650753381784503
646257,-1.038937470721819,0.8181025220430137
646259,-2.915659328255781,-0.24314875677450476
646405,-0.946520451318907,-0.29930292943554304
646424,2.382168549285065,2.41733896570613
646455,2.0081476391646786,-1.3492069483175904
646933,0.9517106677894055,0.07898317251197659
646937,1.2482915415010218,-1.2116193472827643
647016,-2.9260095824641463,-0.5718961180626958
647555,-0.7167221199265734,-1.8404014911133322
647597,-3.7442529319339517,0.12317958653844442
647638,-4.114489412878514,0.5870444275312042
647662,2.9916739711861937,3.1170182897770493
647674,0.5107858867240798,-0.5678445379219876
647804,0.6786086666392904,-1.0435430137252142
647862,-3.81041430235645,1.5176327103251186
648201,-6.115114831346022,2.6396575586020705
648379,-0.12414579713467636,-0.8276939677352587
648852,0.1545497075081665,-1.0162326825569854
648983,1.5227475569047093,-0.4577460845545445
648990,1.66123289118861,-0.8912233274758924
649080,-2.1919138296349487,0.07833759091616277
649081,1.0776569814085468,-1.1684797371134086
649208,-0.4415170691327317,0.045162260215595953
649378,2.4508663228632215,-1.8080470447721526
649935,-5.838919324885829,2.980243332820385
650049,1.3910806471586274,2.8583913482808776
650055,-0.9179666020721937,-0.1386209549701874
650079,-0.07885433985288558,-1.30663658907288
650606,-5.868713380883743,2.2562522271594516
650901,0.6620619873622156,-0.10696635953355739
651018,-3.8071053159122084,-0.6233678169618532
651030,-0.5916747147778868,-0.11617570849483397
651193,1.690194991418541,0.49905757641821896
651201,1.3753896078516448,-1.2578956560319383
651269,1.4925777271449496,-2.211994989014691
651274,-5.923261797468066,2.604113047818979
651390,-2.431891224342768,-0.10780080245748667
651491,3.8354524876941567,2.937912883947791
651613,1.8923900846237154,-2.0516072319228487
651675,0.8015715014881982,-1.7263487863893723
651744,3.840268039260396,3.388142637756956
651805,-0.01604960479416225,-2.131244882072262
651818,-0.7632824207181917,-1.222490208776989
651828,-0.2954414687508323,-1.5636603374778246
651941,-2.841212771474786,-0.9852629346604894
651960,-4.837265474273228,0.9183637953947978
652003,-4.945609967591949,0.26957444569947
652040,0.9906233537827119,0.011016497139965694
652190,-6.474740752288398,2.3367370966526435
652359,2.3106372326103175,-0.5156987573862637
652416,-0.4456894564234346,-0.4625414649916899
652527,-2.385428539414425,0.36404508140936276
652737,0.5659369931158514,1.2882443073230354
653197,-6.016229569103307,2.3015492727829363
653228,-5.406355586601404,2.6928157103621086
653281,3.3912565920944275,-0.06634822765460892
653332,-0.3742964716042097,-1.0838699229635689
653640,1.5414272746552717,2.7606937195371506
653724,1.9292029785412033,-1.5803812365416952
653838,1.1225740721064248,3.063245451833622
653852,-1.8979952667336042,-0.9067749700320749
654233,1.556079527842464,-1.2163489825596332
654259,3.0827213466243606,-1.1648922976063207
654395,-0.01143207086018868,-1.8597444310379494
654687,-1.74711501427189,-0.44295104638404537
654913,1.2387398433894163,1.3158237051862498
655022,-5.496505564740216,0.8411697424289885
655051,-1.0920470793423918,1.090463465914817
655166,-1.4107289051226504,6.803304482865868
655300,0.27442139380227615,-0.928227795216984
655499,-1.3202901546463435,-0.07973060681279633
656150,-0.46849303712495655,-1.904707982595489
656346,1.341161607703594,-1.4099893626743527
656422,0.6168833277549374,-0.6224094366766556
656471,2.956363494181913,4.258936157643521
656560,-0.22173487033162773,-1.0042155527316672
656626,-5.740689058229088,2.620329037797365
656708,0.31448913238043746,-1.4858366044000775
656850,-5.424828054568478,2.562456811655188
656873,-0.13657226086906576,-1.7148595441884358
656920,-2.3102520435384597,0.7465410332059595
657122,-1.5753343962914765,-1.4264284157060032
657343,2.6099224430304715,3.2770124941371312
657514,-4.840787984338655,-0.331653278481271
657591,0.8619581352477648,-0.022423960116555997
657629,0.08931385879883569,0.4187811442542465
657796,-0.7420148872068552,-1.49714086934984
658234,-3.708452855148781,0.0844481413856311
658528,-1.9151838264999688,-1.5078007577708499
658774,-2.428404280173905,-1.1019643896779534
659128,2.7223152201335443,-1.6830291630590999
659161,1.9289954219425525,-1.5072827982112291
659162,2.443987951231863,-1.6078636895402554
659360,1.979767842635858,5.6457433872763225
659664,1.2671225583147419,-1.4874981558133393
659744,0.6131114922570282,-2.1408462995061845
659832,0.6714210289897902,-1.8647961013701104
660110,-0.4618468776855635,0.05295183593625287
660821,-5.999151075860617,1.2353118984360651
660894,-4.804917896883076,-0.572754907550913
660903,-5.913159583139286,1.6250872591794912
660959,-5.2155805134789635,0.8620873998931933
661614,-3.535533253339021,-0.001681245026503876
661639,-1.0969877793919134,0.5512883396526005
661697,-0.16499181367127297,-1.5496819703087228
661930,-3.350190245169099,-0.12317246399773601
662010,2.1445024155665484,-0.9722337455475059
662535,-1.2766078991662273,-1.8298440471593866
662596,-0.7941813613515083,4.811143225677831
662750,-4.640515282200585,0.7857318722183939
663017,2.4481727467913643,-1.054089423278599
663376,-1.2805531451769432,-0.911274710585816
663565,1.083176068432325,-0.8775980552980258
664084,-1.3399503250228302,0.014391919379395095
664119,-2.8803008662391756,-1.2603404225493495
664401,5.222560469973406,5.779528525353107
664405,2.113069910354587,2.285948128251748
664617,-1.6524442195258353,-0.7255859207807959
664663,1.0118347169015138,-0.05753444109797675
664998,-0.9714252645860461,-1.1264510028646344
665329,0.019271379075189304,-0.539558614640469
665397,-0.11089104170181815,-1.359170327462708
665505,1.2688358749329642,0.11662849307674665
665593,1.2350614571486258,1.0089820672708683
665676,-0.9812248300238761,0.7061326932379435
665746,2.955962028442457,5.434553673222158
665887,0.5835735315177183,-2.5432068480575407
665892,2.1594253266965597,0.10673853215935349
665980,-5.446865087768117,0.2023589778180211
666049,0.12823170969349962,-0.26272552826289686
666174,2.063487443973588,2.2412016059380817
666292,8.03017415448114,8.19920739054378
666718,-0.6046669141142605,-0.3163817715729967
666942,-4.744067295902985,0.43099099983582
667299,-5.713520486706331,0.5607008610151859
667536,-1.0719479682986193,0.00622331751732287
667643,-5.9584065352221165,2.121555012440256
667718,2.4582817486895188,4.931093485020169
667916,0.8121622970006778,0.556610251438003
667929,-4.300676934596009,1.0408966714646113
667981,1.869924025514357,-1.2878441372037797
668083,-3.275922522509546,2.2568879989900426
668172,-0.28264734055997154,0.4003055042153195
668677,-0.4134199359339718,0.4515082544810356
668776,0.2537876053344153,-0.2745304412028151
669140,-2.409077981547662,-0.6231724435826207
669155,-3.852040569997524,0.945299555553708
669329,8.42284144786938,5.061996779508211
669348,0.031861277336216576,-1.5324787371275765
669356,-0.2755305663745284,-0.4088076409907077
669449,7.489395099674004,8.699944367039233
670471,0.01925396765752666,-2.1280842279701657
670626,0.7070405352398473,-0.4203997843428185
670971,-1.8303293964737635,0.35793835405149116
671066,0.14276483474944673,-0.48284532076052
671151,3.3270973407439586,3.0815644401280524
671367,3.447299440459895,-0.32120825576185313
671368,-0.2175774191906491,-0.9695440456862124
671975,0.045708842833441475,-1.4740243270739977
671999,-1.206734082112773,3.8923725275475545
672009,0.022389147088397426,-1.1972897765861532
672112,0.04031651168573863,-1.4214032893303494
672468,2.1708227894967913,-0.5557910310001716
673076,-1.7004792630512695,1.7208737320020289
673286,-2.9942240932782336,-0.32563712021672414
673874,1.0331219628881623,-0.0837488237837468
674375,-1.8876485275563581,-0.39922160962008785
675053,1.4376174829190882,-0.4454487104239287
675201,2.9430317567775988,-1.7793364528486046
675594,0.3897770688349556,1.2680235817434244
676043,-5.575957866264364,0.6557002719114302
676373,-1.2709085218379486,-0.9225281533203238
676570,2.566393945293071,2.3395962762426565
676707,-3.7173566932309154,-0.13157877996768594
676762,2.0724310729422464,-1.3512677258884789
677209,-1.012876596966059,-1.079835132214056
677842,-4.814727554696491,0.25034734028080147
677896,-0.98603554550638,-0.8876812420042655
678536,-3.280149251375421,-0.09377304915341295
678547,-2.7749985394105114,0.8417713119422344
678888,0.11647696479352,-1.1977184740560816
679040,-0.03526057319024285,-1.8517235297071397
679047,-1.0300512345028374,0.6383390335602489
679066,1.4007592523318704,-1.0829210208503486
679442,-0.7771783477629101,-0.8883810479109665
679611,0.9224268253604736,-0.7096224041965197
679831,1.116322188209995,4.149961735335137
680424,0.2921708570148846,-1.9143241209454198
680735,0.4659991069068823,-1.4264791552257094
681050,-0.6467175312091955,-1.4794315718273974
681581,2.2397620576477224,-1.0665261586816077
681720,-0.02567250224496007,-0.22422390210083545
682005,-3.12884336488916,-0.150398462821733
682247,2.681971134096488,0.918590148085893
683014,-0.013454906486173313,-1.0731038990188724
683663,-3.7011902898152584,-1.0376254663315165
683976,-3.216189024517388,1.79599291925985
683978,1.2741287078879542,-1.278017208308613
684510,-1.9385964688095587,-0.49212573494166917
684521,-1.5281110338762822,-0.3810528466144785
684543,-0.6639879862643672,-1.2710049945126034
684764,-1.5320173309022926,-0.17897939019376333
684806,1.1959120231732963,-1.1945098324017374
685594,-0.6768595499136241,-1.1102212045626154
685604,0.7262879074576122,-0.7249911017453657
685958,-5.760683905355376,1.8838501971903354
686165,2.343781121385187,-1.362074516207976
686408,1.8342618690804082,-0.6190193726891134
686445,-2.799656962181412,-0.6292375538470155
686509,1.0262189222318518,5.6893878752648055
686915,-5.672994700389255,1.2001347956594426
686920,0.7291783460735309,-1.3517585419456901
688312,-5.551110160130898,2.2149749813925665
688600,1.2639310306094322,0.7361857398534483
689037,0.21917951942283123,0.38167985109145225
689374,-0.5985831661764464,-1.8892441374059432
689456,-3.474063739139524,0.8274715274329947
689624,1.2373251668890164,0.722214912482363
689984,-0.7369894390922876,0.22112861110056048
690420,4.3102894047451095,2.34927753196497
690422,1.00914857021689,-0.6433741900006882
691334,1.1504756512910097,-1.8445997506927667
691541,3.397540697045852,7.390490268080827
691546,2.273486244290935,-2.355304796213905
692211,-1.0560523890353402,5.927215116555574
692510,0.3582688295429659,-1.9049961719463133
693301,-1.2134276891035944,-0.7893897021962359
693729,-0.43865774885868397,-0.2723773940883757
693765,1.7930199307118984,-2.380303356040562
694265,-1.564064358626046,5.476932858200929
695011,-1.4230310187019515,-0.7169198790377931
695094,-0.7958966418801912,-1.1879723935847584
695132,-0.16480841146421565,-0.9947856254657531
695307,-0.3067587763705239,-1.0015152481420744
695557,1.7785296979640781,1.1266599941496804
696475,0.8270548761477756,-1.3011853267647735
697072,4.3871758574604,3.9503985227253517
698291,0.5465791239539541,-0.4715362115581053
698573,1.6549246107196764,0.5472600128070814
699040,-4.299605486822176,0.9301401038319699
699411,3.0170909818921894,3.1234791507355775
700028,-1.6907632793198688,0.5057993391418156
700237,3.4113103517844285,3.4335180425569325
700289,-3.4232921055310594,0.7713064414981746
700666,-3.5740015496831936,-0.303058587783248
701565,0.9884995388520254,-1.4247655250148306
702595,0.7906099712633876,-1.2332110973800217
702877,-0.008451171810679892,0.4126511318454581
703333,-0.44538329739839394,-0.5917873995689501
704652,1.0364569604991045,-1.190348913585599
704870,2.589625148547574,-0.7427519117808624
705215,0.050208268230163965,-0.8792239725689974
705310,-0.2504301033785753,-1.638067973732981
705984,-5.8563277399371705,1.991100776946239
707260,0.5923079114638549,-1.4689332644097852
707402,-5.7757584332556755,1.204021425661095
707525,3.6164020526998115,1.3873803279766268
708887,-3.6781240997525,0.14941995529986005
709630,-0.5490342010909682,3.116429594849324
710489,-0.19759959823793888,-0.19080105592378227
710523,-6.044879839865373,1.897078363733994
711391,1.4308941563725872,-2.3057321367807546
713557,0.3605750631002544,-1.9415203034221062
714166,-0.4972754573674098,-0.9858644642638934
714420,0.8773613121738234,-0.5866033183447638
714504,-0.0024647396290544137,-1.1866265316288254
714565,2.9073335967747,-1.7439131076048404
715059,0.40597235247745667,-1.1320480779099946
716337,-1.2655619522361445,-0.6127326877404112
716801,1.907149945107785,3.437192819429361
717149,-2.343775022821686,0.1702519772328884
717546,-0.7412559755698788,-0.9260872539399089
720819,-0.30486717586483364,-0.29272703609089273
720860,1.5963678639475634,-1.0375545676060483
721496,-0.1656173101309827,-1.0283930658746587
721552,-1.6143951287426017,1.3893385646894107
721570,0.48267199371580743,4.798314229244458
722828,-1.3255022452405516,-0.61019198138834
722939,-1.0100706997725033,-1.4582136204318346
724581,0.8930764487315656,-1.1465761504967265
725357,-4.790267271826091,0.6550474947422261
726953,1.2376173399645582,-1.1178382578525035
727886,11.421007133664595,8.767741958176419
728820,0.7088086530898552,5.366153537443244
730639,-2.360244244075044,-0.4731891320242399
732729,1.570820341298298,-1.0366012216430147
733654,4.317503410858236,6.39195912659955
734565,0.1830139089301069,-1.6805940472040843
735029,0.762720577525992,-0.32265635613630445
736075,2.2340143424960135,3.66778175953534
736833,-3.6337208098928495,0.007300766861135473
739139,-5.687054882939529,2.5855404684653895
739518,1.029200858427129,-0.7760090812046571
739734,-3.110561716273784,-1.4610319203127542
741190,-6.09550150271416,1.909605401437927
741773,-2.025006958422616,-1.2986958420291712
741902,-0.8788863419579301,-1.8291160233404489
742639,-0.549498688442755,-1.1066800665742706
743151,-5.5557524788239165,2.2504383185028978
745292,-0.45269839869742623,-1.1179453782524202
746934,-5.454640472531282,1.2399307403983415
748759,-5.35115808501233,1.9566039440797305
750982,1.2050103914868335,-0.9644940213724513
751545,-0.040961023750098975,-1.5722539905890471
752933,-0.9464870094003465,2.263691340258049
756030,0.5449466380303762,0.31271641001324313
756434,-1.7375558398949609,-1.0752255380980091
757930,0.8623036608884458,-0.982711581975712
760304,-0.21473221232404258,1.040115831274481
760793,0.9542090028203074,-0.7352563236907322
763129,0.9042494480208321,4.3904446605355645
763792,-2.83569062304176,-0.4746343141541065
765745,-3.030411541996636,-0.4810302530768537
767426,-1.4823684835833246,-0.6878169344524846
768291,1.4623455793028663,2.146879346737501
770252,-0.8849114106382908,6.825035291366377
774666,-0.38748006356359327,-1.2522533600244634
777366,-0.8655399465029765,-1.1052042456330449
777846,0.7963856711478415,-0.6015146362343942
780167,-1.5912368297653912,-0.8936383272039046
785107,0.859255405495307,-1.0983652727658817
785186,0.012219904029789704,-0.8759109627429864
792549,-0.13491624120102017,-1.485500761756463
796032,2.5619032506530877,1.9239006500609999
801660,0.9491813109741767,-1.490099678322038
811077,0.04733608097156644,-0.7912479651973424
844489,-5.603089803011076,1.7417716627452668
